3400	4E18	14
3400	5775	8
3402	559C	2
3404	4E95	4
3404	725B	4
3405	4E94	14
340C	8272	4
3416	4E71	4
341C	4EC7	4
3421	61E6	14
3427	7B2C	12
3428	4E88	4
3428	6292	4
3429	4E95	4
342A	4EA5	12
342A	5B9B	4
342B	51F6	14
342D	5EE9	14
342F	5EB8	12
3430	4FE1	14
3430	500B	8
3431	5C12	8
3431	5C13	12
3431	723E	12
3432	4F0F	6
3433	5140	14
3434	6500	14
3436	5315	4
3436	5316	12
3438	6B20	14
3438	7F3A	8
3439	4EE1	14
343A	4E51	14
343A	8846	8
343C	62EF	4
3441	62D9	4
3442	4EFF	12
3443	62D7	4
3444	4FAE	14
3445	4F5C	14
3446	6033	4
3449	5919	4
344A	4EA6	4
344B	4F37	4
344C	5C29	14
344C	5C2B	8
344D	8012	4
344E	5F91	4
3452	50C9	14
3453	4FCA	14
3457	8EAB	4
3458	4EF7	14
345A	90A3	14
345B	609A	4
345C	6298	4
345E	5AB5	4
345F	5175	4
3464	82D7	4
3466	623B	4
3466	623E	4
3467	60B8	12
3468	4FE3	2
346E	60F2	4
346F	9802	4
3471	63C9	4
3474	4FB5	14
3475	5AC9	14
3476	613E	6
3477	614B	14
3478	501A	4
3479	4F1A	14
3479	6703	14
347B	6A12	4
347C	7565	4
347E	509C	14
347F	5DE2	4
3480	6458	4
3482	8457	4
3483	5F10	6
3483	8CB3	14
3484	649A	4
3486	7FD5	14
3487	61AE	14
3488	6A44	4
3489	60DD	14
348A	6F80	4
348B	53AE	14
348B	5EDD	10
348C	3DC0	10
348C	7162	14
348D	50AA	4
348E	50D1	4
3491	532F	4
3492	50D5	2
3493	9054	4
3495	64C1	4
3496	85D5	14
349A	7A4F	4
349A	7A69	4
349B	64E2	4
349C	8207	4
349D	5E6D	4
349E	4FCA	2
349E	5101	14
349F	88CA	4
34A0	7023	4
34A1	7E47	4
34A4	6174	4
34A4	61FE	4
34A5	7043	4
34A6	5121	4
34A7	5137	14
34A8	4ED9	12
34A8	50CA	8
34A8	50F2	8
34A9	68B4	4
34A9	88F8	4
34AA	932B	14
34AB	65E1	12
34AD	6606	14
34AF	66C4	8
34AF	71C1	14
34B0	5168	14
34B2	8CA1	14
34B3	4E21	14
34B3	5169	14
34B4	4EDA	4
34B5	7683	2
34B5	8C8C	2
34B6	516C	14
34B8	6B73	4
34B8	9042	4
34B9	985A	14
34B9	985B	8
34BA	7F54	12
34BB	5192	4
34BD	7B9E	4
34BE	8479	4
34BF	7C6C	4
34C2	5BC7	14
34C3	8A6B	4
34C4	6BFF	4
34C5	6C40	4
34C9	6D3B	4
34CA	6D1E	4
34CB	6D2A	4
34CC	6D24	4
34CE	6D78	4
34CF	6D1E	4
34D0	6DD5	4
34D1	6DAC	4
34D4	8B1D	4
34D5	6EC5	14
34D7	6F54	14
34D8	738A	4
34D9	51F6	14
34DA	529F	4
34DB	5207	2
34DB	529F	2
34DC	5E7C	14
34DD	5211	14
34DE	5951	4
34DF	76AF	4
34E0	73B7	4
34E1	5F23	4
34E2	522E	4
34E3	5272	14
34E4	52BC	4
34E7	542B	4
34E8	523A	14
34E9	89D4	4
34EA	6717	4
34EC	5233	4
34ED	97A8	14
34EE	5F6B	10
34EE	96D5	12
34EE	9D70	4
34EF	527F	4
34F1	516A	4
34F2	6241	4
34F3	5319	4
34F4	800E	4
34F5	9354	4
34F6	9365	12
34F7	5293	14
34F8	65B2	8
34F8	65B5	8
34F8	20807	12
34F9	92ED	4
34FA	5287	4
34FB	525B	14
34FC	5239	14
34FD	5D07	4
34FE	7280	4
3500	5F71	4
3501	9127	4
3502	7CBC	4
3503	7D76	6
3504	527D	4
3505	8085	4
3506	6701	4
350A	4EB6	4
350B	76E3	4
350C	9139	4
350D	7B97	4
350E	6AF1	4
350F	78CA	4
3511	5239	4
3515	52B1	4
3517	5F17	4
3518	9EDC	12
3519	524F	4
351C	52C3	12
351D	5169	4
351E	4E56	4
351E	5269	4
351F	52E2	2
3520	6B47	4
3521	6BD8	4
3523	757E	4
3524	5BE9	4
3525	75B2	6
3526	990A	4
3528	80CC	4
3529	76CD	4
352A	9E75	4
352B	5C22	4
352B	5C6E	8
352B	5DE6	10
352C	5353	14
352D	5319	14
352E	80FD	4
352E	96E3	4
3530	6046	12
3530	6052	12
3531	5EBE	6
3533	7C0B	14
3534	7570	4
3535	5DFD	4
3536	8D1B	4
3537	964B	4
3539	4EC2	4
353A	4E16	14
353A	4E17	8
353B	4E15	14
353D	5363	14
353E	5369	14
353F	594F	6
3541	5374	14
3541	537B	14
3542	541F	14
3542	5D1F	8
3542	8A21	8
3544	7825	2
3545	5323	4
3545	5398	4
3546	5C45	4
3547	4F4D	4
3547	5727	4
3548	6246	4
354B	75CA	4
354B	91D1	4
354C	539A	4
354D	5806	6
354D	96C1	6
354E	76CD	4
3550	51A9	4
3551	53A8	14
3551	5EDA	14
3552	5100	4
3553	5EDB	12
3553	913D	8
3555	5E7B	14
3556	7D20	14
3557	5500	8
3557	7F90	8
3557	7F91	8
3557	8A98	12
3559	76B4	4
355A	6414	8
355A	722A	12
355A	86A4	8
355B	53CB	12
355B	723B	12
355B	72AE	8
355C	53F2	14
355D	4E8B	2
355F	559F	4
3560	53CC	6
3560	96D9	14
3561	58D1	14
3562	53E1	4
3564	53F4	14
3565	53FA	4
3566	65F2	4
3568	53ED	4
3568	5E06	4
3569	54A9	4
356A	7708	4
356B	4EFF	4
356B	65B9	4
356C	8A1F	6
356D	54AC	4
356F	5436	14
3570	561B	4
3571	5420	4
3572	548A	4
3573	5455	4
3574	6C89	4
3575	65FA	4
3576	4F0D	4
3578	782C	4
3579	4F10	8
357A	56C2	4
357C	80F8	4
357D	4EE5	4
357D	5490	4
3580	5F8B	4
3581	541D	14
3581	608B	8
3582	8A4D	8
3583	543C	4
3583	8A6C	4
3584	6D32	4
3586	66F2	4
3587	54A1	14
358F	634F	4
3590	54A2	4
3591	6B38	6
3592	557C	8
3592	6E27	8
3593	5CF0	4
3594	5451	4
3594	5514	4
3595	5550	4
3596	8F9B	4
3597	5D1F	14
3598	5507	14
359F	6388	4
35A1	814B	4
35A2	5E87	4
35A4	6DB5	4
35A5	54BD	4
35A7	543B	4
35A9	55FE	4
35AA	57DF	4
35AB	5506	4
35B6	54BD	12
35B7	557C	4
35B8	5671	14
35B9	5674	4
35BA	6699	4
35BB	63C9	4
35BC	8B00	14
35BC	8B28	8
35BE	54A2	14
35BF	6930	4
35C0	5466	4
35C1	816D	8
35C1	9F76	14
35C2	7701	4
35C3	543B	14
35C4	8B3E	14
35C6	55DD	12
35C6	7684	4
35C7	6687	4
35C9	7D5C	4
35CA	96F7	4
35CB	5589	14
35CC	815F	4
35CD	697F	4
35D0	55D1	14
35D3	69CC	4
35D4	8654	4
35D5	9D1D	4
35D6	5556	8
35D6	5557	12
35D6	5649	8
35D8	818A	4
35D9	8B05	4
35DB	5173	8
35DB	7B11	14
35DC	55C5	10
35DC	9F45	14
35DE	7834	4
35E2	615F	4
35E3	568F	8
35E3	5694	14
35E4	8E59	4
35E6	804A	4
35E7	81A3	4
35EA	7D2B	4
35EB	385C	4
35EC	7239	4
35ED	87CB	4
35F1	20371	4
35F3	5854	14
35FD	97FF	6
35FE	9774	4
35FF	35F4	4
3605	929C	2
3607	5DB8	4
3608	7919	4
3609	7BC0	4
360B	7925	6
360C	5671	4
360D	622A	4
3610	792E	4
3611	96B7	4
3613	8B95	4
3615	558A	4
3615	5A6A	4
3616	9854	4
361B	5D4C	6
361C	8B8E	4
361C	8B90	4
361D	56DA	12
3620	5FC5	4
3621	67D9	14
3622	5149	4
3623	5186	4
3623	5713	4
3624	6DF5	4
3625	56EE	6
3626	529F	4
3627	5E8F	14
362A	8017	14
362B	7A7D	4
362C	4ECF	14
362C	4F5B	14
362C	5747	2
362D	5773	14
3630	659F	14
3630	9159	8
3631	574D	14
3632	5C3B	4
3633	4E18	14
3633	5775	4
3634	5750	14
3636	6840	14
3637	827E	14
3638	5750	14
3639	5832	6
363F	6D85	4
3640	7A76	4
3641	7267	4
3642	514C	4
3643	68B9	4
3644	965B	14
3645	4FDD	14
3647	7422	4
3648	7425	4
3649	500E	8
3649	8146	14
364E	6972	4
364F	4F0F	8
3650	579C	4
3651	3762	8
3651	5B87	14
3652	57DC	8
3652	91CE	14
3652	2131B	8
3653	582F	4
3654	97D3	6
3655	584A	14
3655	96A4	8
3659	5870	4
3659	5C28	4
365A	6893	4
365B	640F	4
365E	81EC	4
3661	6A05	4
3663	6F32	4
3664	7F45	14
3665	6EFE	4
3667	74A2	4
3668	757F	14
3669	64A9	4
366A	564E	4
366B	6F57	4
366C	57A0	14
366F	57F6	14
366F	84FA	8
3670	87F9	4
3671	865F	4
3672	58C5	14
3673	64BC	4
3674	64D4	4
3675	53F0	6
3675	81FA	14
3676	5802	14
3677	6FD5	4
3679	5922	4
367A	9035	4
367A	9997	4
367B	5EDB	14
367B	913D	8
367C	5841	14
367C	58D8	14
367E	57C6	4
367E	786E	6
367E	7910	2
3680	8667	4
3681	7FF9	4
3683	58F9	4
3685	9686	4
3686	590D	12
3688	5347	14
3688	821B	2
3689	5B34	4
368B	595D	4
368B	596A	8
368C	5925	14
3690	5957	14
3692	593E	4
3693	5948	4
3694	5E78	12
3695	5F3C	4
3697	67FB	4
3698	4F34	4
3698	6276	4
369A	540D	4
369C	57DF	4
369D	594E	6
369E	68EE	4
36A0	7AAF	4
36A1	5947	4
36A2	4ED8	8
36A2	4FAE	8
36A2	5974	14
36A2	9644	8
36A3	59E3	14
36A4	597C	4
36A5	5978	4
36A6	59EB	14
36A7	5975	4
36A9	59D0	4
36AA	597C	4
36AA	7AD3	4
36AB	4F0B	4
36AD	80AC	4
36AE	5197	4
36B0	80DA	6
36B1	5775	4
36B2	59D1	4
36B3	5496	4
36B4	59C9	4
36B5	67CA	4
36B6	59D2	14
36B7	5B2D	14
36B8	54A2	8
36B9	67F3	4
36BA	5B55	14
36BB	599F	4
36BE	5A27	4
36BF	5305	10
36BF	5E96	4
36C1	6026	6
36C2	59E4	4
36C3	5951	4
36C3	5A36	4
36C4	4F9D	4
36C5	54A1	4
36C6	579C	4
36CD	611C	4
36CE	68A0	4
36D0	5AC2	14
36D1	7CB2	4
36D2	59EE	4
36D3	550F	4
36D4	70FD	4
36D5	59F6	4
36D7	77EC	4
36D8	54F1	4
36D9	59BE	4
36DA	57C7	4
36DB	5A20	14
36DC	60A0	4
36DD	5504	4
36DD	5A9C	4
36DE	6335	4
36E5	8E0F	4
36E7	59AC	4
36E7	5CA9	4
36E8	5A84	4
36E8	8723	4
36EA	5535	4
36EC	6DD5	4
36EE	5AC2	14
36EF	5A29	4
36F0	5A5A	14
36F1	7168	4
36F3	557B	4
36F4	60A9	4
36F4	60F1	4
36F5	7A31	4
36F7	5D46	4
36F8	5B09	4
36F9	5AC4	4
36F9	6969	4
36FB	5A03	4
36FC	63D2	4
36FD	59CD	14
36FD	8A15	8
3702	728E	4
3703	4FE1	4
3704	98AF	4
3705	6410	4
3706	5A17	4
3706	8FF7	4
3707	5B08	4
3707	605A	8
3708	5A7A	4
3709	21706	4
370A	78BE	4
370B	55CC	4
370C	6BBC	4
370D	5858	4
370F	48B5	6
370F	9116	6
3710	78D1	4
3711	5A46	14
3712	5A62	4
3712	8201	4
3713	5854	4
3713	59F6	4
3716	5608	4
3717	588B	4
3718	6A1D	4
3719	645D	4
371B	5AE9	6
371B	5AF0	4
371C	50B2	12
3721	6A05	4
3723	71C3	4
3724	5AD6	4
3724	78F9	4
3725	5AA2	4
3725	8CB7	4
3727	21706	12
372A	65B0	4
372B	5A84	14
372B	5ABA	8
372E	6ABB	4
372F	5A2D	6
372F	5B09	2
3730	792B	4
3732	5B34	6
3733	5B43	4
3735	5ACB	12
3737	5F4C	4
3738	5B7C	12
3738	5B7D	8
3739	5B25	4
373B	5B4C	14
373C	59EA	14
373D	5B50	14
373E	54B3	2
373E	5B69	14
3740	597D	14
3743	5A29	6
3744	7D14	14
3744	7DC7	8
3745	6996	4
3747	9D89	14
3748	5B32	8
3748	5B7F	14
374A	57A8	8
374A	5B88	14
374B	5B81	4
374C	759A	4
374D	5199	14
374D	51A9	8
374D	5BEB	14
374E	5B9A	14
374F	4ECB	4
3750	5BB9	14
3751	65C1	14
3752	5C45	14
3753	51F9	4
3755	5BE7	14
3756	519D	8
3756	5B9C	14
3757	83A8	4
3758	8A14	4
3759	5BC5	14
375A	839A	4
375B	5BBF	14
375C	6614	4
375D	83FB	4
375E	4E9E	4
375E	5BA6	4
375F	5192	4
3760	51A5	14
3761	6700	2
3762	5B87	2
3763	845C	4
3764	5193	4
3765	5BD0	4
3767	7A4F	14
3767	7A69	14
3769	84CE	4
376D	60FA	4
376E	7ABE	4
376F	854E	4
3771	5922	14
3771	68A6	8
3772	5BDD	14
3772	5BE2	14
3774	5213	14
3776	5F97	14
377A	6B49	4
377B	50C5	4
377C	8FC2	4
377E	5C28	4
377E	5DE6	4
377F	8DDB	14
3780	7070	4
3780	8C57	4
3781	9000	4
3782	59A5	4
3782	9036	4
3783	8C39	4
3784	5C30	4
3784	63A9	4
3785	679C	4
3787	754F	4
3787	9000	4
3788	904D	4
3789	6413	4
3789	9997	4
378B	53CD	4
378C	5B55	14
378D	5C3B	2
3790	5C45	6
3791	5C3E	14
3792	5C53	12
3793	65E8	4
3795	5C51	14
3796	673F	4
3796	21C56	4
3797	5C4E	4
3798	3E60	8
3798	8C5A	14
3799	5C3F	14
379A	5C4A	4
379A	81FF	4
379B	5C65	4
379C	5C68	4
379C	9774	8
379C	97BE	8
379F	588A	4
379F	5960	4
37A1	5C55	14
37A2	4E4B	14
37A3	82AC	12
37A4	5C91	4
37A5	5C16	4
37A6	5C7C	4
37A7	4F1A	6
37A7	6703	14
37A9	5D50	14
37AB	8D70	14
37AD	4EDA	4
37AE	51FA	14
37AF	5C7A	14
37B1	65F9	4
37B2	5CAC	4
37B2	5FE1	4
37B3	21DA1	4
37B4	5CB7	4
37B6	5CB7	14
37B6	6C76	8
37B7	5448	4
37B7	5CA6	4
37B9	5CA2	14
37BA	65CF	14
37BB	53F7	4
37BC	4E1E	14
37BD	5CB7	4
37BD	6209	4
37BE	5C3C	4
37BF	5C90	14
37C0	5CB3	4
37C0	76C9	4
37C1	5CB8	2
37C3	53F8	14
37C4	54A9	4
37C4	21DA1	4
37C5	5147	4
37C7	632B	4
37C7	21DA1	4
37C8	5D0D	4
37C8	7403	4
37C9	7A82	4
37CA	5D22	4
37CA	6874	4
37CC	5C28	4
37CD	57CC	4
37CE	633C	4
37CF	8C3D	12
37D1	54F1	4
37D3	550F	4
37D3	5D24	4
37D4	8C3D	4
37D8	5541	4
37DA	5C90	14
37DB	7B9D	4
37DC	5F25	4
37DD	57F9	14
37DE	788A	4
37DF	5DF7	14
37E0	5CA1	14
37E1	7B9E	4
37E2	5D0E	2
37E6	6688	4
37E9	5CB7	14
37E9	6C76	8
37EA	5582	4
37EB	6CC9	14
37EB	6D24	8
37EB	6E76	8
37EC	53DF	4
37ED	5CB7	14
37ED	6C76	8
37F0	5E4E	4
37F1	7CD5	4
37F2	5AC4	4
37F3	35DA	4
37F4	5D6C	2
37F5	5CA1	14
37F6	539F	4
37F9	5D97	12
37FA	5D81	14
37FB	5879	14
37FB	58CD	8
37FE	5889	4
3800	5CF6	2
3802	55F7	4
3805	5FA9	4
3806	563D	4
3807	5C31	4
3808	77A4	4
3809	5E62	4
380A	5D87	4
380C	5D4C	4
380D	96C6	4
380E	6F57	4
380F	5629	4
3810	5DA0	14
3811	7F6A	4
3811	96B9	8
3812	37FD	4
3814	859C	4
3815	5D6C	12
3816	49E7	12
3816	5DAC	14
3817	5965	10
3817	5967	10
3817	5DB4	14
3818	5DBC	14
3819	5D24	14
381A	5C0D	4
381D	5DD1	14
3821	5DAC	4
3822	5D6C	4
3825	58D8	4
3826	79AE	4
3827	9761	4
3828	6B1D	4
3829	8292	12
3829	8352	12
382A	4E94	4
382A	5DE8	10
382A	6998	8
382A	77E9	8
382D	5C55	6
382E	809B	4
382F	5DF2	2
3831	675E	4
3831	7B95	4
3832	53F1	4
3835	82BE	4
3836	5E06	2
3837	5E14	4
3837	6781	4
3838	8932	4
3839	5424	4
383B	5E0C	14
383C	5FFB	4
383D	67CA	4
383E	5E11	4
383F	5470	4
3842	88C2	8
3843	68B3	4
3844	6042	6
3846	68B3	4
3847	8F12	4
3848	6097	4
3849	5F26	4
384B	5D26	4
384C	5E3D	7
384F	7E7B	4
3850	63C3	4
3851	63EB	4
3852	696F	4
3853	890C	14
3854	5A7A	4
3855	592E	14
3856	5E62	4
3858	7E11	4
385A	69CB	4
385B	614C	4
385E	5D81	4
385F	5608	4
3860	5E40	14
3862	5E54	14
3863	7ADC	10
3863	9F8D	14
3865	96B1	4
3866	6AB3	4
3867	5E40	4
3868	61FA	4
3869	5DD2	4
386B	6705	4
386C	5E7E	14
386D	7D99	14
386D	7E7C	14
386E	5E7E	4
386F	5B85	14
3870	5B87	14
3871	7078	4
3872	620C	4
3872	8302	4
3873	5E95	14
3874	5E84	4
3874	7ACB	4
3875	4EE4	4
3876	53EA	4
3877	5E8A	4
3879	75BD	4
387A	75B8	4
387B	5ED6	4
387C	5EBE	4
387C	66F3	4
387D	5EAB	4
387D	807F	4
387E	75D5	4
387F	65A4	8
387F	65A5	14
387F	8204	8
3880	5E8A	4
3882	5E97	4
3883	75D5	4
3884	75D8	4
3885	5F04	4
3885	630A	4
3886	5EDB	14
3886	913D	8
3888	5806	4
3888	200A4	4
3889	53A4	4
388A	501A	4
388D	5EB9	4
388D	82F1	4
388E	5EBE	4
388E	81FF	4
388F	5EBE	4
388F	903E	4
3891	5806	4
3891	200A4	4
3892	5EEC	4
3893	969C	6
3895	5EF1	14
3895	96CD	6
3896	5BE9	4
3897	50D1	4
3899	50C5	8
389A	5EEC	4
389A	865C	4
389B	5109	4
389D	8607	4
389E	5ED9	4
389E	7FFC	4
389F	5EF6	4
38A1	5968	14
38A1	596C	14
38A1	734E	8
38A2	5F0A	14
38A3	64CE	12
38A5	54B8	4
38A7	5377	14
38A7	5DFB	14
38A7	7CFA	8
38A7	7CFE	8
38A9	7684	4
38AC	5F18	4
38AE	5F1B	14
38AF	5F34	4
38B0	9642	4
38B2	5DFD	14
38B3	65C5	4
38B4	897F	14
38B5	5F3D	6
38B6	5F3C	14
38B8	5F3C	14
38BA	5F26	4
38BD	990C	14
38C0	78CC	4
38C1	5099	4
38C2	9694	4
38C3	7CA5	2
38C3	9B3B	14
38C4	78F2	4
38C6	5F25	14
38C6	5F4C	6
38C7	5E0C	4
38C8	8086	4
38C9	5DE5	14
38CB	4E39	14
38CC	4E69	4
38CD	53F0	4
38CD	81FA	4
38CE	768B	4
38CF	9759	6
38CF	975C	14
38D0	5909	6
38D0	8B8A	14
38D1	5BB9	6
38D2	66FE	4
38D3	7CB2	4
38D4	4EC3	12
38D4	914A	12
38D9	5B99	4
38DA	4F97	4
38DB	4F1A	4
38DB	6703	4
38DF	4F76	4
38E0	4F5F	14
38E2	4FE4	4
38E3	4FE0	4
38E4	8DF5	4
38E4	8E10	4
38E5	5F85	4
38E6	9036	14
38EB	52D5	4
38EC	696B	4
38ED	6936	4
38F0	6089	4
38F1	50B5	4
38F2	5FAE	14
38F5	9054	4
38F6	5103	4
38FA	5FC3	2
38FB	5FDE	4
38FC	5FCD	12
38FD	6012	12
38FD	6055	12
38FE	6260	4
3900	5FD8	14
3901	5FDD	14
3901	6C97	8
3901	6DFB	8
3902	6025	14
3903	59A8	6
3905	611B	14
3906	4EEE	4
3907	61CA	14
3909	6792	4
390B	7D1B	12
390C	7518	4
390D	5DE7	4
390E	6055	4
390F	4F5F	4
390F	606A	4
3910	6017	14
3911	4F51	4
3911	6019	4
3912	5FF0	4
3913	4F53	4
3913	6035	4
3914	6024	6
3915	62D9	4
3916	8A5D	12
3917	6CF0	2
3919	6069	14
391B	6041	14
391E	4F98	4
391F	6050	14
3920	70C8	4
3921	4F8B	4
3922	4F91	4
3923	604B	4
3924	4FBF	4
3924	6D29	4
3925	4F85	4
3926	4F7F	4
3927	57A2	4
3928	4F9B	4
3929	606A	14
3929	6119	8
392A	6028	14
392C	605A	14
392E	72C2	4
392E	745F	4
392F	606B	4
392F	70F1	4
3930	600D	14
3931	68AA	4
3932	6089	4
3933	606C	4
3933	686E	4
3935	6148	14
3937	6070	4
3937	6D5B	4
3938	7103	4
3939	6551	4
393A	614C	12
393B	5375	4
393B	6028	4
393E	63A2	4
393F	4FFA	4
3940	5FB3	4
3940	5FB7	4
3941	5FB3	14
3941	5FB7	2
3941	60B3	14
3942	5F97	4
3943	60B6	14
3945	6388	4
3946	68E3	4
3947	68E7	4
3948	60F5	12
3949	500D	4
394B	60A0	4
394C	63AC	4
394E	60E3	4
394F	500E	4
3950	6028	12
3951	6182	4
3952	731C	4
3953	501A	4
3955	6190	14
3956	8061	4
395B	6975	4
395C	6E2D	4
395D	5F2D	4
395E	968A	4
395F	63BE	4
3961	6029	4
3962	7336	4
3963	6075	4
3963	60E0	4
3964	77DC	14
3965	5076	4
3966	611C	14
3967	9806	14
3968	20E64	4
3969	5056	4
396C	508D	4
3971	60B1	12
3972	613C	14
3972	614E	14
3973	613F	6
3974	892B	4
3975	6141	12
3976	585E	12
3976	5BE8	8
3978	610D	8
3978	9594	12
3979	5FFF	4
3979	7C89	4
397A	69BC	4
397C	5AE3	4
397D	8CAC	4
397E	66B1	4
397F	50B2	8
397F	6160	14
3980	71A2	4
3981	9023	4
3982	5E38	14
3983	6EFB	4
3984	9EBD	4
3986	6EF9	4
3987	645D	4
3989	61FF	14
398A	71C1	4
398C	6BF3	4
398D	4FC9	8
398D	6115	14
398E	756B	4
398F	50CE	4
3990	6A32	4
3991	61A8	6
3992	8A48	4
3993	71C3	4
3994	61D5	14
3995	9686	4
3996	61E3	14
3997	895F	4
399A	8FA8	4
399B	791C	4
399C	9A5A	4
399D	61C7	4
399D	8C8C	4
399E	71FE	4
399F	61C7	4
399F	8C8D	4
39A1	697D	6
39A1	6A02	14
39A2	3E05	4
39A3	885E	4
39A4	61FF	14
39A7	60E8	4
39A7	6158	4
39A8	5B3E	14
39A8	61F6	8
39A9	396F	6
39AA	71EE	4
39AC	651E	4
39AD	601C	14
39AE	6214	12
39AE	92AD	12
39AE	9322	8
39AF	6216	14
39B0	2298F	4
39B1	6B66	4
39B2	54C9	14
39B5	683D	4
39B7	52C7	14
39B7	52C8	8
39B8	621F	14
39B9	661C	4
39BA	8FB1	4
39BB	8972	14
39BC	8202	4
39BF	6238	4
39C0	6246	4
39C1	95D4	4
39C2	5C4A	4
39C3	53CE	4
39C3	6536	4
39C4	6263	4
39C5	34DB	4
39C6	6263	4
39C6	67FF	4
39C7	62C5	4
39C8	5F15	14
39C9	6C7D	4
39CA	67FF	4
39CB	72B6	4
39CC	6BDB	14
39CD	4EFF	12
39CE	6792	4
39D3	6293	4
39D4	627E	4
39D5	67F3	4
39D6	627C	14
39D6	9628	4
39D7	6279	4
39D8	8A3E	4
39DE	629C	14
39DE	62D4	14
39E1	6838	4
39E2	56E0	8
39E2	70DF	4
39E3	682A	4
39E4	5145	4
39E5	6D17	4
39E6	63AC	4
39E7	68B3	14
39E8	57A2	4
39E9	73EE	4
39EA	579D	4
39EC	5DE9	8
39EC	6310	4
39ED	6310	4
39EE	62CD	4
39EF	62F7	4
39EF	6833	4
39F2	5B8B	4
39F2	62B9	4
39F3	626E	4
39F3	62CF	4
39F6	88D1	4
39F7	5451	4
39F7	62EC	4
39F9	68CF	4
39FA	6C93	4
39FC	4FF5	6
39FE	63D4	4
39FF	5F9E	4
3A00	62A6	14
3A00	67C4	10
3A00	68C5	8
3A00	79C9	8
3A01	690D	4
3A02	63C0	1
3A02	68DF	4
3A04	6311	4
3A06	7433	4
3A07	63AC	6
3A0A	6955	4
3A0B	696E	4
3A0D	728E	4
3A0F	70AD	4
3A10	8913	4
3A13	643E	4
3A14	64BC	14
3A15	6979	4
3A16	7DFB	4
3A17	6377	14
3A19	5FAF	4
3A1A	8340	4
3A1C	64DA	4
3A1C	8654	4
3A1F	69BF	4
3A20	69A0	4
3A21	6EB7	4
3A23	64C1	14
3A24	6ED9	4
3A25	7D0D	4
3A26	3A73	12
3A27	64AD	4
3A27	755A	4
3A28	62BD	12
3A2A	6529	8
3A2A	69A5	4
3A2D	69F4	4
3A2E	515C	6
3A2F	62E1	14
3A2F	64F4	14
3A30	6EFE	4
3A31	63FA	14
3A31	6416	14
3A34	5EFA	14
3A35	3B8D	8
3A35	63C3	14
3A35	6816	8
3A35	68E7	8
3A35	68F2	8
3A35	724B	8
3A36	6417	14
3A36	64E3	14
3A37	8271	4
3A38	6A12	4
3A3A	636B	4
3A3B	6483	4
3A3C	63A0	14
3A3C	9EE5	8
3A3D	526F	12
3A3E	6A23	4
3A3F	62E0	6
3A3F	64DA	14
3A40	62E0	14
3A40	64DA	14
3A43	6434	12
3A45	62BD	12
3A46	50E6	4
3A47	756B	4
3A48	6343	6
3A49	62C9	12
3A49	6428	8
3A4B	6F5A	4
3A4C	6505	4
3A4C	8CBB	4
3A4D	7B56	4
3A52	64D2	12
3A52	9210	8
3A53	64CA	4
3A54	6FB1	4
3A56	6A7F	4
3A57	643A	14
3A57	64D5	8
3A57	651C	14
3A59	585E	4
3A5A	6AAC	4
3A5B	6476	14
3A5C	64E5	14
3A5C	652C	12
3A5D	58D5	4
3A61	62D3	4
3A61	78CA	4
3A62	896A	4
3A63	63EE	14
3A64	6577	4
3A66	643A	14
3A66	64D5	8
3A66	651C	14
3A67	6251	4
3A67	64B2	4
3A68	6167	4
3A69	64F7	4
3A69	6F41	4
3A6A	64F7	14
3A6C	622F	4
3A6D	64B9	4
3A6D	652A	4
3A6F	63AC	6
3A6F	642C	4
3A70	85FB	4
3A72	62F3	10
3A72	6B0A	12
3A74	6B0B	4
3A76	736E	4
3A78	7589	4
3A7A	6B67	4
3A7B	6532	14
3A7C	591A	6
3A7D	52D1	4
3A7E	8C49	4
3A7E	21647	4
3A7F	4E5E	4
3A81	62D1	4
3A82	4E5E	4
3A83	6567	4
3A84	5F17	4
3A85	66F4	14
3A86	6C10	4
3A88	5C01	4
3A89	90C3	14
3A8A	7FA4	4
3A8B	625E	4
3A8B	634D	4
3A8C	52C8	4
3A8D	52C3	14
3A8E	90DF	4
3A90	623E	4
3A90	654D	4
3A91	5944	4
3A91	6532	4
3A92	5152	4
3A92	6BC0	4
3A93	4E56	4
3A93	5269	4
3A94	6563	4
3A95	621F	4
3A96	5265	4
3A96	654D	4
3A98	6582	12
3A9A	6563	14
3A9B	6221	4
3A9C	63E3	12
3A9D	67EC	4
3A9F	6566	14
3AA0	6B49	4
3AA1	376C	4
3AA2	634E	4
3AA3	4BE8	8
3AA3	6572	14
3AA4	6581	4
3AA4	7562	4
3AA5	89B0	4
3AA6	5BC5	4
3AA7	6B59	4
3AA8	7E55	6
3AA9	8085	4
3AAC	6233	4
3AAD	6232	4
3AAD	76E7	4
3AAF	6319	6
3AAF	64E7	14
3AAF	8209	8
3AB0	658E	14
3AB0	9F4B	14
3AB1	744D	4
3AB4	5213	4
3AB4	6296	4
3AB5	5224	4
3AB5	6599	4
3AB6	659B	14
3AB7	6597	14
3AB8	659F	14
3AB8	9159	8
3AB9	6578	4
3ABA	596D	4
3ABB	5B7F	4
3ABC	65AB	4
3ABD	6240	6
3ABE	5404	4
3ABE	8A22	4
3ABF	6298	14
3AC0	9F0E	14
3AC1	65AD	6
3AC1	65B7	14
3AC2	5EB6	4
3AC2	5EDD	4
3AC3	5043	4
3AC4	65C1	14
3AC5	65D7	14
3ACB	65C3	14
3ACE	5FBD	4
3ACE	63EE	4
3ACF	65DB	4
3AD0	7680	4
3AD1	65E8	14
3AD2	5EFE	6
3AD3	6C17	4
3AD3	6C23	4
3AD4	826E	14
3AD5	5149	14
3AD5	706E	8
3AD5	7097	8
3AD6	65E8	2
3AD7	539A	2
3AD8	5426	4
3AD9	80A4	4
3ADB	546A	4
3ADF	662D	2
3AE0	7554	4
3AE1	51AC	14
3AE2	547F	4
3AE4	6636	14
3AE5	51A5	6
3AE6	8129	4
3AE7	66B4	14
3AE9	6625	14
3AEA	8202	2
3AEB	9855	6
3AEB	986F	14
3AEC	7734	4
3AEF	5190	4
3AEF	5192	4
3AF0	6716	12
3AF0	6717	8
3AF1	8D64	4
3AF2	54F1	4
3AF3	6668	14
3AF4	54EE	12
3AF5	8153	4
3AF6	666D	12
3AF7	671F	12
3AF9	231C4	4
3AFA	6614	14
3AFB	5D18	4
3AFC	6662	12
3AFC	6663	14
3AFD	35A8	4
3B01	6D3D	4
3B02	5581	4
3B03	70B1	4
3B05	66FC	14
3B06	6E63	6
3B07	559A	4
3B08	55E2	4
3B09	6684	8
3B09	6696	14
3B09	714A	8
3B09	7156	8
3B0A	6182	4
3B0B	5589	4
3B0C	666F	14
3B0D	66DD	6
3B0E	9855	2
3B0E	986F	2
3B0F	55DD	4
3B10	6649	4
3B10	664B	4
3B12	87D2	4
3B13	779F	4
3B14	5610	4
3B17	665B	14
3B18	562F	4
3B19	6690	14
3B1C	6649	2
3B1C	664B	2
3B1D	564C	4
3B1E	668D	12
3B20	66EC	8
3B20	6BBA	2
3B20	715E	14
3B21	6624	14
3B22	66E6	2
3B23	5C0D	4
3B24	96B0	4
3B25	66B4	14
3B25	66DD	8
3B27	7E8D	4
3B29	8B7F	4
3B2A	7573	6
3B2A	758A	10
3B2B	71D5	4
3B2C	66DC	4
3B2E	96E3	4
3B2F	701B	4
3B30	81FE	14
3B31	66FF	14
3B32	87A0	4
3B33	809D	4
3B34	6708	4
3B35	4EA4	14
3B36	6D69	14
3B36	6F94	8
3B38	20D45	4
3B39	775C	4
3B3B	614C	4
3B3C	8F39	4
3B42	676A	4
3B43	7DB1	14
3B44	233D2	4
3B47	6B16	4
3B48	6289	4
3B49	8309	4
3B4A	6790	14
3B4B	68D2	6
3B4C	6859	14
3B52	801C	12
3B54	67B0	4
3B58	62FE	4
3B59	6301	4
3B5A	65C5	4
3B5B	6D3E	4
3B5C	68B0	4
3B5D	68B5	4
3B5E	6318	4
3B5F	606D	4
3B60	6844	4
3B60	6D17	4
3B61	67A2	4
3B61	7847	4
3B62	3B6D	4
3B62	5211	4
3B68	6792	8
3B68	6930	14
3B6A	6355	4
3B6B	632B	4
3B6E	62F6	4
3B6F	6930	4
3B70	5634	4
3B71	5323	14
3B72	6781	14
3B74	6A2B	14
3B78	689A	5
3B79	5F26	4
3B7A	63A9	4
3B7B	68E0	14
3B7C	697F	4
3B7D	67E2	6
3B7E	6398	4
3B7F	6602	4
3B7F	68CD	4
3B80	51FD	4
3B83	6875	4
3B84	699C	14
3B85	690E	6
3B86	6AF1	14
3B88	5948	2
3B8A	6959	4
3B8C	68C9	14
3B8D	7B8B	2
3B8E	676F	14
3B8E	686E	8
3B8E	76C3	8
3B8F	5948	8
3B8F	67F0	12
3B90	5057	4
3B91	63D2	4
3B93	4E98	12
3B93	4E99	12
3B94	6A66	4
3B95	682D	12
3B95	6ABD	8
3B96	69FF	4
3B96	7DD9	4
3B97	77DC	6
3B98	6959	4
3B99	6115	4
3B9A	5544	2
3B9A	6817	12
3B9B	5319	4
3B9C	69A7	4
3B9D	537B	4
3B9E	8AEE	4
3B9F	68E5	4
3BA1	70DC	8
3BA4	677E	2
3BA5	693F	4
3BA6	7D22	4
3BA7	6A22	4
3BA8	7A37	4
3BA9	7184	4
3BAA	6A11	4
3BAA	823C	8
3BAB	6995	4
3BAB	778E	4
3BAD	6960	4
3BAE	6854	14
3BB0	68CD	4
3BB1	68EE	4
3BB3	6715	4
3BB3	6A73	4
3BB4	8258	4
3BB5	6834	14
3BB6	69CA	2
3BB7	7A3D	4
3BB8	9001	12
3BB9	7DFB	4
3BBA	672C	14
3BBB	6414	4
3BC2	6974	4
3BC3	687C	2
3BC3	6F06	2
3BC4	6248	4
3BC6	6EFB	4
3BC7	6890	14
3BC8	6A15	14
3BC9	6A17	8
3BCA	5AE3	4
3BCA	6A22	4
3BCB	7A4E	4
3BCC	693D	14
3BCD	69F3	2
3BCE	68E5	4
3BCF	99A8	14
3BD0	6A62	14
3BD3	69BB	14
3BD4	6BF3	4
3BD5	6495	4
3BD6	68CF	14
3BD7	6F96	4
3BD9	64A4	4
3BDB	58FA	4
3BDC	690A	6
3BDD	6F5E	4
3BDF	9E93	14
3BE0	727D	4
3BE1	530F	4
3BE2	64B0	4
3BE3	68FB	12
3BE4	68D8	4
3BE5	66F9	4
3BE6	68CA	14
3BE6	68CB	2
3BE6	7881	8
3BEA	6AFA	14
3BEA	6B1E	8
3BEB	64DA	4
3BEC	5EFA	4
3BED	6AD3	14
3BED	8263	8
3BED	826A	8
3BEF	6AB3	4
3BF0	690D	2
3BF1	6A50	4
3BF2	895F	4
3BF3	6AA0	14
3BF6	68D5	8
3BF6	6936	12
3BF7	6A38	4
3BF8	5118	4
3BFA	64E5	4
3BFA	6ABB	8
3BFB	6A50	4
3BFD	68B9	8
3BFD	6AB3	12
3BFE	69FD	14
3C00	74C8	4
3C01	67D8	4
3C02	700B	4
3C04	6FFA	4
3C06	97DB	14
3C09	699B	14
3C0B	68B9	12
3C0B	6AB3	12
3C0C	69B7	4
3C0D	69DE	8
3C0D	6AF3	14
3C10	6A62	14
3C11	8602	4
3C12	6B05	4
3C13	6B16	4
3C14	8E9E	4
3C15	72A7	4
3C16	6B16	14
3C17	69ED	14
3C18	5F5D	4
3C19	6524	4
3C1A	675D	8
3C1A	7C6C	12
3C1B	6ADF	6
3C1E	55E4	14
3C1F	5180	4
3C20	6B2F	4
3C21	708A	4
3C22	6B23	4
3C25	6B27	4
3C27	548D	6
3C28	780D	4
3C29	8687	4
3C2A	3C26	4
3C2A	5C01	4
3C2B	3C26	4
3C2D	6B39	4
3C2D	74E0	4
3C2F	5426	4
3C30	6B38	4
3C31	6B43	14
3C32	6B4C	4
3C33	5F1E	4
3C34	6B46	4
3C35	5352	4
3C35	6B2C	4
3C36	5614	4
3C37	6B7B	4
3C38	6B5B	12
3C39	54B8	4
3C3A	53DA	4
3C3B	6B2F	4
3C3B	9F13	4
3C3C	6B50	4
3C3D	90FE	4
3C3E	656B	4
3C3F	6B38	4
3C3F	96DE	4
3C41	6B3E	14
3C42	5EB7	4
3C43	98EE	12
3C43	98F2	14
3C45	61FF	14
3C46	6B54	4
3C47	55C7	4
3C47	6B4A	4
3C48	6B3E	4
3C49	9134	4
3C4A	55C4	4
3C4B	5859	14
3C4C	8076	4
3C4D	470C	4
3C4E	6B60	4
3C4F	6B63	14
3C4F	7F36	8
3C4F	7F3B	8
3C4F	7F50	8
3C52	8A36	6
3C55	5E30	14
3C55	6B78	14
3C55	7688	8
3C56	57E3	4
3C57	55C5	4
3C58	9B58	14
3C59	54BC	4
3C59	673D	4
3C5A	6B8B	4
3C5A	6B98	4
3C5B	5E03	4
3C5D	52B1	4
3C5D	6B7B	4
3C5E	782C	4
3C5F	7834	4
3C60	8F9C	6
3C61	6B8A	4
3C61	9291	4
3C64	8725	4
3C66	7895	4
3C67	7897	4
3C68	6BAE	14
3C6A	6E63	4
3C6B	7149	4
3C6D	6BC8	14
3C6F	78D1	4
3C70	6ED3	4
3C71	78C8	4
3C72	87A0	4
3C73	52DF	4
3C74	78E7	4
3C76	81A8	4
3C79	7930	4
3C7A	81DA	4
3C7B	7FB8	4
3C7C	6BB4	4
3C7D	6B81	4
3C7E	6B2C	4
3C7F	58F2	8
3C7F	58F3	8
3C7F	6BBB	14
3C7F	6BBC	14
3C80	6BBF	4
3C81	6BC0	4
3C82	655E	4
3C83	23A98	4
3C84	6BBC	4
3C86	78EC	4
3C87	93E7	8
3C87	9F15	14
3C88	9F17	10
3C89	273DA	4
3C8A	53E1	12
3C8A	777F	8
3C8B	84D6	4
3C8D	7AD3	4
3C8D	7FC5	4
3C8F	770A	4
3C92	7AD3	4
3C93	7D68	4
3C94	7AD3	4
3C95	7C8D	4
3C96	6BE6	4
3C97	7C8D	4
3C97	90DB	4
3C9A	88DF	14
3C9B	6310	4
3C9C	6BEF	14
3C9E	8017	4
3C9F	82F1	4
3C9F	869D	4
3CA0	6C02	14
3CA1	67F0	4
3CA1	7C8D	4
3CA2	7FE9	4
3CA3	53DF	4
3CA4	6C08	4
3CA4	8870	4
3CA5	5510	4
3CA6	5E79	4
3CA8	6BE6	4
3CAB	6BFF	4
3CAC	7126	4
3CAD	6BEF	14
3CAF	76E3	4
3CB0	5BE7	4
3CB1	9B23	14
3CB3	74DE	4
3CB5	9704	14
3CB6	6C24	4
3CB8	6C3E	4
3CB8	6EBA	8
3CB9	6C4E	6
3CBA	6CB1	4
3CBB	6EBA	12
3CBE	96E8	14
3CC0	627E	4
3CC0	6D45	4
3CC1	6C73	4
3CC2	6CBF	14
3CC3	6DEC	2
3CC4	6D8E	14
3CC4	7FA8	8
3CC5	6D41	14
3CC6	6296	4
3CC8	6C9B	14
3CCA	6538	14
3CCB	5775	4
3CCC	5CAC	4
3CCD	6016	4
3CCF	6CF1	4
3CD0	6DC5	4
3CD1	6EA2	14
3CD2	6CD5	2
3CD6	4F9D	4
3CD8	6D41	4
3CD9	6D93	14
3CDB	6D29	4
3CDC	6DCB	4
3CDE	6C96	4
3CDF	606D	14
3CE4	6DD1	14
3CE5	6335	4
3CE7	6D31	4
3CE9	574D	4
3CEA	6D3B	4
3CED	6D8E	4
3CEE	5C3F	14
3CEF	6893	4
3CF4	6DD5	4
3CF5	60B8	4
3CF6	4E73	4
3CF8	691B	4
3CF9	6C6A	6
3CFA	65BF	8
3CFA	65D2	8
3CFA	6E38	14
3CFA	904A	8
3CFB	60DC	4
3CFC	6D2B	4
3CFD	7030	14
3CFE	7F8C	4
3CFF	6E2B	12
3D01	6DFB	4
3D03	6CEA	8
3D03	6D99	14
3D03	6DDA	14
3D04	6DB8	4
3D05	6D88	14
3D06	5BD6	8
3D06	6D78	14
3D07	6D89	14
3D07	6E09	14
3D09	6E08	6
3D09	6FDF	14
3D0A	6302	8
3D0A	639B	8
3D0A	6DF5	14
3D0A	6E0A	8
3D0A	6E15	8
3D0F	6F25	4
3D10	7704	4
3D11	9061	2
3D14	6F80	4
3D15	6F57	14
3D16	6FFC	14
3D17	6946	4
3D17	6EA7	4
3D18	7441	4
3D19	70B8	4
3D19	7160	4
3D1A	6DBF	4
3D1B	81F4	4
3D1C	5FA7	14
3D1C	904D	8
3D1D	9ECE	4
3D1E	6ED4	2
3D20	6DB5	14
3D25	5CED	4
3D26	6DAB	4
3D26	76E5	4
3D27	7184	4
3D28	6715	4
3D2A	6EB4	4
3D2B	90E1	4
3D2C	69AD	4
3D2D	6E32	4
3D2F	8102	4
3D30	80FD	4
3D31	6DF1	14
3D33	75DD	4
3D34	6E5B	14
3D35	6E53	4
3D36	6F3C	4
3D37	803D	4
3D3C	5BBF	4
3D3D	6089	4
3D3E	6E24	14
3D41	614C	4
3D43	86C7	4
3D44	57DF	4
3D44	6F22	14
3D46	6D69	10
3D46	6F94	14
3D4A	64AE	4
3D4B	6C68	4
3D4C	5FAA	4
3D4D	71DC	4
3D4E	6F97	5
3D4F	6F3C	14
3D51	8CC0	4
3D52	6CB8	4
3D52	6E43	4
3D53	6E5C	14
3D55	6D81	8
3D55	6EF2	14
3D56	6F54	4
3D57	6191	4
3D58	6DFC	4
3D5D	88D4	4
3D5E	6101	4
3D5F	6F82	4
3D60	7A9F	4
3D61	96F9	4
3D62	64C2	4
3D63	6E07	6
3D63	6E34	6
3D65	6FD8	4
3D66	96A8	4
3D67	7366	4
3D68	6A97	4
3D69	2373F	4
3D6A	6D8E	4
3D6C	700A	4
3D6D	6E1A	4
3D6E	6DCE	4
3D6F	9CF3	4
3D70	6F35	6
3D71	6F02	4
3D72	511B	4
3D74	8D13	4
3D75	6F68	4
3D75	805A	4
3D76	622A	4
3D77	8FA8	4
3D78	7039	14
3D79	6F20	4
3D7B	8184	4
3D7C	6CFB	8
3D7C	6F5F	10
3D7C	7009	12
3D7D	5121	4
3D7F	769B	4
3D80	81A0	4
3D81	8662	4
3D85	5B78	4
3D86	6C34	4
3D86	6D82	4
3D87	6A6B	4
3D88	6ECE	14
3D8C	806F	4
3D8D	766C	4
3D8E	9084	4
3D8F	766E	4
3D92	95D6	4
3D93	723B	4
3D94	6DCF	4
3D96	5135	4
3D98	7C1F	4
3D9C	6302	8
3D9C	639B	8
3D9C	6DF5	14
3D9C	6E0A	8
3D9C	6E15	8
3D9E	703C	6
3D9F	7E8D	4
3DA0	9A5B	4
3DA1	706B	4
3DA3	7075	4
3DA3	76C2	4
3DA4	7092	14
3DA5	5FD3	4
3DA7	70B3	4
3DA8	4E15	4
3DAC	79CC	4
3DAD	62D7	4
3DAE	6609	8
3DAE	661E	8
3DAE	663A	8
3DAE	70B3	14
3DAE	713C	8
3DAE	71D2	8
3DAF	67F3	4
3DB0	62D1	4
3DB1	79CC	4
3DB3	71FC	14
3DB5	98EA	14
3DBA	70D9	4
3DBB	70FD	14
3DBC	6328	4
3DBE	7968	14
3DBF	6096	4
3DC2	7AEA	4
3DC3	5957	4
3DC4	60C8	4
3DC5	7092	14
3DC6	57E0	4
3DC6	712F	4
3DC7	6062	6
3DC8	63A9	4
3DC9	5C09	14
3DCA	711A	14
3DCB	60D4	4
3DCE	668D	12
3DCE	24E0E	8
3DCF	711A	4
3DD0	71EC	4
3DD1	6504	4
3DD1	7159	14
3DD2	5076	4
3DD2	7168	4
3DD3	6121	4
3DD5	7337	4
3DD6	7167	14
3DD8	67B2	4
3DD8	71E5	4
3DD9	714E	14
3DDF	6425	4
3DE0	71D0	10
3DE0	7CA6	12
3DE2	7151	4
3DE3	70CA	4
3DE4	7A40	4
3DE5	70DD	14
3DE6	803F	4
3DEB	78EC	4
3DEC	6478	4
3DED	70FD	12
3DED	71A2	8
3DEE	69FD	4
3DEF	742B	4
3DF0	645B	4
3DF1	718A	12
3DF3	8D0B	4
3DF4	6B77	4
3DF5	20381	4
3DF6	618A	4
3DF7	64B0	4
3DF8	66C4	8
3DF8	71C1	14
3DF9	712F	4
3DFB	5B2D	4
3DFB	7121	4
3DFC	71D5	14
3DFE	7210	4
3DFE	74A9	4
3E00	70B1	14
3E01	66B5	8
3E01	71AF	14
3E02	71E7	12
3E03	70B9	14
3E03	9EDE	14
3E04	64E0	4
3E08	7126	14
3E09	71EE	12
3E0A	61F6	4
3E0B	81B0	12
3E0E	61FE	4
3E0F	7CDC	4
3E10	7136	14
3E11	7228	4
3E12	722D	4
3E14	770B	14
3E15	652B	14
3E15	7234	8
3E16	4FCE	4
3E17	7238	4
3E17	833C	4
3E18	4E07	2
3E18	842C	14
3E19	85AF	4
3E1A	53D5	4
3E1C	8154	4
3E1D	6774	4
3E1E	7247	4
3E1F	8102	4
3E20	6713	4
3E21	6B8A	4
3E22	5099	4
3E23	696D	6
3E24	5F01	2
3E24	8FA8	6
3E26	4E92	14
3E27	9F66	14
3E28	725D	4
3E29	7261	4
3E2A	7394	4
3E2B	728D	14
3E2C	67FF	4
3E2D	628A	4
3E2E	626E	4
3E2F	6296	4
3E2F	728D	8
3E32	67DE	4
3E35	62EE	4
3E36	70DF	4
3E37	6308	4
3E37	7282	4
3E38	57A2	4
3E39	5C06	4
3E39	7279	4
3E3A	6332	4
3E3B	6328	4
3E3C	728E	6
3E3D	72FD	4
3E3E	7263	14
3E40	7278	12
3E41	63A0	4
3E42	6394	4
3E43	68D0	4
3E44	7A37	12
3E45	60E3	8
3E45	63D4	14
3E45	6460	8
3E45	7E3D	8
3E46	63EE	4
3E47	728D	4
3E4A	6409	4
3E4B	6EEB	4
3E4C	6EFB	4
3E4D	6458	4
3E4E	6A0F	4
3E4F	69FF	4
3E50	8073	4
3E51	6A32	4
3E52	64B2	4
3E53	6493	4
3E54	6A7F	4
3E55	9811	4
3E56	8C62	14
3E57	64E3	4
3E59	6505	4
3E5C	72BE	14
3E5E	5540	8
3E5E	72BE	8
3E5E	72FA	12
3E5E	9F57	12
3E5F	736A	4
3E60	8C5A	2
3E61	72F7	14
3E62	67B7	4
3E63	67CA	4
3E63	6F09	8
3E63	7C0F	8
3E64	602F	14
3E65	72C2	4
3E66	8C82	2
3E67	79E7	4
3E6B	5937	4
3E6C	4F7F	4
3E6C	72B9	4
3E6D	62FD	4
3E6E	734F	8
3E6E	8C98	12
3E6F	8C85	14
3E71	6349	4
3E72	4FBE	4
3E76	633A	4
3E77	8C68	12
3E78	34B5	8
3E78	7683	8
3E78	8C8C	14
3E79	5E9A	4
3E79	72FC	4
3E7A	7339	4
3E7B	7327	4
3E7C	63AC	4
3E7D	68E7	4
3E7E	548E	4
3E7F	6389	4
3E80	7331	14
3E81	7459	4
3E84	72F3	8
3E85	7334	14
3E87	7344	4
3E89	7A40	4
3E8A	6059	4
3E8C	69CF	4
3E8F	5A41	6
3E90	72D0	4
3E92	644E	4
3E93	50C4	8
3E93	8E5F	14
3E93	8FF9	8
3E95	64AD	4
3E96	6A44	4
3E9A	737A	12
3E9C	7A60	4
3E9D	6ABB	4
3E9E	74B5	4
3E9F	64E2	4
3EA5	6BDA	6
3EA9	73A0	4
3EAA	749E	14
3EAB	520A	4
3EAB	7395	4
3EAC	73D9	4
3EB0	7395	4
3EB1	4ECD	4
3EB2	9215	14
3EB3	73AB	14
3EB4	5420	4
3EB4	739F	4
3EB7	79EB	4
3EB8	51ED	4
3EBA	7441	14
3EC0	62FD	4
3EC1	7470	10
3EC3	8C4A	4
3EC4	5B9D	14
3EC4	5BF3	8
3EC4	5BF6	14
3EC9	57D7	4
3ECA	633D	4
3ECB	7453	4
3ECD	73F8	14
3ECE	745F	14
3ED1	60B8	4
3ED2	7A1B	4
3ED3	63AB	4
3ED4	57F5	4
3ED5	5800	4
3ED6	57ED	4
3ED7	7432	12
3EDA	580B	4
3EDD	6E82	4
3EDE	5F6C	4
3EDF	6955	4
3EE0	63EC	4
3EE1	6E2B	12
3EE7	6429	4
3EE8	5805	4
3EEE	74A8	12
3EEF	6EF9	4
3EF1	74A1	4
3EF6	7B46	4
3EF7	68D8	4
3EF8	6F5B	4
3EFD	7487	4
3EFD	74BF	4
3EFE	58C5	4
3F04	74A3	14
3F07	74CA	4
3F09	74DE	4
3F0A	67E7	4
3F0A	90A8	4
3F0B	72D0	4
3F0C	84CF	4
3F0D	67E7	4
3F0D	8019	4
3F0F	74E0	4
3F10	7FE9	4
3F10	89DA	4
3F11	9DAB	4
3F12	9037	4
3F13	5D70	4
3F14	74E2	4
3F15	74E2	4
3F16	8821	4
3F17	4F64	4
3F19	7503	14
3F1A	7F38	4
3F1B	74F6	4
3F1C	76CE	14
3F1D	57E6	8
3F1D	6900	8
3F1D	76CC	14
3F1D	7897	14
3F1E	74F6	4
3F20	7819	4
3F21	74F6	4
3F22	74EF	4
3F23	7819	4
3F24	6D2F	4
3F24	7503	4
3F26	74F7	4
3F26	86E9	4
3F29	74FA	4
3F2A	7501	4
3F2C	57F7	4
3F2D	588A	4
3F2E	750E	4
3F2F	8EDB	4
3F30	750E	4
3F31	750D	4
3F32	7504	4
3F33	7511	4
3F34	750E	4
3F35	984C	4
3F36	7511	4
3F36	89A6	4
3F37	750E	14
3F38	74FF	4
3F39	7F3B	4
3F3A	7511	4
3F3B	7503	4
3F3B	8073	4
3F3C	74E2	12
3F3D	723D	4
3F3E	9E92	4
3F3F	74FF	4
3F40	912D	4
3F41	9B32	14
3F42	6B59	4
3F43	7FFB	4
3F46	7511	4
3F46	7576	4
3F47	750D	4
3F47	7910	4
3F48	7513	4
3F48	7591	4
3F49	7513	4
3F49	9452	4
3F4A	71EE	4
3F4A	7517	4
3F4B	8B8A	4
3F4D	5769	14
3F4E	6221	4
3F50	99A6	14
3F52	7525	14
3F56	7537	14
3F56	7559	8
3F56	7571	8
3F57	755D	2
3F58	542D	4
3F58	754D	4
3F59	5141	14
3F5A	5351	4
3F5A	7A82	4
3F5B	662B	4
3F5C	7579	14
3F5D	7559	4
3F5E	7544	8
3F5E	7559	14
3F5E	7571	8
3F5F	57D2	4
3F60	5CFD	4
3F60	7549	4
3F61	5564	4
3F62	667B	4
3F63	57DF	14
3F66	7F43	4
3F67	755C	8
3F68	7625	4
3F69	7581	4
3F6A	564C	4
3F6B	58C5	4
3F6C	526F	4
3F6D	5827	4
3F6E	661F	14
3F6E	76A8	8
3F6F	7566	14
3F71	3F72	12
3F73	7594	4
3F74	75BE	4
3F75	5E84	2
3F75	8358	2
3F75	838A	2
3F78	75A3	4
3F79	75B2	4
3F7A	75B2	4
3F7B	75B2	4
3F7D	75FC	14
3F7E	5C48	4
3F7E	759D	4
3F7F	75A5	4
3F7F	7A8A	4
3F80	602F	4
3F81	6035	6
3F82	7B1E	4
3F85	75CD	4
3F87	75BD	4
3F88	5E9C	4
3F89	75B9	4
3F8A	7620	12
3F8B	5EA5	4
3F8B	75F3	4
3F8C	766C	14
3F8D	75C5	4
3F8E	51F9	4
3F8F	5393	4
3F8F	75D3	4
3F90	52B1	4
3F90	52F5	4
3F90	53B2	8
3F90	7658	8
3F91	75DE	4
3F92	75C2	4
3F93	6081	6
3F94	75D8	4
3F95	5BB0	4
3F95	7601	4
3F96	3FAE	4
3F96	5398	4
3F97	75D5	4
3F98	6897	4
3F99	6095	4
3F99	75CF	4
3F9A	75B5	4
3F9B	5BDD	4
3F9C	75F0	4
3F9D	7009	14
3F9E	75C5	4
3F9F	6D89	4
3F9F	75E7	4
3FA0	72C2	4
3FA0	75CE	4
3FA1	5374	4
3FA1	75F4	4
3FA2	7669	14
3FA3	75CA	4
3FA4	554C	6
3FA5	4FF6	4
3FA5	7615	4
3FA6	7616	4
3FA7	60C8	4
3FA7	75F9	4
3FA8	501A	4
3FA9	4E56	4
3FAA	75DF	4
3FAC	75CE	14
3FAD	6100	4
3FAD	75F3	4
3FAF	754F	4
3FAF	75F9	4
3FB0	5EDF	4
3FB0	6E56	4
3FB1	7648	12
3FB6	6ED1	4
3FB6	7620	4
3FB7	7627	4
3FB9	67F4	4
3FB9	75B5	4
3FBA	99AE	4
3FBB	6EC1	4
3FBC	75D5	4
3FBC	9000	4
3FBD	8FFD	4
3FBE	6FC2	4
3FBF	5ECA	4
3FC2	7665	6
3FC3	8515	4
3FC4	7622	4
3FC5	766C	14
3FC6	75FF	4
3FC7	6174	4
3FC7	7633	4
3FC8	7655	8
3FC8	7670	14
3FC8	81C3	8
3FC9	3FD7	2
3FCA	6F5B	4
3FCA	766F	4
3FCB	7619	14
3FCC	7652	4
3FCD	75A5	14
3FCE	3FC9	4
3FCE	61A4	4
3FCF	24E37	14
3FD1	766F	4
3FD1	7FDF	4
3FD2	6FE4	4
3FD3	761E	4
3FD5	7647	4
3FD6	5EEC	4
3FD7	3FC9	2
3FD9	764C	4
3FDA	7655	4
3FDB	7667	12
3FDD	7680	8
3FDD	9999	14
3FDE	8004	14
3FDF	767D	12
3FE1	515C	14
3FE1	5160	8
3FE2	8000	14
3FE3	668D	4
3FE4	6699	4
3FE5	76A0	4
3FE5	78BA	4
3FE6	78EC	4
3FE7	7587	4
3FE8	76AA	14
3FE9	6529	4
3FEA	57F7	4
3FEA	76AF	4
3FEB	7686	4
3FEB	76AE	4
3FEC	5DF4	4
3FED	88AB	4
3FEE	5E14	4
3FEE	8691	4
3FEF	62FF	4
3FF0	6548	4
3FF0	76B4	4
3FF2	6B39	14
3FF2	9A0E	8
3FF4	76B6	4
3FF5	789D	4
3FF6	5E6B	6
3FF8	7E35	4
3FF9	97C3	4
3FFA	66B4	4
3FFB	76C2	4
3FFC	76C2	4
3FFD	76C6	4
3FFE	76C2	4
3FFF	76C9	4
3FFF	80E5	4
4000	76CC	4
4001	76D4	4
4005	76E3	4
4005	793E	4
4006	5C3D	6
4006	76E1	14
4007	76EC	4
4008	588D	4
4009	55AC	4
400A	76EA	4
400B	5869	14
400B	9E7D	14
400E	7704	14
400F	7734	14
4010	809C	4
4013	7708	4
4014	7263	4
4014	808B	4
4016	76F1	4
4016	7946	4
4017	6620	4
4017	8A23	4
4018	6785	4
4018	76F1	4
4019	780C	4
401A	6602	4
401C	5FFD	4
401C	7A85	4
401E	7707	4
401F	5488	4
4020	77BF	4
4021	8998	12
4022	7734	4
4022	77AC	4
4023	7955	4
4027	664E	4
4028	8052	4
4029	80F3	4
402A	80FB	4
402B	54C8	4
402B	76FB	4
402C	8A6E	4
402E	7409	4
402F	6661	4
4030	5CEA	4
4030	7719	4
4031	5CF0	4
4032	6666	4
4033	771B	4
4033	7AE6	4
4034	811B	4
4035	77AC	4
4036	773C	4
4037	811A	4
4037	8710	4
4038	6662	4
4038	231C4	4
403A	7780	4
403A	8129	4
403B	8058	4
403C	778B	4
403E	7763	4
403F	6663	6
4040	9F0E	12
4042	814E	4
4043	4FF5	4
4044	775F	4
4045	731B	4
4046	667B	4
4047	7A85	4
404B	558B	4
404C	559F	4
404D	558A	4
404E	77A0	4
404F	8170	4
4051	63DA	4
4052	63D6	4
4059	664F	4
405A	7758	12
405C	5E4C	4
405D	7192	4
405E	7701	14
405F	5DEE	4
4060	8181	4
4062	7487	4
4064	8B2B	4
4065	6635	4
4065	7724	4
4066	89B0	14
4066	89B7	8
4067	66B5	4
4068	69E8	4
4069	9B5A	12
406B	563F	4
406C	8D08	4
4071	6681	6
4071	66C9	6
4072	8CB7	4
4072	8D16	4
4074	81BB	4
4075	8B5E	4
4076	76A6	4
4077	899A	4
4077	89BA	4
4078	81BF	4
4079	7765	14
407A	776A	4
407B	76AA	4
407C	26AB7	4
407D	81D8	4
407E	5E6D	4
407F	9ED8	4
4080	66E6	4
4081	5DC9	4
4084	652B	4
4085	883B	4
4086	77DC	4
4087	6544	4
4087	72C3	4
4088	72EC	4
4089	7334	4
408A	8C6B	4
408E	6B11	4
408F	70A4	4
4090	62D9	4
4091	73BC	4
4093	898F	2
4096	77F3	14
4097	53F1	4
4098	2542E	4
4099	7820	4
4099	90C8	4
409B	59A4	4
409C	5D29	4
409D	78D4	4
409E	67D8	14
409F	54FF	4
40A0	77E4	4
40A0	7806	4
40A1	7825	14
40A2	67CA	4
40A3	7812	4
40A4	577F	6
40A5	73C9	14
40A6	6B84	4
40A7	780D	4
40A8	65AB	4
40A9	786F	4
40AA	78FD	4
40AA	929A	4
40AC	6831	4
40AD	54AC	4
40AD	780D	4
40AE	78A7	4
40AF	5E84	4
40AF	7821	4
40B0	550E	4
40B0	784E	4
40B3	5249	4
40B4	7814	4
40B7	4E56	4
40B9	7099	4
40BA	9846	4
40BB	92E5	12
40BC	5538	4
40BD	5545	4
40BD	7868	4
40BE	7864	4
40BF	8E0F	4
40C1	555E	4
40C2	5D10	4
40C8	5588	4
40C9	739F	8
40C9	73C9	14
40CA	7820	4
40CA	82F4	4
40CB	55A9	4
40CC	78E6	4
40CD	589C	12
40CE	7895	4
40CF	6692	4
40CF	788D	4
40D1	6591	4
40D1	78D0	4
40D2	55DD	4
40D3	5ABE	4
40D4	742F	4
40D5	5B95	4
40D6	5862	4
40D7	525D	4
40D7	788C	4
40D9	6A1A	4
40DA	93C3	4
40DB	93C8	4
40DC	6BC9	4
40DC	78EC	4
40DE	587E	4
40E2	5D94	12
40E3	6BC0	6
40E4	562F	4
40E5	5647	4
40E6	58AA	4
40E7	9686	4
40E9	7847	8
40EA	58C7	4
40EC	78C8	4
40ED	64BC	4
40EE	5660	4
40EF	792B	12
40F0	6AAB	4
40F1	6BB1	4
40F2	78D0	14
40F3	81D8	4
40F4	6AE7	4
40F7	701B	4
40F8	6BB2	4
40FA	78E8	14
40FB	58E9	14
40FD	7953	4
40FD	7994	4
40FE	27631	4
4100	798D	14
4101	7D32	4
4102	8896	6
4103	6B83	12
4105	79E6	2
4106	681D	4
4107	88CE	4
4109	5A25	4
410D	8721	4
410E	6905	4
410F	5996	4
410F	7945	12
4110	7940	4
4110	795F	4
4111	68D4	4
4112	7A14	14
4113	5FA8	4
4115	793E	14
4118	7998	4
4119	69A0	4
411A	69FD	4
411C	79BB	8
411C	9B51	12
411F	6BF3	4
4120	7985	14
4120	79AA	8
4122	4E9D	8
4122	6589	14
4122	9F4A	14
4125	6B1E	4
4129	6759	4
412A	6753	4
412C	79FB	14
412D	5E74	14
412D	79CA	8
412E	7A03	4
412F	6785	4
412F	257A9	4
4130	82BD	4
4131	678B	4
4132	6798	4
4133	7949	4
4133	79D5	4
4136	62C2	4
4137	77F3	4
4138	67CF	4
413A	7A1A	2
413A	7A49	8
413B	6843	4
413C	6816	4
413C	79C8	8
413E	68B0	4
4140	4F8B	4
4141	6848	4
4142	683C	4
4143	5DE9	4
4143	6881	4
4144	5354	4
4145	6842	4
4147	7C9F	14
4148	594F	2
4148	79E6	2
414A	4F82	4
414B	689A	4
414C	6350	4
414C	7A0D	4
414D	6883	4
414E	22B46	4
4150	6898	4
4151	6875	4
4152	8292	12
4153	5106	4
4154	83D1	4
4156	99A3	4
4157	637C	4
4159	68CD	4
415A	68EC	4
415B	6919	4
415C	68F0	4
415D	690C	4
415E	68CF	4
4160	7A0A	14
4162	80C4	4
4164	63D2	4
4164	7A2E	4
4165	696C	4
4166	63CF	4
4167	852D	4
4168	9999	14
4169	6B67	4
416D	699C	4
416E	69CD	4
416F	7CD6	4
4170	6069	4
4170	7A42	4
4171	69BF	4
4172	69B0	4
4174	25EE8	4
4175	7CD5	4
4176	8028	14
4177	85F7	4
4178	8398	4
4179	802C	12
417A	79D2	4
417B	96E2	4
417C	69FE	4
417D	99A8	14
417E	50ED	4
417F	6A3A	4
4180	9EF4	4
4181	6AA1	4
4183	5C0E	4
4184	6A80	4
4185	7A4D	4
4185	8CC7	4
4188	7A1A	6
4188	7A49	8
4189	64FA	4
418A	5180	4
418B	9F9D	5
418D	6AF3	4
418F	7CDE	4
4190	56FD	6
4190	570B	14
4191	5B81	4
4191	7A75	4
4192	7A76	14
4193	514A	4
4193	7A93	4
4194	5E18	4
4196	5B8F	4
4197	7A88	4
4198	62F6	4
4199	7AAF	4
4199	7AB0	4
419A	6D1E	4
419C	5BA5	4
419D	7B3D	4
419E	7A85	4
419F	51F9	4
41A0	5BA6	14
41A1	7A85	4
41A2	6289	4
41A2	7A88	4
41A3	5BB8	4
41A4	7A7F	12
41A5	8CD3	14
41A6	6DF1	4
41A7	7AA9	6
41A8	51A5	4
41A9	51A5	14
41AA	8154	4
41AB	7255	8
41AB	7A93	14
41AB	7A97	12
41AB	7ABB	8
41AC	9723	6
41AD	7C33	4
41AD	8ED2	4
41AF	7AB6	4
41B0	5969	4
41B1	6DE1	4
41B1	7AAA	4
41B2	5EB7	4
41B3	9083	8
41B3	285C9	4
41B5	7F7E	4
41B6	7126	4
41B6	7AAF	4
41B7	77DE	4
41B8	7C26	4
41BA	6F58	4
41BB	7AC5	14
41BC	7AA0	4
41BE	7C43	4
41C0	7ABA	4
41C0	7F87	4
41C1	861A	4
41C2	6106	6
41C2	8F9B	8
41C3	7AE2	14
41C6	6296	4
41C7	6C13	12
41C8	5F84	4
41C9	59AC	4
41CA	7AD1	4
41CB	54C6	4
41CC	785D	4
41CD	9F6A	4
41D0	642F	4
41D0	849E	4
41D1	5A62	4
41D2	5C46	12
41D2	5C4A	4
41D3	9700	4
41D3	9808	4
41D4	5B34	4
41D5	5B2C	4
41D7	67A9	4
41D8	6C10	4
41D9	5F15	4
41DA	64B2	4
41DA	6534	4
41DB	82B7	4
41DC	7B11	4
41DE	82F7	4
41DF	8171	4
41E1	677C	12
41E2	7F5F	4
41E2	82E6	4
41E5	7B2E	14
41E6	82F1	2
41E7	7B95	12
41E9	41F3	4
41E9	66F3	4
41EB	7BE6	4
41EC	8331	4
41ED	6833	14
41EF	8037	4
41F0	4E1E	4
41F0	7B6E	4
41F1	7B98	4
41F2	7B74	14
41F5	6C82	4
41F5	7B35	4
41F6	7B69	4
41F8	7BC1	4
41F9	7B98	14
41F9	7B9F	8
41FA	8C46	6
41FC	9095	4
41FD	83E5	4
41FE	8A00	4
41FF	7B56	6
4200	7B27	4
4201	7C65	4
4202	7B04	4
4203	6CBC	4
4203	7B35	4
4204	83E1	4
4205	7BD7	12
4206	623E	4
4207	7F69	2
4208	7B06	4
4209	7B91	12
420A	590C	4
420B	6C93	4
420C	83F9	4
420D	76F2	4
420D	82DC	4
4210	69F6	4
4211	8435	4
4212	8E50	4
4213	845B	4
4214	7B33	4
4214	846D	10
4215	5319	4
4216	842A	4
4217	8470	4
4218	8332	4
421A	82D4	4
421B	7B27	4
421C	6C81	4
421D	80E5	4
421E	7AFA	12
421E	7BE4	14
421F	5D31	4
4220	7230	4
4221	8471	4
4222	8448	4
4223	7B71	4
4224	9257	14
4225	7B4B	14
4226	847C	4
422A	7BD9	4
422B	7D0D	4
422C	84B2	4
422D	8490	4
422E	849F	4
422F	5BD8	4
4230	68A2	4
4230	7B72	4
4232	822C	4
4232	846E	4
4233	7FE5	4
4234	84B9	4
4235	84CA	4
4236	84C9	4
4237	683C	14
4238	851B	4
4239	4264	8
4239	7C54	14
423A	7D42	4
423B	812F	4
423D	83EB	4
423E	68A2	4
423E	7A0D	4
423F	84C2	4
4240	8517	4
4241	8046	4
4243	8523	4
4244	9675	4
4246	8526	4
4248	4264	4
4248	6563	4
4249	89DA	4
424A	7C1E	4
424B	5A9A	4
424C	968A	4
424D	60B6	4
424D	7C21	4
424E	68E0	4
424E	85C1	4
424F	85A2	4
4251	856A	4
4253	6A14	4
4254	6B98	4
4254	7B8B	4
4255	7F7E	4
4256	7B2D	14
4257	63D6	4
4258	68D5	4
4259	7BD4	14
425A	750D	4
425B	8581	4
425C	8599	4
425D	7FA9	4
425E	611F	4
425E	7BB4	4
4260	8587	4
4261	4EB6	4
4262	8594	4
4263	5BEB	4
4265	6460	4
4266	9077	4
4267	5289	4
4268	85D9	4
4269	6A1E	4
426A	85DF	4
426B	85DC	4
426C	5EE2	4
426E	85FA	4
426F	8CE2	4
4270	9AB9	4
4271	6A1E	4
4272	5F4C	4
4273	861A	4
4274	8618	4
4275	7C51	10
4275	994C	12
4276	7BD7	4
4277	5DD6	4
4278	8FAF	4
4279	9748	4
427A	7CA0	12
427B	79D6	4
427C	6599	14
427D	88A2	4
427E	79D5	6
427E	7C83	6
427F	7CCA	6
4280	7CCA	14
4281	9291	4
4282	758E	4
4282	7CBD	4
4283	73EE	4
4285	7CAD	4
4285	9298	4
4286	7CD7	4
4287	9914	14
4288	6885	4
4289	7CBD	4
428A	414F	12
428B	58EE	6
428B	58EF	6
428B	599D	8
428B	7CA7	8
428D	9ECE	4
428E	7C8D	4
428F	7CC2	4
428F	7CDD	12
4290	991B	4
4291	97FF	8
4291	9909	14
4292	7CBE	14
4293	7994	4
4294	7150	4
4295	9958	4
4296	6960	4
4297	4163	6
4299	7CB2	4
429A	69CC	4
429C	69EB	4
429D	87CB	4
42A0	6C17	4
42A0	6C23	12
42A0	993C	8
42A1	9945	4
42A2	6F3F	14
42A3	6A6B	4
42A5	7E61	4
42A6	7CE6	4
42A7	5C41	4
42A8	7FB8	4
42A9	6A4E	4
42A9	6F58	8
42AA	7CF2	14
42AB	7F6A	4
42AC	7A1E	4
42AD	6AAE	4
42AE	6AC2	4
42AF	64F4	4
42B0	6AE7	4
42B2	7C9F	4
42B2	93DF	4
42B3	9761	4
42B4	7C61	4
42B5	7D7F	14
42B7	7D14	8
42B7	7DC7	14
42B8	7D06	14
42BA	7D5A	4
42BB	6B38	4
42BC	7949	4
42BD	8882	4
42BF	7D0B	4
42C0	6246	4
42C1	7D86	14
42C2	7D5E	4
42C3	7D46	4
42C4	7DB2	14
42C7	42C6	4
42C7	7E79	8
42C7	91C8	4
42C8	7D6E	4
42C9	67FC	4
42C9	7D35	4
42CA	67FE	4
42CA	7D15	4
42CB	7F60	6
42CC	5805	4
42CD	7D45	4
42CE	7DBB	14
42CF	795A	4
42CF	7D06	4
42D0	7D68	4
42D1	7D0D	4
42D3	7E10	14
42D5	7D1D	14
42D7	5805	12
42D8	7E0B	14
42D9	7DDD	4
42DA	7FFC	14
42DA	26402	8
42DB	7D99	4
42DC	7DAE	14
42DF	7D9B	4
42DF	8DFD	4
42E0	88DC	14
42E1	7D13	14
42E2	7D2E	4
42E2	8707	4
42E3	7E41	14
42E4	7D04	4
42E4	7D20	4
42E5	7DB6	4
42E6	6885	4
42E6	7D41	4
42E7	7D47	14
42E8	7D50	4
42E8	8E23	4
42E9	873A	4
42EA	5A40	4
42EB	7D33	4
42EB	931A	4
42EC	3B87	4
42EC	6BEF	8
42EC	7DE6	4
42ED	7D79	4
42ED	9325	4
42EE	7DAD	4
42EE	9249	4
42EF	7DAE	14
42F0	7E82	4
42F1	6584	4
42F2	7E04	4
42F2	7E69	12
42F3	8919	14
42F4	7CC5	4
42F4	7DB5	4
42F5	8910	4
42F6	983B	4
42F7	7DAE	4
42F7	936A	4
42F8	5FAA	4
42F9	5E45	14
42FA	97A6	12
42FB	7D1D	4
42FC	6979	4
42FC	7E0A	4
42FD	6E57	4
42FF	7E32	4
4300	874C	4
4301	6946	4
4301	7E39	4
4302	63E1	2
4303	7D83	12
4304	7D86	14
4306	69D0	4
4307	7D22	14
4308	6428	4
4309	7DB1	14
430C	8936	4
430D	69FF	4
430F	6A12	4
4311	5805	12
4312	6A1A	4
4312	7E8A	4
4313	7E41	14
4314	6F1A	4
4315	7E3B	14
4316	894D	4
4317	6A45	4
4318	5E63	4
4319	27752	4
431A	7E39	4
431B	7E47	12
431C	3492	4
431D	7D3A	4
431E	6AA2	4
431F	6FBC	4
4320	7E41	4
4321	79AE	4
4322	4665	4
4323	7DB0	4
4324	7D41	12
4325	7A69	4
4326	6AC2	4
4327	7D2C	14
4328	6AAB	4
4328	8521	4
4329	896A	4
432A	7E5D	4
432B	7E9C	2
432C	6AF3	4
432D	6A35	4
432E	5B40	4
432E	7E7B	4
432F	6B0A	4
4331	701B	4
4333	7D41	14
4334	7FB8	4
4342	7F38	4
4346	7ADA	4
4346	7F3C	4
4347	7F3C	4
4348	74F6	12
4348	7501	8
4348	7F3E	14
4349	67B3	4
434A	86DF	4
434B	9318	4
434C	74FF	4
434D	7A40	4
434E	97C9	4
434F	7F51	12
434F	7F52	8
4350	7F55	14
4351	7F55	14
4353	7A7F	4
4354	5B8F	4
4355	7F60	4
4358	7C9F	4
435A	7F60	4
435B	7B87	4
435B	7F5F	4
435C	7F79	4
435D	6C93	4
435D	7F72	4
435E	7F6D	14
4361	9E97	4
4362	856A	4
4363	857E	4
4364	64E0	8
4364	973D	4
4365	9742	4
4367	7242	14
4368	6C9B	4
4368	7F9A	4
4369	990A	14
436A	6CAB	4
436A	7F9C	4
436B	6CB1	4
436B	7F9C	4
436C	6CD9	4
436C	7F9C	4
436D	7242	14
436E	6D2E	4
436F	7F9D	4
436F	8106	4
4371	7F9A	4
4372	730A	4
4373	88F0	4
4375	7319	4
4377	6E4B	4
4378	6EA5	4
4379	7FB6	2
437A	6F36	4
437B	6F60	4
437C	6F5B	4
437D	701D	4
437E	7FD4	4
437F	51F0	4
4380	26402	4
4381	8A61	4
4382	888D	4
4384	8A61	4
4385	7FCA	4
4386	7FCC	4
4387	7FCA	4
4387	26A1E	4
4388	62FD	4
4389	77DE	6
438A	8A61	4
438A	96D2	4
438B	8A61	4
438C	6349	4
438D	8AA7	4
438F	8A61	4
4390	671D	4
4390	7FFA	4
4391	7CB6	4
4392	6B98	4
4394	7E1B	4
4395	84CA	4
4396	7511	4
4396	7FEE	4
4397	7FEE	4
4398	7FEE	4
4399	7FFA	4
439A	8B7F	4
439C	8001	4
439D	7FE5	14
439F	59CD	4
439F	7CAB	4
43A0	611E	4
43A0	61E6	4
43A1	800E	12
43A2	4E7E	4
43A2	8019	4
43A3	801C	12
43A8	63A9	4
43A9	83D1	4
43AA	68CF	4
43AF	71AF	4
43B0	8021	4
43B1	62FD	2
43B1	66F3	2
43B1	8019	12
43B3	803C	4
43B4	8056	4
43B5	6065	4
43B7	54AE	4
43B8	6664	4
43B9	805E	14
43BA	7318	4
43BB	8CD9	4
43BC	35A8	4
43BD	805E	6
43BF	557E	4
43C0	5587	4
43C1	7E21	4
43C3	7791	4
43C4	81A3	4
43C5	969B	4
43C6	825A	4
43C7	779F	4
43C8	6523	6
43C8	8068	8
43C8	806F	12
43C9	96B0	4
43CA	807E	14
43CB	7C9B	6
43CB	8085	14
43CC	4F7E	4
43CD	8099	5
43CE	808C	4
43CF	5401	4
43D0	80E6	4
43D1	7099	14
43D2	80D6	4
43D3	8118	4
43D4	8098	4
43D4	8844	4
43D5	98EA	12
43D7	6C7D	4
43D8	80A5	4
43DA	7707	4
43DB	6600	4
43DC	670D	4
43DF	59BC	4
43E0	6C41	4
43E2	670D	4
43E3	86C6	12
43E4	56DF	4
43E4	9856	4
43E5	8043	4
43E6	8052	4
43E7	7735	4
43E8	80C6	4
43E9	8105	6
43EA	54A1	4
43EC	7738	6
43ED	54AE	4
43EE	8107	2
43EF	75E3	14
43F2	80C5	4
43F3	6663	4
43F4	54E8	4
43F6	9AC0	12
43F8	6664	4
43F8	9B5A	8
43F9	774D	4
43FB	80FD	14
43FC	8CE4	4
43FD	8CE0	4
43FE	8160	4
4400	638E	4
4401	8C5A	5
4402	35A8	4
4404	9677	4
4407	543B	12
4407	5507	4
4407	8123	8
4409	8133	4
4409	8166	4
440A	991B	4
440B	8061	4
440C	500E	8
440C	8146	12
440D	4422	14
440E	777C	4
440F	6699	4
4410	557E	4
4416	54BF	4
4417	732A	2
4417	8C6C	2
4418	6696	4
4419	8188	6
441A	811A	4
441B	80EF	4
441D	55E9	4
441E	5ACB	4
441F	8CFC	4
4420	8B0A	4
4421	81CD	14
4423	6B9E	4
4425	6EC3	4
4427	7292	4
4427	81DB	4
4428	89F3	4
442B	8E64	4
442C	825A	4
442D	825C	4
442E	93DF	4
442F	6A0F	4
4430	7F9E	14
4431	8169	4
4431	8E62	4
4432	647A	4
4432	81A0	4
4433	9B5A	12
4434	66C1	4
4437	6BAB	4
4438	8195	4
4439	562F	4
443B	8F9C	4
443C	7E22	4
443D	779E	4
4440	7656	4
4441	7910	4
4442	74B5	4
4443	6726	5
4444	761C	4
4445	808B	14
4448	76AA	4
4449	701B	4
444A	81B8	4
444C	721B	4
444D	766D	6
444E	6BB2	4
4450	73CE	4
4450	81E4	4
4451	50D5	14
4453	53F0	2
4453	81FA	2
4454	80BA	4
4455	9F20	14
4455	9F21	8
4457	6698	4
445A	751C	14
445C	789F	4
445D	659D	14
445E	821C	14
445F	845F	4
4460	8221	4
4462	26A1E	4
4463	5F64	4
4464	8232	4
4466	8238	4
4467	80D5	4
4467	8234	4
4468	67C1	8
4468	8235	14
446A	8239	4
446B	823C	4
446C	773A	4
446C	823C	4
446D	8221	4
446F	7747	4
4470	965F	4
4470	26A58	4
4471	8155	4
4471	8235	4
4472	6AC2	14
4473	5D18	4
4474	823C	4
4479	8258	12
447A	5E06	2
447B	8240	4
447B	8763	4
447C	4422	4
447D	584C	4
4480	7B26	4
4480	80D5	4
4481	647A	4
4481	8236	4
4482	3BCD	8
4482	69F3	14
4483	9020	14
4484	64CB	4
4484	8262	4
4485	4476	4
4488	5674	4
4489	511B	4
448C	8274	4
448D	65C1	4
448D	8276	4
448E	8274	4
448E	83BD	4
448F	66FE	4
448F	8276	4
4490	77A2	4
4490	8276	4
4491	8278	2
4491	8279	2
4497	4E5E	4
4497	829D	4
4498	8470	12
449A	838E	4
449C	7262	4
449C	82E7	4
449D	827E	4
449E	5198	4
449E	83B5	4
449F	4E39	4
449F	6B6C	4
44A0	4E30	4
44A1	5F15	4
44A1	828E	4
44A2	8306	4
44A3	82D2	14
44A4	82DC	4
44A5	82BE	4
44A6	829D	4
44A7	82B8	4
44A8	7B36	4
44A9	83AB	4
44AA	5F03	4
44AA	83BD	12
44AC	66AE	4
44AC	83AB	14
44AD	7B49	14
44B0	7B50	4
44B1	84B8	14
44B2	597C	4
44B2	83C7	4
44B4	80B4	4
44B5	597D	4
44B5	83C7	4
44B6	5929	14
44B7	7B48	4
44B8	7B3D	4
44B9	8309	4
44BA	7D22	4
44BB	8303	4
44BC	66F2	8
44BC	7B41	4
44BD	82AE	4
44C1	7B49	12
44C2	8A48	4
44C3	82AD	4
44C4	837B	4
44C4	83E5	4
44C5	82B9	14
44C6	83E5	4
44C7	5687	4
44C7	8D6B	4
44C8	5F79	4
44C8	846E	4
44C9	6930	4
44CA	8323	12
44CB	82D4	8
44CB	83E0	4
44CC	5FD7	4
44CC	6059	4
44CD	8349	4
44CE	707C	4
44CE	846F	4
44CF	82A3	10
44CF	8395	4
44D0	83F4	4
44D1	840D	14
44D2	84AF	6
44D7	68E3	4
44D7	8471	8
44D7	8525	14
44D8	6677	4
44D8	8316	4
44D9	4E56	4
44DA	5F82	4
44DB	5D2B	4
44DC	6CDC	4
44DD	5B5F	4
44DE	623E	4
44DE	82A6	4
44DF	8322	4
44E0	6C93	4
44E0	8457	4
44E1	77E5	4
44E1	8339	4
44E2	7B87	4
44E3	34BC	4
44E4	8471	4
44E5	8349	4
44E6	5178	14
44E7	4E9F	14
44E7	710F	8
44EA	26CDD	4
44ED	5239	4
44ED	82C5	4
44EE	8306	6
44EF	6BD2	4
44F0	8335	14
44F1	67F4	4
44F1	8308	12
44F3	5F88	4
44F3	831B	4
44F4	6ABD	8
44F4	800E	4
44F5	5D53	4
44F6	85FE	12
44F7	8347	14
44F7	8395	14
44F8	59E7	4
44F9	9950	14
44FA	863C	14
44FB	8532	4
44FC	5396	4
44FC	83C7	4
44FD	8A18	4
44FE	5A11	4
44FF	83E1	14
4500	837D	4
4500	8470	12
4501	6817	4
4502	5BB0	4
4502	8398	4
4503	7956	4
4504	7AB0	4
4505	54E5	4
4505	82DB	4
4507	8373	4
4507	8C48	4
4509	849C	4
450A	84F1	4
450C	5893	4
450C	768B	4
450E	84BE	4
450E	901F	4
4510	7B8B	4
4511	659C	4
4511	842A	4
4512	84D3	4
4513	8A31	4
4514	7ADF	4
4514	858F	4
4515	812F	4
4516	83F1	12
4516	8506	12
4517	7965	4
4519	846F	4
4519	91E3	4
451A	8123	4
451A	84D0	4
451C	8043	4
451D	7D2B	4
451E	7387	4
451F	7C03	4
4520	68A2	4
4520	77DF	4
4521	8323	8
4521	858A	4
4521	9B5A	4
4522	83EF	14
4523	7281	4
4523	853E	4
4524	8469	4
4525	856D	2
4527	853E	12
452A	83A2	4
452D	752F	4
452F	84DC	4
452F	9164	4
4531	63D6	4
4531	847A	4
4532	6A59	4
4533	7136	4
4534	83FD	4
4535	8551	6
4536	63D0	4
4537	7434	4
4539	968A	4
453A	968B	4
453B	6566	4
453C	854B	4
453D	6E34	4
453D	FA1F	4
453E	63ED	4
453E	FA1F	4
453F	5C0A	4
4540	6B3E	4
4540	7ABE	4
4541	68D0	4
4543	852D	2
4544	8462	4
4544	84B8	4
4545	5AC2	4
4546	6961	4
4547	5EC6	4
4547	8490	4
4548	5C5F	12
4548	5C67	4
4549	776A	4
4549	84FD	4
454A	4EB6	4
454B	5858	4
454B	84CE	4
454C	7A1A	12
454C	7A49	12
454D	88D4	4
454F	83AA	14
4551	8470	14
4552	5609	4
4553	5BDF	4
4553	8521	4
4554	929C	4
4556	84C0	14
4557	9F3B	4
4558	82D3	4
4559	622A	4
4559	7C56	4
455A	8562	14
455D	7A31	4
455D	85CA	4
455E	83A8	8
455E	85FA	4
455E	95AC	4
455F	8208	4
455F	85C7	4
4561	8551	4
4561	95AD	4
4562	78CB	4
4563	85F9	4
4563	8910	4
4564	8604	14
4565	82E8	14
4567	832D	4
4568	85E4	14
456A	6FA4	8
456A	8600	12
456B	5914	12
456B	8641	8
456C	8591	14
456D	84FA	4
456E	83CA	14
4570	85E9	6
4571	860B	4
4571	982D	4
4572	83FB	6
4573	5F4C	4
4574	8613	4
4575	9D60	4
4576	8B77	14
4577	7E3B	4
4577	85E6	4
4578	7A2D	4
4579	96DC	4
457A	53E2	12
457B	7C6D	4
457C	96E3	4
457D	8E85	4
457E	5DD6	4
457F	9E1B	4
4580	56C2	4
4581	5104	8
4581	8B69	4
4582	6523	4
4583	78CA	4
4583	82E5	4
4585	9748	4
4586	91C0	4
4587	6B1D	12
4587	9B31	14
4588	8650	14
4589	8656	4
458B	8650	14
458C	5287	4
458C	5F6A	4
458D	8654	12
458F	51E6	14
458F	8655	14
4591	5F6A	4
4593	7425	4
4594	7425	4
4596	72CE	4
4597	7BB4	4
4597	8655	4
4598	5154	8
4598	6AA1	8
4598	83B5	8
4598	83DF	8
459A	9DC9	4
459B	7D22	4
459C	3B1C	4
459D	866B	2
459F	867B	14
459F	8771	14
45A1	86C6	4
45A2	7385	4
45A2	868A	4
45A3	86A4	14
45A4	873F	14
45A5	8765	10
45A6	7D40	4
45A6	86B0	4
45A7	8707	12
45A8	45EA	12
45A9	869D	4
45AA	7826	4
45AA	871A	4
45AB	868C	14
45AD	8695	4
45AE	56AE	2
45AE	8801	14
45AF	86D9	6
45B3	86C7	4
45B4	73E7	12
45B5	866B	4
45B5	87F2	4
45B7	7A00	4
45B7	86D5	4
45B8	86FE	2
45B9	86D1	4
45BA	689D	4
45BB	47FD	4
45BC	8710	4
45BD	870A	14
45BF	870A	12
45C0	8737	4
45C2	7425	4
45C2	8723	4
45C3	8749	4
45C3	87EC	4
45C4	28A1E	4
45C6	742F	4
45C6	86C7	4
45C7	7CB7	4
45C8	867B	14
45C8	8771	14
45C9	870E	4
45C9	9329	4
45CA	86FA	4
45CB	86D1	6
45CC	873B	14
45CD	8803	8
45CD	8821	14
45CE	5819	4
45CE	8757	4
45CF	878B	12
45D0	65BD	4
45D0	87AB	4
45D1	715C	4
45D1	8757	4
45D2	86B6	4
45D2	21336	4
45D3	8066	4
45D4	5820	4
45D4	8766	4
45D5	873F	14
45D8	69BC	4
45D8	87A0	4
45D9	86EC	4
45D9	8E47	4
45DA	6991	4
45DA	8705	4
45DC	7460	4
45DC	87E0	4
45DD	8695	6
45DD	8836	14
45DE	8695	14
45DE	8836	14
45E0	65CB	4
45E0	87AF	4
45E1	5AE3	4
45E2	86A4	14
45E3	87C1	4
45E4	5889	4
45E6	8702	14
45E7	7CE0	4
45E8	6F01	4
45E9	7E2C	4
45EB	87C6	14
45EB	87C7	8
45EC	8702	12
45EE	723D	4
45EE	86FA	4
45EF	74A1	4
45F0	87E6	4
45F1	87C6	4
45F1	8E7C	4
45F2	7498	4
45F2	7CA6	8
45F2	877C	4
45F3	8E6C	4
45F5	8760	4
45F6	874B	8
45F6	881F	14
45F7	6A8D	4
45F7	87EA	4
45F8	7515	4
45F8	8801	4
45F9	869D	12
45F9	87CB	8
45FA	8711	6
45FC	58CE	4
45FC	87ED	4
45FD	58C5	4
45FD	883B	4
45FE	8706	6
45FF	6AB8	4
4600	86D7	14
4600	961C	8
4601	45B8	4
4601	622A	4
4603	7E86	4
4604	7FE5	4
4604	8822	4
4605	80FD	4
4606	87EA	4
4607	8689	8
4607	868A	14
4607	87C1	8
4609	8695	6
4609	8836	14
460C	273FE	12
460D	8806	12
460E	7063	4
460F	6064	2
4610	8842	8
4610	8844	14
4611	8108	10
4611	8109	14
4612	756F	4
4613	5557	4
4613	8844	4
4614	54AF	8
4614	5580	14
4615	8852	4
4616	3605	8
4616	5563	8
4616	8858	6
4616	929C	14
4618	5FA1	4
4619	885B	6
4619	885E	14
461A	5346	8
461A	5352	14
461C	5DFE	14
461D	6759	4
461F	67F9	4
461F	88A2	4
4621	6BD6	4
4621	888B	4
4622	7D35	4
4622	887F	4
4623	27631	4
4624	79EB	4
4625	795E	4
4626	888D	4
4628	6821	4
4629	6042	2
462A	7D71	4
462B	88BD	14
462C	88D3	4
462D	684E	4
462D	88BF	4
462E	55AA	14
462F	7D83	4
462F	8919	4
4630	892A	4
4631	6BD3	8
4631	80B2	8
4631	88D5	14
4633	887F	12
4633	895F	14
4634	886F	4
4635	7984	4
4636	6DB5	4
4637	88F2	4
4638	68ED	4
4639	690A	4
463A	7DBB	14
463B	8919	4
463C	6900	4
463D	502A	4
463D	8996	4
463E	7DB0	4
463F	5014	4
463F	88FE	4
4640	7E43	10
4642	886F	4
4643	6955	4
4643	8919	4
4644	63D2	4
4644	8896	4
4645	6946	4
4645	8904	4
4646	63C6	4
4647	611E	4
4648	7DF1	4
4649	696F	4
4649	88FE	4
464E	5FAF	4
464F	8584	4
4650	798F	4
4651	7E17	14
4652	6410	4
4652	8960	4
4654	6A1E	4
4655	8937	4
4656	7E43	14
4657	88FC	8
4658	69ED	4
4658	88D3	4
465A	88CA	14
465B	889E	12
465C	7E2B	8
465C	9022	4
465D	893B	12
465E	6A59	4
465F	570D	4
465F	8918	4
4660	6A5B	4
4661	7D75	4
4661	7E6A	4
4663	7DCB	4
4666	511A	4
4668	88F9	4
466C	6AFB	4
466D	8930	14
466E	6B0A	4
466F	69ED	4
466F	8E59	4
4672	9077	4
4673	719B	14
4673	7968	8
4674	9077	4
4677	5F97	14
4678	5F97	14
4678	6DC2	4
4679	8996	4
4679	90A2	4
467A	5EC9	4
467C	786F	4
467C	90B5	4
467D	8994	4
467E	4F3A	4
467E	65BD	4
467F	6898	4
4680	774D	4
4680	26A1E	4
4681	8997	4
4682	8996	4
4682	8D6C	4
4683	5363	4
4683	8998	4
4684	525D	4
4684	92E7	4
4685	89A1	4
4685	90F2	4
4686	82F1	4
4687	7701	4
4687	89A9	4
4688	7504	4
4688	89AC	4
4689	5951	4
468A	9DC1	4
468B	9116	4
468D	89BF	12
468E	8202	4
468E	89A9	4
4690	667A	4
4690	89B3	4
4691	89BF	4
4692	7AE5	4
4692	89B2	4
4693	8983	4
4693	89AF	4
4694	89BF	4
4694	8CD3	4
4695	9148	4
4696	89A1	4
4696	9748	4
4697	625B	12
4698	8861	4
4699	7D59	4
4699	89DD	4
469A	89E5	4
469A	9291	4
469B	89E6	4
469B	8AA5	4
469C	89F6	4
469C	9AC0	4
469D	89E7	4
469D	9189	4
469F	6B79	4
46A0	9BE4	4
46A2	89EB	4
46A2	9C08	4
46A3	9BF7	4
46A5	9C2F	4
46AA	9BC0	8
46AA	9C25	4
46AB	656B	4
46AB	8D05	4
46AC	9C57	4
46AD	9A69	4
46B0	8A1B	14
46B0	8B4C	8
46B1	4FE1	6
46B2	59CD	8
46B2	8A15	14
46B4	80E1	4
46B4	8A5B	4
46B5	6296	4
46B5	8A08	4
46B7	8A87	4
46B8	8A22	4
46BA	8B20	14
46BA	8B21	14
46BB	8B20	4
46BB	8B21	4
46BC	8A5B	4
46BD	8017	4
46BE	8A3B	4
46BF	6B2F	4
46BF	8A23	4
46C0	5476	4
46C1	5583	4
46C3	8A75	4
46C4	8155	4
46C5	55D1	12
46C6	546A	4
46C6	5492	4
46C7	8A2D	4
46C8	8A93	4
46C9	7720	4
46C9	8A46	4
46CA	8A33	4
46CA	9259	4
46CB	8AA0	4
46CC	7832	4
46CF	6CE5	4
46D0	8A5E	14
46D1	8B10	14
46D2	5F01	6
46D2	8FAF	14
46D4	8AD6	4
46D5	8ADB	14
46D6	8A4D	14
46D7	5501	4
46D7	9824	4
46D8	8A91	4
46DC	8A0A	12
46DD	8B21	4
46DF	4039	4
46DF	8AA3	4
46E0	8B49	4
46E1	8A71	14
46E2	8A98	4
46E3	8058	4
46E3	8AE4	4
46E4	8ADF	4
46E5	774E	4
46E5	8AE6	4
46E6	8A1F	14
46E8	8AC4	4
46E8	8F9E	4
46E9	60AA	4
46E9	60E1	4
46EA	7A79	4
46EA	8A87	4
46EB	8139	4
46EB	8A46	4
46EC	7DAF	4
46EC	8A62	4
46ED	6DAC	4
46ED	8B6F	4
46EE	548E	4
46F0	8ADF	4
46F1	28A29	4
46F2	8B3E	14
46F3	8A6B	4
46F4	7895	4
46F4	8B0C	4
46F5	6388	4
46F6	8A84	14
46F7	5A49	4
46FA	8AA1	14
46FB	5500	8
46FB	7F90	8
46FB	7F91	8
46FB	8A98	14
46FC	6BC0	8
46FD	8B21	4
46FD	9364	4
46FE	8B00	4
46FF	8188	4
46FF	8B2B	4
4703	5806	4
4704	7A49	4
4705	8AB0	4
4706	9EBF	4
4707	8B72	4
4708	52E6	4
4709	819D	4
4709	8A35	8
4709	8B00	4
470A	5608	12
470B	77B6	4
470B	8B83	4
470D	77AD	4
470D	8B1C	4
470E	8B17	4
470F	6A62	4
470F	8ACB	4
4710	58AE	4
4711	60AA	4
4711	60E1	4
4712	7907	4
4713	8ADC	6
4715	8D0E	4
4717	8AF4	4
4717	8F57	4
4718	8B66	14
4719	6FD5	4
471A	8B5E	4
471A	905D	4
471B	8B92	14
471C	6FEC	4
471C	8B6B	4
471D	7E7C	4
471E	81CD	4
471F	8B96	14
4720	8B83	4
4721	8030	4
472A	6B32	4
472B	537B	4
472B	77FC	4
472C	5CAB	14
472D	6FEC	4
472D	777F	4
472E	7262	4
4730	769E	4
4731	8B3E	4
4734	8C49	4
4735	8C49	14
4736	8C49	4
4737	8C49	4
4738	8249	4
4738	982D	4
4739	9165	14
473A	8E16	4
473B	8C49	14
473C	8765	4
473C	8C4E	4
473D	8E30	4
473E	6697	4
4741	58F9	4
4741	71DF	4
4742	7AEA	2
4742	8C4E	14
4745	7524	4
4747	8C57	14
4749	8499	12
474A	6377	4
474C	60D9	4
474C	8C6D	4
474D	63EE	4
474E	8C92	4
474F	802C	4
4752	9A5F	4
4753	9B23	4
4754	8C9B	14
4755	651D	4
4756	6293	4
4757	8C85	14
4758	6BC5	14
475B	62AB	4
475B	8C82	4
475C	72FB	12
475D	7317	14
475E	53F7	6
475E	865F	14
475F	8C98	4
4760	4764	4
4762	8C99	4
4763	78F2	4
4765	5637	14
4767	7717	4
4768	8CE2	14
4768	8D12	8
4769	8CD1	14
476A	777C	4
476A	8CB6	4
476B	80D9	4
476D	7717	4
476E	8852	14
476F	8CA4	14
4770	6642	4
4771	8105	4
4773	8CE2	4
4774	9F4E	14
4775	812F	4
4777	667A	6
4779	8155	4
477A	8CAB	14
477B	8CE0	4
477C	775B	4
477D	775A	4
477E	8CE6	14
477F	8CB4	14
4780	777A	4
4783	6557	4
4783	7DFB	4
4784	4FF5	4
4785	8CBD	4
4786	55E9	4
4787	8D04	6
4788	8CA8	4
4791	8D66	4
4791	91ED	4
4792	9285	4
4793	8D6C	14
4793	9833	8
4794	8249	4
4794	8D67	4
4795	6E1D	4
4796	8D8A	4
4797	8D74	4
4798	8D77	4
4798	8FC4	4
479B	8D85	4
479B	9EAA	4
479C	4EC6	8
479C	8E23	12
479D	8D84	4
479F	8D84	4
47A1	8D84	4
47A2	8FEE	4
47A3	577C	4
47A3	8D74	4
47A4	8D85	4
47A5	8D99	4
47A6	8DA6	4
47A7	9005	4
47A8	8DEC	14
47A9	8D85	4
47AA	5320	4
47AA	8D84	4
47AB	8DA6	4
47AC	900F	14
47AD	9021	4
47AE	9014	4
47AF	8D95	4
47B0	26017	4
47B1	9027	4
47B3	4EC6	8
47B3	8E23	12
47B4	9031	4
47B5	8743	4
47B6	8D95	4
47B6	9037	4
47B7	5800	4
47B9	9051	4
47BA	8D99	4
47BA	9041	4
47BB	8E34	4
47BC	7AC4	14
47BE	905E	4
47BF	8E47	4
47C0	8E49	4
47C1	7485	4
47C2	8D95	4
47C2	93DD	4
47C3	7CDD	4
47C3	8D81	4
47C4	7E3E	4
47C5	8E54	4
47C6	8E55	12
47C7	8D8A	4
47C8	8D8A	4
47C8	9435	4
47C9	8E85	4
47CA	907D	4
47CB	8D99	4
47CC	622A	4
47CC	8DAF	4
47CD	908A	4
47CF	8D95	4
47D0	58E2	4
47D1	8E8D	4
47D2	8DAF	4
47D3	4EC3	4
47D3	914A	4
47D4	8D74	4
47D4	8E23	4
47D5	8869	4
47D5	8DC2	4
47D6	8DBE	14
47D7	8210	4
47D8	676D	4
47D8	8DE1	4
47D9	780C	4
47D9	8DD1	4
47DB	8E44	4
47DC	868B	4
47DD	6BB5	4
47DD	8DC2	4
47DE	8E70	8
47DF	4FC3	8
47E0	8D8A	4
47E1	80DD	4
47E2	8DC8	14
47E3	9265	4
47E5	9AE6	2
47E6	8DCB	14
47E7	7551	4
47E8	7720	4
47E8	8DDF	4
47E9	88AA	4
47E9	8DBA	4
47EA	8CB6	4
47EB	5BD4	4
47EB	68E0	4
47EC	86AF	4
47ED	963C	14
47EE	5310	4
47EF	86DE	4
47F0	73E9	4
47F1	50C4	8
47F1	8DE1	10
47F1	8E5F	8
47F1	8FF9	14
47F4	8DDF	4
47F7	8725	4
47FA	72FD	4
47FB	870D	4
47FB	8E2A	4
47FC	6B66	8
47FC	8CE6	4
47FC	8DF5	4
47FD	758F	2
47FE	8743	4
4800	92FF	4
4801	8E8B	14
4802	695A	14
4803	8E63	4
4805	8E0A	4
4806	8E09	4
4807	6398	4
4807	8E1E	4
4808	57ED	4
4809	902D	4
480A	5255	12
480B	9AC0	4
480D	8766	4
480E	9F77	14
480F	777D	4
480F	8E6C	4
4810	8E36	4
4811	8DEC	4
4812	8774	4
4813	8764	4
4813	8E6D	4
4814	968A	4
4817	55C5	4
4819	8E44	4
481A	8E44	4
481B	7464	4
481C	8338	4
481C	8E50	4
481D	5864	4
481D	8E5F	4
481E	8E59	14
481F	87C4	4
4820	6EDE	4
4820	6EEF	4
4821	6A1D	4
4822	77A2	4
4824	87EC	4
4824	8E55	4
4826	8E93	4
4827	58B8	4
4827	8E87	14
4828	87FE	4
4829	7A62	4
482A	7E7C	4
482B	9A5F	4
482C	8E91	4
482C	9127	4
482D	5B3E	4
482E	9A30	14
482F	9470	4
4830	8E21	14
4831	880B	4
4831	8E85	12
4833	5C04	4
4833	90AA	4
4834	5C04	4
4835	5C04	4
4835	80D5	4
4836	5C04	14
4837	773A	4
4838	80EF	4
4838	28277	4
4839	9AB8	14
483B	7AAE	6
483C	8F38	4
483D	8EC6	4
483F	8075	4
4840	81BB	4
4841	6727	4
4842	8ECB	4
4843	8ED4	4
4844	8ECC	2
4846	8EE2	4
4848	8F03	14
4849	822A	4
484A	65AC	4
484A	7548	4
484B	8691	4
484B	8F03	4
484C	8EE2	4
484D	8EFC	4
484F	8EE2	4
4850	8EDB	4
4850	9161	4
4851	7720	4
4851	8F3E	4
4852	8EF8	4
4853	8ED2	4
4854	5925	4
4854	8EEB	4
4855	62EF	4
4856	8F0A	4
4856	8F15	8
4857	978F	4
485A	8F17	4
485B	8ECA	4
485C	9BE5	4
485D	7579	4
485F	979E	4
4860	5E40	4
4861	9347	4
4862	484E	4
4863	8CF1	4
4863	8F49	4
4864	6AE7	6
4865	7A43	4
4865	8F44	4
4867	9DA4	4
4868	5DEE	4
4869	93AE	4
486A	7FF0	4
486A	9A38	4
486B	93C8	4
486C	8F2D	4
486C	93DD	4
486D	7F9E	4
486E	8E64	4
486F	8F40	4
4870	8F42	4
4871	9A45	4
4872	56B2	4
4873	87D6	4
4873	8F19	4
4874	5E62	4
4877	8F44	12
487A	8F4A	14
487D	74DA	4
487E	8F64	4
4883	5288	4
4884	67B2	14
4885	6668	4
4888	9B20	4
4889	8FB2	12
488A	6E38	8
488A	904A	14
488B	5339	8
488B	54C9	4
488C	8FCA	4
488E	8FF8	4
4890	5F82	12
4891	8FD1	4
4892	8FF9	4
4893	5B87	4
4893	8FC2	4
4894	8FE8	4
4895	8D8A	4
4896	5EFA	6
4897	66F2	4
4897	8FEA	4
4899	6557	4
489B	8FE5	14
489C	5E30	14
489C	6B78	14
489C	7688	8
489D	4E9C	4
489D	4E9E	4
489E	6DCB	4
489F	7531	14
48A0	9001	14
48A1	581E	4
48A2	5096	4
48A3	9059	12
48A4	8FF0	14
48A4	9011	4
48A6	7387	6
48A7	9043	4
48A8	8E64	4
48A9	5FA1	14
48A9	79A6	4
48AA	5C69	8
48AA	6A47	14
48AB	968F	14
48AB	96A8	8
48AC	8FC1	8
48AC	9077	14
48AD	7FA8	4
48AE	903C	4
48AE	96F7	4
48B0	8DAF	12
48B1	907A	4
48B1	27DA0	4
48B2	66B9	4
48B2	77CD	4
48B5	9116	2
48B6	90A6	14
48B8	8036	4
48B9	81E4	4
48BB	5367	4
48BC	286FA	4
48BD	5DF7	14
48BE	90BE	4
48BF	90CA	4
48C1	90A2	4
48C2	801C	4
48C2	90F2	4
48C3	5378	14
48C4	53D9	4
48C4	90C3	4
48C5	90FF	4
48C6	5244	4
48C6	90C5	4
48C7	90F2	4
48C8	5DF7	14
48CA	515A	4
48CA	9EE8	4
48CB	90DB	4
48CC	90B8	14
48CD	5944	4
48CF	4F9B	4
48CF	503B	4
48D0	82F1	4
48D1	5EDB	14
48D3	878D	4
48D4	9116	4
48D5	99BF	4
48D6	289BA	4
48D8	5802	4
48D9	5D29	4
48DA	6578	4
48DB	819D	4
48DC	9147	4
48DD	5C60	4
48DD	90FF	4
48DE	9102	14
48DF	6701	4
48DF	9147	4
48E1	7FA9	4
48E1	912F	4
48E2	8024	4
48E3	515A	4
48E3	9EE8	4
48E4	77CD	4
48E4	9147	4
48E5	914D	4
48E6	914A	4
48E7	914A	4
48E8	7D14	4
48E8	9187	6
48E9	9187	14
48EA	9154	4
48EB	9158	4
48EE	9158	4
48EF	9766	4
48F0	91B5	14
48F1	9157	14
48F2	5CC5	4
48F2	915B	4
48F3	8A5E	4
48F3	914C	4
48F4	9157	14
48F5	9162	4
48F6	751C	4
48F7	86DB	4
48F7	9165	4
48F8	51ED	4
48FB	9163	4
48FC	6DBC	4
48FD	918D	4
48FE	8ABC	4
4901	9156	4
4902	8B00	4
4902	9163	4
4903	9185	4
4904	6E4E	14
4905	8AED	4
4905	91B6	4
4906	9197	4
4908	91AF	14
4909	8B10	4
490A	9173	4
490B	9998	4
490D	8E63	4
490E	8B4E	4
4910	8B56	4
4911	87E5	4
4912	8B4F	4
4913	77C7	4
4914	807B	4
4915	8F62	4
4916	66DD	4
4918	8B96	4
4919	8821	4
491A	674E	14
491B	91DA	14
491C	920D	14
491D	925A	4
491E	9217	12
4921	8043	4
4921	92B7	4
4922	91DB	4
4924	9249	4
4925	8DEA	4
4925	92AB	4
4927	9285	4
4929	8A6B	4
4929	9248	4
492B	9471	14
492C	9214	4
492D	9357	4
492E	9214	4
4930	92C6	4
4931	8A93	14
4933	591C	4
4933	93E5	4
4934	51FD	4
4935	6249	4
4937	8758	4
4939	931F	4
493A	65A4	4
493A	91FF	4
493B	9325	4
493B	9C16	4
493D	9332	4
493D	9C25	4
493E	8E48	4
493E	9364	4
493F	9365	4
4940	55E4	4
4940	93A7	4
4941	51FD	4
4943	9310	4
4944	932F	4
4945	7434	14
4946	7434	14
4948	83BD	4
4949	5BC3	4
4949	9471	4
494A	9306	14
494B	70F9	4
494B	931E	4
494C	8A3C	6
494C	8B49	14
494D	87C4	4
494E	8123	4
494F	92D9	4
4950	936A	14
4954	93E2	4
4956	923F	14
4957	6B3E	4
4958	932F	14
4959	968A	4
495A	521D	14
495B	9365	4
495D	71AC	8
495D	93D6	12
495E	7E73	4
495F	696C	4
4960	937C	6
4961	9371	6
4962	93E7	12
4962	9F15	8
4963	947F	14
4964	924B	8
4964	9433	4
4964	96F9	4
4967	7401	8
4967	7487	8
4967	74BF	14
4968	9462	12
4969	5FAE	4
496A	3B0E	4
496B	9244	14
496B	9295	8
496B	9421	8
496B	9435	14
496C	939B	4
496D	8A3C	6
496D	8B49	14
496E	9414	4
496F	7F77	4
496F	947C	4
4970	8771	4
4971	5199	6
4971	5BEB	6
4972	6B50	4
4973	8030	4
4975	66C9	4
4975	9403	4
4976	9B32	14
4978	5F4C	4
4987	9AFB	14
4988	55DF	4
498A	8086	4
498B	55F7	4
498C	958F	4
498D	958E	4
498E	958C	6
498F	95A6	4
4990	958B	4
4991	95A2	4
4992	554F	4
4993	8998	4
4994	9593	4
4995	958B	4
4996	95A3	4
4998	9650	4
4999	5BFA	4
499A	95CA	4
499C	543E	4
499C	95A3	4
499D	8D64	4
499D	958B	4
499E	958F	14
499E	95A0	8
499F	7A4F	14
499F	7A69	14
49A0	8C55	4
49A0	959F	4
49A1	5B98	4
49A1	95AD	4
49A3	95C7	4
49A4	53D5	4
49A5	6797	4
49A5	9591	4
49A6	73E1	8
49A6	7434	14
49A6	7439	8
49A7	9B29	14
49A8	95CC	5
49AA	66F7	4
49AB	82F1	4
49AB	95A2	4
49AC	5951	4
49AC	95CB	4
49AD	95CD	4
49AD	9999	4
49AE	6625	4
49AE	95CD	4
49AF	81F4	4
49AF	95DE	4
49B1	70BA	4
49B1	95D6	4
49B2	8A79	4
49B2	8ABE	4
49B3	90F7	4
49B3	95DC	4
49B4	776A	4
49B9	53F6	4
49B9	9621	4
49BA	53EE	4
49BA	9621	4
49BB	4ED4	4
49BB	9621	4
49BC	6289	4
49BD	5E8F	14
49BE	5CFB	4
49C1	5474	4
49C2	662D	4
49C3	6CBA	4
49C4	54AF	4
49C5	54A6	4
49C6	664E	4
49C7	4F9D	4
49C9	54E9	4
49CA	6667	4
49CB	665B	4
49CD	9699	14
49CF	964D	10
49CF	9686	6
49D1	57DE	8
49D1	5824	10
49D1	9684	14
49D2	965C	4
49D3	666D	4
49D4	5538	4
49D4	9670	4
49D5	57DF	14
49D6	6B98	4
49D7	610E	4
49D7	9684	4
49D8	5599	4
49D9	9675	14
49DB	508D	4
49DC	5510	4
49DC	5858	6
49DD	55E4	4
49DE	55CE	4
49DF	9665	6
49DF	9677	14
49E0	5AE5	4
49E1	5889	14
49E2	5D87	12
49E2	28E1F	4
49E4	6FEE	4
49E5	6193	4
49E5	96A0	4
49E6	5B00	4
49E7	5DAC	2
49E8	3492	4
49EA	761E	4
49EB	6FE0	4
49EC	6D5C	4
49EC	6FF1	4
49EC	7015	10
49EE	9855	4
49EE	986F	4
49F0	9BC0	4
49F1	9CE9	14
49F2	63A8	4
49F3	96CC	14
49F5	9D06	14
49F6	96C6	4
49F7	96D2	4
49F8	9D23	14
49F9	9DF9	14
49FA	96C4	2
49FB	9D3F	14
49FC	9D60	14
49FD	96C5	6
49FE	8216	4
49FE	8AB0	4
49FF	8204	8
49FF	9D72	14
4A00	7CF4	14
4A01	9DA9	4
4A02	9D96	6
4A03	9DC3	14
4A05	9DEF	14
4A07	53CC	6
4A07	96D9	14
4A08	8CD3	4
4A09	9E1A	14
4A0A	8B90	4
4A0B	8650	14
4A0C	96F9	6
4A0D	7A7D	4
4A0D	96E9	4
4A0E	5B96	4
4A10	6D3D	4
4A11	5937	4
4A11	96E9	4
4A12	7FBD	4
4A13	96F7	2
4A13	9741	14
4A16	973D	14
4A17	96E9	4
4A18	9730	14
4A1A	5FFD	4
4A1A	96F9	4
4A1B	6790	4
4A1B	9716	4
4A1C	5D29	4
4A1C	971E	4
4A1D	9704	4
4A1D	9752	4
4A1E	3762	4
4A1F	7AAA	4
4A20	9744	14
4A21	83E1	4
4A21	96F7	4
4A22	845A	4
4A22	9704	4
4A23	9738	4
4A23	978F	4
4A24	8FEA	4
4A25	77CD	4
4A25	970D	4
4A26	6EC2	14
4A26	9736	8
4A28	9824	4
4A29	970A	2
4A29	9748	2
4A2A	973E	14
4A2C	6DCB	4
4A2D	9704	14
4A2E	96EA	14
4A2F	9673	4
4A2F	9733	4
4A30	6FFC	4
4A31	8986	6
4A32	986C	4
4A33	9713	4
4A34	5C0D	4
4A35	6F6D	4
4A37	9730	14
4A38	96B1	4
4A38	9733	4
4A39	5135	4
4A3A	96F2	4
4A3B	96F7	4
4A3B	9741	4
4A3E	75F1	4
4A3F	7F6A	4
4A40	8CDB	4
4A40	8F29	4
4A41	6BF3	4
4A43	6BD7	4
4A43	9766	4
4A45	9766	4
4A46	9162	4
4A47	8CBC	4
4A48	292B1	4
4A49	9762	4
4A4A	5A49	4
4A4C	6194	8
4A4C	91AE	4
4A4F	884A	4
4A4F	918E	4
4A50	4E7E	4
4A50	9784	4
4A52	976A	4
4A53	920E	4
4A53	976E	4
4A55	786C	4
4A56	52D2	4
4A56	5C20	4
4A57	8987	4
4A57	9738	4
4A58	976A	12
4A58	97AE	12
4A59	978B	4
4A5A	976A	12
4A5A	97AE	8
4A5B	8F61	4
4A5C	5191	14
4A5D	5305	4
4A5D	530F	4
4A5D	9784	2
4A5E	8CBC	4
4A5F	86E6	4
4A60	8713	4
4A60	97AE	4
4A61	86FA	4
4A62	977C	4
4A63	870D	4
4A64	89B2	4
4A65	8712	4
4A67	97AB	4
4A68	97D4	14
4A69	873F	4
4A6B	8F1B	4
4A6B	9786	4
4A6C	742B	6
4A6D	7F88	12
4A6D	8989	8
4A6D	898A	8
4A6E	7C36	14
4A6F	9769	4
4A71	8F38	4
4A72	97B4	4
4A73	978D	4
4A74	8774	4
4A76	55E4	4
4A77	5E2E	8
4A77	5E47	8
4A77	5E6B	14
4A7A	8789	4
4A7B	8987	4
4A7B	9738	4
4A7C	97C3	4
4A7D	8EC0	4
4A7E	8E60	4
4A7E	97C9	4
4A80	9769	4
4A81	8E7C	4
4A81	9785	4
4A82	9769	4
4A84	714C	14
4A85	8E85	4
4A86	8EC6	4
4A87	993A	4
4A88	7E7E	4
4A88	97C3	4
4A89	881F	4
4A8A	8E98	4
4A8F	9779	12
4A8F	97CC	4
4A91	9248	4
4A92	98F3	4
4A94	8F14	4
4A94	97DB	4
4A95	97A0	6
4A96	8F39	4
4A98	97D9	14
4A99	9AC6	4
4A9A	8E4B	4
4A9B	8E6F	4
4A9E	97EE	4
4AA0	97F2	12
4AA0	9F4A	8
4AA0	9F4F	12
4AA1	8640	8
4AA1	97F2	8
4AA1	9F4A	8
4AA1	9F4F	12
4AA3	97F2	12
4AA3	9F4F	14
4AA4	74A0	4
4AA5	85A4	12
4AA6	97F4	4
4AA7	8A11	4
4AA8	97F5	4
4AA9	541F	14
4AA9	8A21	8
4AAC	999E	4
4AAD	97F3	4
4AAE	8B05	4
4AAF	8B0D	4
4AB0	566B	4
4AB1	5B69	4
4AB2	9AE0	12
4AB4	9804	4
4AB5	9810	4
4AB6	78A9	4
4AB6	96CE	4
4AB8	6C11	4
4AB8	980E	4
4AB9	90B3	4
4AB9	980D	4
4ABA	29490	4
4ABD	984E	4
4ABF	56DF	14
4ABF	9856	14
4AC0	5373	4
4AC0	9855	4
4AC1	81EA	4
4AC1	9814	4
4AC3	8123	12
4AC4	514C	4
4AC4	9811	4
4AC5	5B8B	4
4AC5	9847	4
4AC7	9AE5	12
4AC7	9AEF	8
4AC8	9837	4
4AC9	34B5	8
4AC9	7683	12
4AC9	8C8C	14
4ACA	5426	4
4ACA	9821	4
4ACB	96A4	4
4ACC	9846	4
4ACC	9D6F	4
4ACE	53D5	4
4ACE	9859	4
4AD0	69D3	4
4AD0	90F4	4
4AD2	660F	4
4AD3	97FB	4
4AD3	9821	4
4AD4	5951	4
4AD4	985E	4
4AD5	5E1D	4
4AD5	9847	4
4AD6	52D8	4
4AD7	53DA	4
4AD7	984E	4
4AD8	9855	4
4AD8	9DA1	4
4AD9	9859	14
4ADA	54BC	4
4ADA	9852	4
4ADB	4FAF	4
4ADB	50BE	4
4ADC	5E7D	4
4ADD	99A5	12
4ADE	9812	4
4ADF	985B	4
4AE0	9838	4
4AE1	9DBC	4
4AE2	9871	4
4AE3	96DE	4
4AE4	51A5	4
4AE4	9865	4
4AE6	76CD	4
4AE6	29490	4
4AE8	6556	4
4AE8	7E90	4
4AE9	53C3	4
4AE9	984F	4
4AEA	9830	4
4AEB	93E4	4
4AEB	9ACF	12
4AEC	6701	4
4AEC	9874	4
4AED	985B	4
4AF1	986C	14
4AF3	9AD1	14
4AF4	7981	4
4AF4	9834	4
4AF6	6A0A	4
4AF6	985E	4
4AF7	984E	12
4AF8	98AB	4
4AF9	8679	4
4AF9	98AB	4
4AFA	98AF	4
4AFB	98AD	4
4AFC	98B0	4
4AFD	869D	4
4AFD	98AB	4
4AFE	98CB	4
4AFF	98B1	4
4B01	86C7	4
4B02	98B0	4
4B03	98AF	14
4B04	620C	4
4B05	52A6	4
4B05	98C8	4
4B06	870A	4
4B07	514C	4
4B07	98AF	4
4B08	86FB	4
4B09	8D64	4
4B09	98B7	4
4B0A	98AB	4
4B0B	590C	4
4B0B	98BC	4
4B0C	864E	4
4B0C	98BF	4
4B0D	98B8	4
4B0F	98B1	4
4B10	98B7	4
4B11	875F	4
4B11	98B8	4
4B12	98BC	12
4B13	97F3	4
4B13	98B1	4
4B14	8753	4
4B14	98B6	4
4B15	98A8	4
4B16	8757	4
4B16	98BA	4
4B17	98BA	14
4B18	78BB	4
4B19	98BB	14
4B1A	5E06	2
4B1A	98BF	14
4B1B	8E55	4
4B1B	98C3	4
4B1C	9B51	12
4B1D	87E5	4
4B1D	98C3	4
4B1E	8E8A	4
4B1F	56A0	4
4B20	970F	14
4B21	7FE5	14
4B22	9955	12
4B23	993C	4
4B24	9958	4
4B25	9950	14
4B26	98EF	4
4B26	23A98	4
4B27	98E2	4
4B28	5B84	4
4B28	98FD	4
4B29	658E	14
4B29	9F4B	14
4B2A	993A	12
4B2B	89DD	4
4B2B	98E5	4
4B2C	9260	4
4B2C	98EB	4
4B2D	9955	14
4B2E	98F4	12
4B30	924A	4
4B30	98F4	4
4B31	9262	4
4B31	9917	4
4B32	98EB	4
4B33	9261	4
4B34	79E3	12
4B35	9932	4
4B36	9280	4
4B37	9924	4
4B38	6E4C	12
4B38	98E7	8
4B38	9910	14
4B39	928D	4
4B3A	8A73	4
4B3A	993B	4
4B3C	92D7	4
4B3C	991A	4
4B3D	92ED	4
4B3F	414F	4
4B40	8FC5	4
4B41	9908	4
4B43	98EA	4
4B45	992C	12
4B46	81E5	4
4B46	92FB	4
4B47	564E	4
4B48	9958	4
4B49	991A	4
4B49	9C16	4
4B4A	9348	4
4B4B	98FD	14
4B4C	992C	14
4B4D	992C	4
4B4E	9371	4
4B50	993B	4
4B51	6B49	4
4B51	9921	4
4B53	93A7	4
4B53	9916	4
4B54	939A	4
4B55	93E8	4
4B56	8E60	4
4B56	993B	4
4B57	93E1	4
4B5A	5647	6
4B5B	77B0	4
4B5D	81BE	6
4B5E	7E79	4
4B5F	9371	4
4B60	6B49	4
4B60	9921	4
4B61	7A69	4
4B61	9912	4
4B62	8079	4
4B62	993A	4
4B63	7CA2	8
4B63	7CCD	8
4B63	9908	12
4B64	9453	4
4B65	9C76	4
4B66	993A	14
4B67	7CDC	6
4B68	89FF	4
4B69	9761	4
4B6B	7A3D	4
4B6C	7A3D	4
4B6D	985B	4
4B6E	9B22	4
4B6F	999E	6
4B70	742B	4
4B70	999E	4
4B72	9321	4
4B72	99A3	4
4B73	99A8	4
4B73	9B4F	4
4B74	99BD	4
4B75	5E06	4
4B75	98BF	4
4B76	9A0F	14
4B76	9A6A	8
4B78	99C1	4
4B79	6291	4
4B79	99B4	4
4B7A	99BC	4
4B7A	9AAF	4
4B7B	9B75	4
4B7C	9A0F	14
4B7C	9A6A	8
4B7D	7FA3	14
4B7D	7FA4	14
4B80	99D2	4
4B81	99E2	14
4B83	657A	8
4B83	99C6	6
4B83	99C8	8
4B83	9A45	14
4B84	99ED	4
4B84	2A437	4
4B87	8086	4
4B87	9A4A	4
4B88	99B3	14
4B89	99DE	4
4B8A	9BA7	4
4B8B	99F2	4
4B8C	99D9	4
4B8C	9BB4	4
4B8D	88CA	6
4B8E	9BD1	4
4B8F	99D8	4
4B8F	2A61A	4
4B90	99C9	14
4B91	9179	4
4B92	9BC6	4
4B93	8E14	4
4B93	99FB	4
4B94	9318	4
4B95	8F1F	4
4B97	99FB	4
4B9A	99FF	4
4B9B	99D9	14
4B9C	9C08	4
4B9D	9A52	4
4B9E	9C06	4
4B9F	635C	4
4B9F	641C	4
4BA1	99C1	4
4BA3	9A5F	4
4BA4	99D2	4
4BA5	8188	4
4BA6	9A55	4
4BA7	2A082	4
4BA8	9A02	4
4BAA	9A4E	4
4BAB	99BF	8
4BAB	9A62	12
4BAC	9A40	6
4BAD	8993	4
4BB0	8E62	4
4BB1	9C41	4
4BB2	9404	4
4BB3	8543	4
4BB4	9419	4
4BB4	9A24	4
4BB6	9A6B	14
4BB7	89F8	4
4BB8	9DFD	4
4BB9	9C65	4
4BBA	9C6D	4
4BBC	9A4E	12
4BBD	9463	14
4BBE	7ADC	4
4BBE	9F8D	4
4BBF	9A2B	14
4BC0	8EA1	4
4BC8	9AAF	4
4BC9	98EE	4
4BC9	9AAF	4
4BCB	9AB9	4
4BCC	5C3B	4
4BCE	9AAD	14
4BCF	9AB7	4
4BD0	9AB8	14
4BD1	89E5	4
4BD3	978B	4
4BD4	8A6B	4
4BD5	8247	4
4BD6	6716	4
4BD7	9AC0	12
4BD8	57B8	4
4BD9	9AC6	4
4BDA	9173	4
4BDA	9AC4	4
4BDB	8155	4
4BDC	8E22	4
4BDC	29A72	4
4BDD	81B8	8
4BDD	9AC4	14
4BDD	9AD3	14
4BDF	9AB8	4
4BE0	8183	4
4BE1	8181	4
4BE2	6469	4
4BE3	994B	4
4BE3	9AD5	4
4BE4	81BE	4
4BE6	97C8	4
4BE8	6572	2
4BEA	982D	4
4BEB	9865	14
4BEC	56B2	14
4BED	9AEA	4
4BEE	9AE0	4
4BF0	9AE0	4
4BF2	9AF1	4
4BF3	9B06	14
4BF4	9AEA	4
4BF8	9AEE	4
4BF9	9B18	4
4BFA	9B20	8
4BFD	9AFB	4
4BFE	5468	4
4BFE	9AE5	4
4BFF	7FE0	4
4C00	59D4	4
4C01	5F54	4
4C03	78B0	4
4C04	601D	4
4C04	9AF7	4
4C05	9808	14
4C05	9B1A	12
4C06	67D4	4
4C07	66C1	14
4C08	5DEE	4
4C09	822C	4
4C0A	5C03	4
4C0A	9AEF	4
4C0B	9AEA	4
4C0B	9AEE	4
4C0B	9B18	10
4C0C	9B06	12
4C0D	9AF9	14
4C0E	7C23	4
4C0E	9B12	4
4C0F	622A	4
4C10	85CD	4
4C11	9808	14
4C12	8499	4
4C12	9B03	4
4C13	9B22	4
4C14	76E4	4
4C16	8D0A	4
4C16	9B22	4
4C18	7FCF	4
4C1A	878D	4
4C1B	9B32	14
4C1C	9B32	14
4C1D	7511	14
4C1E	7151	8
4C1E	716E	14
4C1F	9B42	14
4C21	9B45	4
4C22	4BD2	4
4C22	9B3C	4
4C24	69D0	4
4C25	89F1	4
4C26	4C20	4
4C28	9B45	14
4C29	89A9	4
4C29	919C	4
4C2C	9B51	4
4C2D	919C	4
4C2D	9700	4
4C2D	9F8D	8
4C2F	7919	4
4C30	986C	4
4C30	9B4F	4
4C31	7ADC	2
4C31	9F8D	14
4C32	9B5E	4
4C34	9F55	4
4C35	9B63	4
4C37	868C	6
4C38	9C29	4
4C3B	6F01	14
4C3D	9B73	4
4C40	9BB8	4
4C42	9EDD	4
4C43	9B8F	4
4C46	5B55	4
4C46	9BAC	4
4C47	9C53	14
4C47	9C54	8
4C48	9BA8	14
4C49	9C3B	2
4C49	9C53	4
4C4A	7A4C	4
4C4B	823C	4
4C4D	7D5A	4
4C4D	9B6C	4
4C4E	7D59	4
4C4E	9C1A	4
4C4F	9916	4
4C50	8240	4
4C50	9B63	4
4C51	54F3	4
4C52	289BA	4
4C53	8247	4
4C54	9C37	8
4C55	9B9F	4
4C55	292B1	4
4C56	9C21	14
4C58	9C7A	12
4C59	9BEB	4
4C5A	9BEE	4
4C5B	9C14	4
4C5C	918B	4
4C5C	9BE7	4
4C5D	979E	4
4C5D	9C53	4
4C5E	9BEE	4
4C5F	92F8	4
4C5F	9C19	4
4C60	8CE4	4
4C60	9C04	4
4C61	97A0	4
4C61	9B91	4
4C62	975C	4
4C62	9BAE	4
4C63	9189	4
4C63	9BAB	4
4C65	9BEF	12
4C65	9C36	12
4C66	9A05	4
4C66	9BD2	4
4C67	9C53	10
4C67	9C54	14
4C68	9BEF	12
4C68	9C36	12
4C69	8F1E	4
4C69	9BDB	4
4C6B	9C49	4
4C6C	9C16	4
4C6D	9BAA	4
4C6E	9365	4
4C6E	9BF8	4
4C6F	9A16	4
4C6F	9C32	4
4C70	9BA6	14
4C71	9357	4
4C71	9BD1	4
4C72	29EC4	4
4C73	9C63	14
4C75	8789	4
4C76	9BFD	4
4C77	6F01	14
4C78	8258	4
4C79	9B93	4
4C7A	93A7	4
4C7A	9C67	4
4C7B	78C6	4
4C7B	9C16	4
4C7C	8F3E	4
4C7C	29E15	4
4C7D	9BE7	14
4C7F	9C24	4
4C80	9C32	4
4C80	9DD9	4
4C81	5C09	4
4C81	9B92	4
4C82	93C7	4
4C82	9BF2	4
4C83	93C1	4
4C83	9C08	4
4C85	69FB	4
4C86	9B5A	4
4C88	561B	4
4C89	87D6	4
4C8A	9C16	12
4C8B	29EDB	14
4C8C	6B3E	4
4C8C	9C0D	4
4C8D	9C27	14
4C8F	5D97	4
4C8F	9B75	4
4C90	8263	4
4C90	9C78	4
4C91	8264	4
4C91	9C76	4
4C92	87F9	2
4C92	880F	6
4C93	9A57	4
4C93	9BF0	4
4C94	9BE8	14
4C95	8B5C	4
4C96	7587	4
4C96	9C58	4
4C97	3605	4
4C99	9BFD	4
4C9A	5B3E	4
4CA5	9CE9	14
4CA6	9D03	4
4CA7	5862	4
4CA8	9D3B	14
4CA9	9CF2	14
4CAA	9CF0	4
4CAC	9D03	4
4CAE	9811	4
4CAE	9D06	4
4CB0	9B42	4
4CB0	9D17	4
4CB1	9B74	4
4CB1	9D0B	8
4CB1	9D15	4
4CB2	980C	4
4CB2	9D3F	4
4CB3	980F	4
4CB3	9D0B	4
4CB4	9D06	14
4CB5	96C0	14
4CB7	689F	14
4CB8	9D2A	4
4CB9	9D06	4
4CBA	9D72	4
4CBB	9CF6	4
4CBD	9D23	4
4CBF	9DBF	10
4CBF	9DC0	12
4CC0	9D03	4
4CC1	2A01A	4
4CC2	9D60	4
4CC3	9CE7	4
4CC5	8EF9	4
4CC6	9CF4	4
4CC7	9D61	14
4CC8	9D07	14
4CC9	9D06	4
4CCC	9D51	14
4CCD	9D72	4
4CCE	9CF4	4
4CCF	9D03	4
4CD0	8CC7	4
4CD0	9D11	4
4CD2	9CF6	14
4CD3	9D07	4
4CD5	9D8F	4
4CD7	9D5D	14
4CD7	9D5E	8
4CD8	9D5D	14
4CD8	9D5E	8
4CD9	9D9A	4
4CDA	9D3E	4
4CDB	9DC3	14
4CDE	9DBA	4
4CDF	9D6C	4
4CE0	21647	4
4CE1	9DC3	8
4CE2	9D59	4
4CE3	9CF6	6
4CE4	655D	4
4CE4	9D50	4
4CE7	9931	4
4CE7	9D03	4
4CE8	51F0	14
4CE9	9DC3	4
4CEA	9853	4
4CEB	9D8F	4
4CEC	9DC1	4
4CED	2A0F9	12
4CEE	9DF2	4
4CEF	9DA4	4
4CF0	9D07	6
4CF1	9DA9	14
4CF2	9D5F	4
4CF4	9DAB	4
4CF6	9E02	14
4CF7	8073	4
4CF7	9D5F	4
4CF8	9DF9	4
4CFA	4A04	8
4CFB	8E54	4
4CFC	9D0E	8
4CFC	9DD7	12
4CFD	974E	8
4CFD	974F	8
4CFD	9DB4	14
4CFE	9DE7	4
4CFF	7136	4
4CFF	9D5D	4
4D00	7AE5	4
4D01	5BD3	4
4D01	9DA4	4
4D02	8C61	4
4D02	9D64	4
4D03	582F	4
4D04	821C	4
4D04	9D77	4
4D05	8CC1	4
4D05	9DCF	4
4D06	83D0	4
4D06	9DC4	4
4D08	5967	4
4D09	7758	4
4D09	9DE7	4
4D0A	7FA9	4
4D0A	9D5D	4
4D0D	9D6C	4
4D0E	7589	4
4D0E	9F3A	8
4D0F	71D5	14
4D10	9D07	4
4D11	758A	4
4D11	9E07	4
4D12	9D12	14
4D1A	9F58	4
4D1B	785D	4
4D1C	919C	4
4D1C	9E75	4
4D1E	7CF4	4
4D1E	9E7B	4
4D21	9E97	14
4D23	911C	4
4D24	9E88	4
4D27	9E9F	4
4D2A	7984	4
4D2A	9E7F	4
4D2B	7F9A	14
4D2C	9EA9	4
4D2D	9EA8	4
4D2E	8222	4
4D2E	9EA8	4
4D2F	9EB4	4
4D30	9EA9	4
4D31	8FF1	4
4D31	9EAD	4
4D33	9EA9	4
4D34	7C98	8
4D34	9ECF	12
4D35	9905	14
4D35	9920	12
4D36	92D2	4
4D37	92CE	4
4D37	9EA9	4
4D38	9EA9	14
4D38	9EAC	8
4D38	9EB8	8
4D39	7A1E	4
4D3A	789A	4
4D3B	9EA5	4
4D3B	9ECE	4
4D3C	6B98	4
4D3D	7A17	4
4D3E	69CE	4
4D3F	9EAC	4
4D40	9396	4
4D40	9EA5	4
4D41	93D8	4
4D42	93D1	4
4D42	9EB5	4
4D43	7377	8
4D43	9404	4
4D43	9EAF	4
4D44	91B4	4
4D44	9EAF	4
4D45	71AC	14
4D46	8499	4
4D47	9EBB	4
4D48	5F8C	4
4D48	9EBB	4
4D49	7AAC	4
4D49	9761	4
4D4D	9EC3	4
4D4E	9EC3	4
4D4F	9ACE	4
4D4F	9EC3	4
4D50	89F6	4
4D50	9EC3	4
4D52	9ECF	4
4D53	7281	8
4D53	7282	14
4D54	932C	4
4D54	9ECF	4
4D55	92F8	4
4D55	9ECF	4
4D56	7DCA	4
4D56	9ECD	4
4D57	9ED0	4
4D58	66EC	4
4D5A	7A32	4
4D5B	93D7	4
4D5B	9ED0	4
4D5C	7A60	4
4D5E	63A0	8
4D5E	9EE5	12
4D5F	76AF	4
4D60	9ED4	4
4D61	9EDB	4
4D62	771B	4
4D62	9ED8	4
4D63	80C6	4
4D63	9EE0	4
4D64	9EE7	4
4D65	8276	4
4D65	9EDF	4
4D66	6C59	4
4D66	6C5A	4
4D67	6234	4
4D68	99F9	4
4D69	9EE7	12
4D6A	9BE4	4
4D6A	9EEE	4
4D6C	8E0F	4
4D6C	9EEF	4
4D6D	9BFA	4
4D6D	9EEF	4
4D6F	757D	14
4D70	9EEE	4
4D71	9C5A	4
4D72	8E81	4
4D72	9EE5	4
4D73	9C60	4
4D74	4D77	4
4D75	7E82	4
4D75	85B0	4
4D76	8805	4
4D78	9F08	4
4D79	8718	12
4D7A	753A	4
4D7B	8F4A	4
4D7B	9F0E	4
4D7E	62CA	4
4D83	9ED4	4
4D84	9B83	4
4D85	99F1	4
4D88	9AC6	4
4D89	9A2E	4
4D89	9F2C	4
4D8A	8842	8
4D8A	8844	12
4D8C	76B0	14
4D8D	568F	4
4D8E	9F41	4
4D8F	6D95	12
4D90	9C60	4
4D91	568F	4
4D92	9F4B	4
4D94	9F54	4
4D96	9F61	4
4D97	9F63	4
4D98	9F69	4
4D9A	9F72	12
4D9B	63A3	8
4D9B	88C2	4
4D9B	9F67	4
4D9C	9F6C	4
4D9D	9F69	4
4D9E	9E92	4
4D9E	9F70	4
4D9F	9F60	4
4DA0	89F1	4
4DA0	9F67	4
4DA1	9F70	6
4DA2	9E79	4
4DA3	78D1	4
4DA3	9F70	4
4DA4	78C6	4
4DA4	9F70	4
4DA5	9F5F	14
4DA6	8CFE	4
4DA6	9F70	4
4DA7	9F69	14
4DA8	9E7C	4
4DA8	9F76	4
4DA9	9C6D	4
4DAA	622A	4
4DAC	7C60	4
4DAF	9F9D	4
4DB0	9F9C	4
4DB1	9F9D	4
4DB4	5439	6
4DB5	7BEA	14
4E04	4E0A	10
4E05	4E0B	10
4E0C	5176	2
4E12	4E11	2
4E17	4E16	2
4E17	5345	2
4E1A	5317	14
4E1A	696D	12
4E1A	6BD4	2
4E20	4E18	14
4E20	5775	8
4E20	90B1	8
4E23	5918	8
4E23	9149	10
4E24	4E21	10
4E24	5169	10
4E2A	4ECB	2
4E33	4E32	4
4E33	5F17	4
4E3A	70BA	4
4E3A	7232	12
4E3D	5137	4
4E3D	9E97	14
4E44	3006	1
4E46	4E45	14
4E48	5E7A	2
4E49	5100	4
4E49	7FA9	14
4E52	4E18	4
4E52	5175	4
4E53	4E18	4
4E53	5175	4
4E54	55AC	4
4E54	5DA0	4
4E55	864E	2
4E58	4E57	2
4E5A	96A0	2
4E5A	96B1	2
4E5C	4E5F	8
4E62	84CB	2
4E68	59CB	10
4E6A	4F43	4
4E79	4E7E	10
4E7F	6CBB	8
4E81	4E7E	14
4E81	5E79	4
4E82	4E71	2
4E83	7CBC	4
4E84	58F9	4
4E8A	4E8B	2
4E8D	5E72	2
4E8F	4E8E	14
4E8F	8667	12
4E90	4E8E	10
4E93	5176	14
4E96	56DB	10
4E97	6B73	10
4E9D	6589	2
4E9D	9F4A	2
4E9E	4E9C	2
4EA3	5927	14
4EAF	4EA8	8
4EAF	4EAB	10
4EAF	9AD8	8
4EB0	4EAC	2
4EB1	591C	14
4EB1	6396	4
4EB2	89AA	14
4EB4	4BE8	4
4EB7	5EC9	14
4EB7	69CF	4
4EBE	4EA1	10
4EC5	4ED8	14
4EC5	50C5	4
4EC5	5974	8
4EC5	9644	8
4EC9	638C	4
4ECC	51AB	8
4ECC	51B0	14
4ECC	6C37	8
4ECE	5F93	2
4ECE	5F9E	2
4ED0	5098	2
4EDC	4ED5	4
4EDD	540C	2
4EE0	65A5	8
4EE0	7247	8
4EE7	9577	14
4EE7	9578	8
4EED	4EDE	2
4EF4	4F7E	4
4EF8	4ECF	4
4EF8	4F5B	4
4EF9	4E30	12
4EFA	5009	14
4EFC	4EFB	4
4EFE	4F4E	10
4F04	4F5B	4
4F04	5F14	4
4F05	5FF3	4
4F06	6C95	4
4F07	5F79	14
4F13	4F3E	4
4F14	6C89	4
4F15	592B	8
4F16	5E11	2
4F18	512A	4
4F18	7000	4
4F19	706B	2
4F1B	50B4	14
4F1B	24E6A	4
4F1C	5005	2
4F28	5F87	14
4F2D	4F85	4
4F2D	7384	4
4F2D	9853	8
4F2E	52AA	10
4F31	4F60	10
4F31	511E	8
4F31	5C12	8
4F31	5C13	8
4F31	723E	8
4F32	4F60	14
4F32	511E	8
4F35	56DB	2
4F37	80C4	2
4F39	4F46	2
4F3F	67B3	4
4F40	4F3C	10
4F41	4F3C	4
4F41	59CB	4
4F42	5F81	2
4F44	9163	14
4F45	6627	4
4F4A	5F7C	4
4F5B	4ECF	2
4F61	4ED9	4
4F63	50AD	8
4F68	70AE	4
4F6D	964D	4
4F71	3CD2	8
4F71	6CD5	10
4F72	9169	14
4F74	803B	4
4F80	5F62	12
4F86	6765	2
4F87	5937	4
4F8C	852D	8
4F8C	9634	8
4F8C	9670	10
4F8C	9682	8
4F93	5F8B	2
4F95	4FA1	4
4F9A	5F87	2
4F9F	85A6	10
4FA0	4FE0	2
4FA4	70E4	4
4FAB	4F5E	2
4FB0	7A98	14
4FB3	632B	4
4FB4	516A	4
4FB8	6A39	12
4FBA	6D94	4
4FBD	7537	10
4FC1	4FE3	3
4FC7	72C2	4
4FC8	56B3	10
4FCC	8F14	10
4FD5	5027	4
4FD5	5B8B	4
4FD9	6095	4
4FDE	516A	7
4FE2	4FEE	10
4FE2	8129	8
4FE6	5114	2
4FF2	509A	2
4FF4	6DFA	4
4FF7	6DDD	4
4FF9	690F	4
4FFB	5099	14
4FFB	8461	4
4FFC	7CA5	2
4FFC	9B3B	10
4FFD	6B23	2
5008	4F86	4
5008	5FA0	10
5008	6765	4
500A	506C	10
5010	500F	2
5020	60DF	4
502F	6DDE	4
5030	4FCA	2
5031	711C	4
5034	5954	4
5036	4FF1	2
5037	4F60	6
5038	63A1	4
503F	502D	2
503F	63A5	4
5040	82F1	2
5041	79F0	2
5041	7A31	2
5042	524D	2
5042	6B6C	2
5044	5112	4
5047	4EEE	2
504B	5C4F	4
504D	5A9E	12
504D	63D0	8
5052	8569	8
5052	862F	8
5058	4F83	14
505A	4F5C	2
505B	63D2	4
505D	80CC	4
505E	60F5	4
5064	7336	4
5066	80E5	2
5068	67F4	4
5069	8CA0	4
506B	5F85	4
506E	63D6	4
506F	54C0	4
5073	60F4	4
5077	5078	7
5079	5099	14
507B	50C2	14
507B	5A41	4
507C	5022	14
5081	53DF	8
5085	4F1D	2
5085	50B3	2
5087	63D6	4
5087	8338	4
5089	6EBD	4
5089	8FB1	4
508C	55CE	12
508C	7F75	14
509D	6428	4
50A1	4E26	10
50A1	7ADD	8
50A5	513B	14
50A5	5C1A	4
50AB	6F2F	4
50AE	66F9	4
50AE	906D	4
50AF	506C	10
50B3	4F1D	2
50B6	69ED	4
50B8	723D	4
50BC	71AF	4
50BF	9122	4
50C1	6089	4
50C3	5099	10
50C6	6F23	4
50C8	6162	4
50C8	6F2B	4
50CA	4ED9	2
50CB	8CAA	4
50D2	7A98	12
50D7	52B4	6
50D7	52DE	6
50D8	655E	8
50DB	6B3A	4
50DD	50CE	8
50DE	507D	2
50E0	756A	14
50E1	6075	2
50E1	60E0	2
50E3	50ED	2
50EA	8B4E	4
50EB	60AA	6
50EB	60E1	14
50EC	6194	4
50F0	68D8	4
50F1	96C7	10
50F4	50E9	7
50F7	2373F	4
50F8	895F	4
50F9	4FA1	2
50FC	6FA7	4
5101	4FCA	2
5105	5F53	4
5105	7576	4
5109	5039	2
510D	50BB	8
510E	8F09	10
5111	96B0	4
5113	64E1	4
511E	723E	2
5123	58D9	10
5124	7206	4
5125	89BF	4
5126	6F09	4
5129	65AF	8
5129	6F8C	14
512B	8C6A	14
5136	651C	4
513D	88F8	4
5142	7C2A	10
514A	514C	2
514F	9577	10
514F	9578	8
5151	514A	4
5151	514C	7
5152	5150	2
5154	514E	2
5156	5157	7
5158	59CB	10
5159	5C05	4
515B	5C05	4
515D	52CA	4
515E	5C05	4
515E	7AD3	4
5160	515C	2
5161	52CA	4
5161	7AE1	4
5163	7505	4
5166	4EA1	10
5167	5185	3
5169	4E21	2
5172	5929	14
5173	7B11	2
5174	8208	4
5179	54A8	4
5179	8332	14
517B	7F8E	2
517E	5180	10
5184	5189	10
5188	5CA1	4
5188	5D17	4
5188	7F51	8
5188	7F52	8
518B	5182	2
518C	518A	2
5190	5192	2
5194	5C0B	4
519D	5B9C	2
519F	7680	4
51A1	51A2	8
51A1	8499	8
51A6	5BC7	2
51A8	5BCC	2
51A9	5199	2
51AB	51B0	2
51AE	6C5F	4
51B2	6C96	2
51B3	6C7A	2
51B5	6CC1	2
51BA	6CEF	10
51BF	6D25	2
51C1	6D91	4
51C7	6DDE	4
51C9	6DBC	2
51CF	6E1B	10
51D1	6E4A	10
51D4	6134	4
51D4	6EC4	4
51D6	6E96	2
51D7	6F3C	6
51D9	6FA4	4
51DA	7981	4
51DF	7006	4
51E2	51E1	2
51E4	9CF3	14
51E4	9D6C	4
51E5	5C45	2
51EC	51EE	12
51EC	98A8	14
51EE	98A8	2
51F4	51ED	2
51F7	584A	8
51FE	51FD	2
5204	5203	2
5205	524F	8
5205	5275	10
5209	5E7E	4
520C	5FD6	4
520D	82BB	14
520D	84AD	4
520F	5E7E	4
5210	5F64	4
5218	5289	10
5218	2896B	8
521C	6255	4
521C	62C2	4
521E	924F	6
521F	52AD	4
5220	522A	5
5223	522E	4
5223	90B0	4
5226	5227	12
5226	52AB	14
5227	52AB	2
522B	5225	7
522B	5FA7	4
522D	5244	14
5231	524F	8
5231	5275	8
5234	5239	4
5234	6736	4
523C	5227	8
523C	52AB	10
523E	523A	14
5248	524A	4
5248	8099	4
524C	523A	2
524E	5239	7
5252	932F	4
5253	68C3	4
5259	524F	1
5260	63A0	8
5260	9EE5	8
5262	65AB	4
5266	95B9	10
5268	7809	6
5269	5270	2
526B	5EA6	4
526D	5C4B	4
5271	5263	2
5271	528D	2
5273	5284	2
5276	525D	4
5279	622E	2
527A	68C3	4
527B	5D29	4
527C	527F	4
527E	6B50	4
5281	7126	4
5286	938C	2
528B	527F	12
528B	6284	4
528D	5263	2
528E	5263	14
528E	5271	8
528E	528D	14
528E	5292	8
528E	5294	8
528E	91FC	8
528E	2074F	8
5290	5283	14
5290	7A6B	4
5291	5264	2
5292	5263	2
5294	5263	2
5299	8821	4
529A	65B8	10
529D	52E7	6
529D	52F8	14
529E	8FA6	14
529E	8FA8	4
529F	5207	2
52AE	9038	4
52B3	52B4	14
52B3	52DE	14
52BF	351F	4
52BF	52E2	14
52C0	52CA	8
52C2	52BC	4
52C2	544A	2
52C4	654F	10
52C8	52C7	2
52CD	501E	2
52CE	52E0	14
52D0	731B	2
52D3	52BE	12
52D7	52D6	2
52DB	52F2	2
52DB	52F3	2
52DE	52B4	2
52E1	527D	8
52EB	9131	4
52ED	52D5	4
52EE	5287	4
52EF	4EB6	4
52F1	9081	8
52F3	52F2	2
52F5	52B1	2
52F8	52E7	2
52F9	5305	2
52FC	4E5D	8
52FC	6551	4
52FC	9CE9	12
52FD	62B1	4
5300	52FB	2
5303	4E10	8
5304	4E10	12
5309	530A	4
5309	5E73	4
5309	7851	8
530E	5310	4
530E	5944	4
5312	8345	4
5318	8133	8
5318	8166	8
531B	67E9	10
531B	67FE	8
531B	6A78	8
531D	5E00	2
531E	5320	10
5324	5321	2
5327	7BCB	8
5328	8535	2
5328	85CF	2
5329	5321	10
532D	7C0B	2
5332	5333	10
5332	5969	8
5334	7B97	4
5336	67E9	14
5336	67FE	8
5336	6A78	8
5337	77BF	4
5340	533A	2
5344	5EFE	8
5344	5EFF	10
5346	5352	2
534B	4E16	10
534B	4E17	8
534C	5EB6	8
5350	534D	14
535B	7387	10
535D	4E31	10
535D	7926	4
535F	4E69	14
535F	7A3D	4
5364	6EF7	4
5364	897F	10
5364	9E75	4
5365	897F	10
5367	81E5	2
536A	5369	12
536A	7BC0	12
536D	909B	10
5377	5DFB	2
5379	460F	8
5379	6064	10
537B	5374	2
537C	5140	8
537C	674C	6
537D	5373	2
5380	819D	14
5387	5B85	8
5387	78D4	8
5388	5382	10
5389	53B2	14
5389	7658	4
538A	7259	4
538E	7825	10
538F	7A84	4
5392	7F36	4
539C	5782	4
539E	532A	4
53A0	5EC1	2
53A1	539F	10
53A1	6E90	8
53A4	66A6	2
53A4	66C6	2
53A7	985B	4
53AB	5ED2	10
53AC	6C3F	4
53AE	5EDD	2
53AF	66A6	10
53AF	66C6	10
53AF	6B74	8
53AF	6B77	8
53B0	5EE0	2
53B1	5333	4
53B5	6E90	2
53B7	80B1	2
53B8	9130	10
53B8	96A3	10
53B9	8E42	4
53BA	53BB	10
53C1	53C2	7
53C1	53C3	6
53C3	53C2	2
53C4	53C2	6
53C4	53C3	7
53C5	4E09	8
53C5	53C2	10
53C5	53C3	10
53CF	592C	10
53D0	592D	8
53D0	629C	4
53D0	62D4	4
53D0	6B80	8
53D0	72AE	10
53D3	355D	8
53D3	4E8A	8
53D3	4E8B	10
53DC	53DF	12
53DE	5C09	10
53E0	7573	2
53E0	7589	8
53E0	758A	10
53F9	53C8	14
53F9	5606	4
53FB	53E8	4
53FC	51CB	4
53FC	5201	4
53FF	54C4	4
5405	55A7	4
5405	8A1F	4
5406	545F	4
5407	5401	4
5407	597D	4
540A	5F14	2
5412	54A4	2
5413	5687	10
5418	543D	4
541A	54BF	8
541C	626D	4
5422	5FC3	4
5423	59BC	4
542F	5553	8
5430	5B8F	4
5432	54C2	4
5432	5F1E	14
5433	5449	3
5434	5449	3
5437	555C	4
5437	6C7A	4
543A	6295	4
543F	544A	7
5441	6600	4
5445	543B	4
544B	8DBA	14
544C	53EB	14
544C	566D	4
544D	543D	2
5450	5436	5
5451	541E	2
545A	754B	4
545D	5443	12
545E	9F5D	2
5461	543B	6
5463	8B00	14
5463	8B28	8
5465	5189	4
5467	8A46	10
5469	55DC	10
546D	8A4D	8
546F	547C	4
5478	5561	4
5479	4F5A	4
547A	53F7	4
547E	5480	4
5482	531D	4
548A	548C	2
548F	8A60	2
5492	546A	2
5493	7819	4
5494	54E2	4
549C	54A4	2
549E	54EF	14
549E	8706	4
54A3	6644	4
54AA	54A9	2
54B0	8A62	4
54B4	6062	4
54B6	8052	4
54B6	8A71	4
54C5	605F	4
54CB	5730	4
54CD	97FF	10
54CD	9909	8
54CF	5F88	4
54D9	5582	4
54D9	5672	4
54E5	6B4C	2
54E7	5687	4
54EB	6349	4
54EC	8A36	2
54F0	543D	4
54F0	7262	4
54F4	55A8	12
54F5	3B6D	4
54F5	634C	4
54F7	57D2	4
54F9	8709	4
54FB	9F3E	4
5500	8A98	2
5502	FA0F	4
5503	57C6	4
550A	7864	4
550B	9664	4
550D	839E	2
5511	566C	14
5512	54C2	4
5513	7868	4
5514	543E	2
5517	9661	4
5518	5553	14
5519	557E	4
5519	72C4	4
551A	6D78	4
5527	559E	5
552C	53F7	4
552C	864E	4
552D	5176	4
552D	5504	4
5530	6DAE	4
5534	8723	4
5537	5809	4
553A	666A	4
553F	547C	4
5542	4E73	4
5542	543C	4
5543	9F66	4
554B	5F69	4
554B	91C7	4
554E	727E	12
5551	553C	10
5552	5D1B	4
5554	5553	14
5555	9676	4
5559	75B5	4
5559	8A3E	4
555A	5716	8
555F	5553	14
5563	929C	2
5565	820D	14
5565	820E	10
5568	60C5	4
5575	6CE2	4
557A	5510	14
5585	715C	4
5586	54F2	2
558C	546A	4
558D	67F4	4
558E	54BC	2
5590	90C1	4
5595	6110	4
5596	5495	4
559B	54BA	4
55A0	5647	4
55A1	6690	4
55A2	546B	4
55A2	6B43	4
55A3	7162	8
55A5	5412	12
55A6	5D53	4
55A6	5DD6	4
55AE	5358	2
55AF	5674	14
55B1	54E9	4
55B1	7AF0	4
55B3	67FB	6
55BB	55A9	7
55BC	6025	4
55C0	6BBC	4
55C1	557C	8
55C1	6E27	8
55C2	9676	8
55C8	9095	4
55CD	55FD	4
55CE	7F75	2
55D0	778E	4
55D5	6EBD	4
55D6	5AC2	4
55D9	78C5	4
55E0	916A	14
55E1	7FC1	4
55E5	5637	12
55E5	768B	4
55E6	55C9	4
55E6	7D22	4
55E7	5D19	4
55E8	6666	4
55E8	6D77	4
55F1	557D	4
55F1	62FF	4
55F8	55F7	14
55FA	76A0	4
55FC	819C	4
5600	8B2B	4
5601	69ED	4
5602	53EB	6
5603	5889	4
5604	53EB	4
5605	6168	10
560A	5540	10
560B	54EE	14
560C	5AD6	4
5613	8195	4
5615	5AE3	4
561A	5F97	4
561C	9EA5	4
561D	69F2	4
561E	52D2	4
561F	90FD	4
5620	560E	4
562A	8CB7	4
562B	7136	4
562D	81A8	4
562E	5D97	4
5634	89DC	2
563A	5B0C	4
563C	755C	2
563E	78F9	4
5644	55AB	10
5645	5B00	4
5648	8E59	4
564A	8B4E	4
5650	5668	2
5651	5637	12
5652	78F7	4
5655	7232	4
5656	541F	14
5656	8A21	8
5657	5E5E	4
5658	6398	4
5659	64D2	4
5661	8B6B	8
5665	6FC3	4
5667	2371C	4
566A	8B5F	2
5670	81C3	4
5673	865E	4
5675	9053	10
5677	6B46	4
5679	5F53	4
5679	7576	4
567D	56AD	14
567E	5591	14
5681	66DC	4
5682	76E3	4
5683	905D	4
5689	5484	14
568D	58D7	4
568E	53F7	4
568E	8C6A	4
568F	5694	2
5690	5617	14
5690	751E	12
5697	66DD	4
5698	64FE	4
5699	9F69	2
569B	792B	4
569C	9ED8	4
569C	9ED9	4
569E	54F2	2
56A0	700F	2
56A5	54BD	2
56AA	5556	12
56AA	5557	10
56AA	5649	8
56AF	8B14	14
56B4	53B3	2
56BB	56C2	14
56BD	555C	14
56BF	820A	4
56C6	792A	4
56C6	8806	4
56C7	66EC	4
56CF	8271	10
56D1	5631	2
56D3	9F67	2
56D4	56CA	4
56D8	56DE	2
56D9	56E0	10
56E2	56E3	4
56E2	5718	4
56E6	6DF5	10
56E6	6E0A	8
56E6	6E15	8
56E7	518F	10
56E9	65E5	4
56EA	5306	10
56EA	7255	8
56EA	7A93	14
56EA	7A97	8
56EA	7ABB	8
56EC	56D8	8
56EC	56DE	14
56EC	5EFB	8
56EC	8FF4	8
56EC	9762	8
56EC	2231E	8
56EF	56FD	7
56EF	570B	4
56F1	7255	8
56F1	7A93	8
56F1	7A97	8
56F1	7ABB	8
56F6	56FD	2
56F6	570B	2
56F8	5B9F	4
56F8	65E5	14
56FB	56F6	8
56FB	56FD	14
56FB	5700	8
56FB	570B	14
56FC	80CE	14
5700	56FD	2
5702	8C62	8
5705	51FD	14
5705	51FE	4
5708	570F	2
570B	56FD	2
570D	56F2	2
570E	5186	6
570E	5713	7
5711	5703	10
5713	5186	2
5714	95D4	4
5716	56F3	2
5717	56F3	6
5717	5716	7
5718	56E3	2
571D	683E	8
571D	6B12	10
571E	683E	8
571E	6B12	10
5721	571F	2
572B	58BA	14
572C	6747	10
5731	4FD7	4
5731	9621	4
5732	5729	4
5733	753D	2
5733	754E	2
5734	5747	2
5735	5740	4
573C	7687	4
573C	91CC	4
5740	962F	2
5741	577B	4
5741	5824	4
5743	58CE	14
5744	6295	4
5748	5751	4
5749	6C8C	4
574B	574C	14
5753	578B	14
5754	5730	14
5755	7D4C	6
5755	7D93	14
5756	5FCC	14
5757	5080	4
5757	584A	14
5757	96A4	8
5758	577B	14
5759	5DE0	5
575A	5805	14
575A	81E4	4
5763	5802	14
5763	584B	8
5765	5766	2
576C	5B64	4
576E	4453	8
576E	53F0	10
576E	81FA	10
576F	574F	2
5772	62C2	4
5775	4E18	2
5776	62C7	4
5778	5747	2
5778	57A2	14
5780	576A	4
5781	57C3	2
578D	6D0E	4
578E	630C	4
578E	683C	4
5790	5832	6
5792	5841	4
5792	58D8	4
5795	539A	10
5796	5806	14
579A	559C	2
579B	579C	12
57A5	62FE	4
57A6	57A0	14
57A6	58BE	4
57A7	5770	10
57A8	57D3	2
57A8	5B88	2
57A9	8056	10
57B6	6893	4
57B7	73FE	4
57BA	90DB	4
57BC	5F79	4
57BE	5CB8	6
57BF	5E8F	4
57C0	5782	2
57C1	5C91	6
57C5	574A	4
57C5	9632	14
57C6	786E	2
57C9	5CE1	4
57C9	5CFD	4
57CA	5730	14
57CD	6350	4
57D0	68AB	4
57D1	54F2	14
57D1	5586	8
57D1	569E	8
57DC	91CE	2
57DE	5824	2
57E2	6372	4
57E6	6900	2
57E8	6384	4
57EA	63A7	4
57EC	63C0	4
57EE	58DC	4
57EF	63A9	4
57F1	4FF6	4
57F1	900F	4
57F2	6367	4
57F3	574E	14
57F3	9665	4
57F8	5834	2
57FD	6383	2
57FF	6CE5	2
5803	5764	10
5803	5DDB	8
5807	50C5	4
5807	8B39	4
5817	7A81	12
581A	63EE	4
581C	63C0	4
5822	5821	14
5823	9685	4
5825	725F	4
5826	968E	10
5828	58D2	4
5828	904F	4
5829	6046	4
582B	6936	4
582C	63C4	4
582E	9102	4
5833	5D4B	4
5837	57F9	4
5838	98AF	4
583B	5870	4
583B	6D25	4
583C	728E	4
583D	5CA1	2
584E	7462	4
5850	5851	10
5853	69A0	4
585C	585A	6
585F	846C	10
5860	5806	4
5864	58CE	2
5866	9663	14
586B	5861	2
5872	5834	2
5874	580B	6
5876	645D	4
5877	9E75	14
587A	6B77	4
587B	6478	4
587D	723D	4
5882	6A19	4
5884	69ED	4
5886	6EDE	4
5886	6EEF	4
5888	574E	2
588E	90ED	14
5891	7684	4
5892	6458	4
5895	5830	14
5895	693B	8
5896	5854	10
589E	5897	2
58A4	584A	14
58A4	96A4	12
58A5	649E	4
58A7	5859	14
58A7	6A4B	4
58AA	58A9	2
58AC	5730	14
58AD	76DB	4
58AE	5815	2
58AF	5815	14
58AF	58AE	12
58AF	96B3	8
58B0	58DC	14
58B0	7F4E	8
58B5	58DC	14
58B5	7F4E	8
58B7	6A3A	4
58B8	8E87	2
58BB	7246	2
58BD	5859	4
58BD	589D	10
58BD	78FD	4
58BF	99C5	4
58BF	9A5B	4
58C0	57E4	14
58C3	7586	2
58C4	57DC	8
58C4	91CE	10
58C4	2131B	8
58C6	74BA	4
58C9	64DA	4
58CD	5879	2
58CF	6ABB	4
58D0	74BD	10
58D3	5727	2
58D8	5841	2
58DB	95BB	6
58DE	58CA	2
58E0	58DF	2
58E1	53E1	10
58E1	777F	8
58E3	806F	4
58E4	58CC	2
58E5	5EDB	2
58E6	58CE	14
58E7	5DD6	4
58E8	5841	4
58E8	58D8	4
58E8	96F7	10
58E8	9741	8
58EF	58EE	2
58F3	6BBB	2
58F3	6BBC	2
58F5	559C	2
58F5	58EE	14
58F5	58EF	14
58F9	58F1	2
58FA	58F7	2
58FB	5A7F	2
58FD	5BFF	2
58FE	8DDD	4
58FF	58AB	4
5900	58FD	7
5900	5BFF	6
5901	58F1	6
5901	58F9	14
5902	7D42	2
5903	76C8	4
5903	8D0F	4
5905	964D	2
5907	5099	12
5907	7559	10
5908	658E	12
5908	7C82	10
5908	9F4B	12
5913	590F	8
5917	536F	8
5917	5918	12
5917	9D1B	4
5918	536F	2
591B	591A	2
591D	6674	8
591D	6692	8
591D	7520	8
591F	52FE	4
591F	5F40	4
5920	52FE	4
5920	5F40	4
5923	5922	10
5923	68A6	8
5926	5C20	4
5932	672C	2
5933	51AD	8
5933	592A	8
5933	6CF0	10
5936	6BD4	10
5939	4FE0	4
5939	593E	14
5940	5C16	4
5945	792E	4
594A	8ECD	4
594B	596E	4
594C	70B9	12
594C	9EDE	12
5959	755A	8
595C	6590	4
5961	50B2	2
5964	9762	4
5966	52D9	4
5967	5965	2
596C	5968	2
5970	6AD0	4
5971	5B4C	12
5976	5B2D	2
5977	5978	4
5979	59D0	8
597A	7396	4
597E	5738	4
597E	5982	4
597F	65ED	4
5980	6539	4
5985	5978	4
5985	8679	4
5986	599D	5
5987	5A66	4
5989	582A	4
598D	59F8	2
598F	59E3	4
598F	739F	4
5990	59F6	4
5991	21706	4
5992	59AC	2
5994	542D	4
5998	48B5	6
5998	9116	6
599A	80DA	12
599A	90B3	4
599B	216B4	2
599C	598B	4
599C	73A6	4
599E	59B2	4
59A0	5436	4
59A1	598D	4
59A1	65AB	4
59A2	5429	4
59A2	59C8	4
59A4	4F03	2
59A6	5978	4
59A6	868C	4
59B1	59CB	4
59B1	662D	4
59B3	5976	8
59B3	5B2D	10
59B4	22AB8	4
59B5	59D3	4
59B5	70B7	4
59B6	545F	4
59B8	5A40	14
59BD	547B	4
59BF	53EF	4
59C0	548A	4
59C0	5996	4
59C2	782D	4
59C7	6024	4
59CA	59C9	10
59CC	5ABE	4
59CC	8043	4
59CF	59D0	4
59D5	5470	4
59D6	59EB	4
59D8	5B2A	6
59D8	5C4F	4
59D9	598A	2
59DB	54C3	4
59E1	59D1	4
59E2	5A1F	14
59E7	59E6	2
59E9	5978	4
59EC	59EB	3
59ED	8105	4
59F3	59AC	4
59F3	9298	4
59F5	73EE	4
59F9	597C	12
59F9	8A6B	4
59FC	5993	4
59FC	5A9E	4
59FD	579D	4
5A02	54C4	4
5A04	5A41	10
5A0A	54EF	4
5A0B	54E8	4
5A10	6B8D	4
5A12	4FAE	8
5A12	59C6	10
5A14	514B	4
5A14	5A27	4
5A15	7AE6	4
5A19	9658	4
5A1A	5AD0	2
5A1A	5B32	2
5A1B	5A2F	3
5A1D	686E	4
5A21	59DE	4
5A21	5FD7	4
5A24	599D	10
5A24	7CA7	8
5A24	21742	8
5A26	5B2A	14
5A2B	5A17	4
5A2C	5AF5	14
5A2D	5B09	2
5A2E	5501	4
5A30	59D2	10
5A31	5A2F	7
5A38	742A	4
5A39	5F26	4
5A3A	555C	4
5A3B	35A6	4
5A3C	5021	2
5A3D	35A8	4
5A3E	5540	4
5A3F	5A40	14
5A42	68C9	4
5A43	742E	4
5A4A	4FF5	4
5A4C	6DD1	2
5A4D	7895	4
5A4E	552F	4
5A4F	5A29	5
5A52	5556	4
5A53	6590	4
5A54	5561	4
5A57	5150	4
5A57	5152	4
5A58	5377	4
5A58	5DFB	4
5A59	5A67	14
5A5C	7AEA	4
5A5D	7887	4
5A5F	56FA	4
5A5F	59FB	4
5A60	742F	4
5A63	59FB	10
5A64	5541	4
5A68	5D18	4
5A69	5CB8	4
5A6B	7428	4
5A6E	21344	4
5A6F	9E97	14
5A70	666A	4
5A71	5F26	4
5A72	20D45	4
5A78	6698	4
5A7D	6687	4
5A80	5581	4
5A81	6690	4
5A82	557C	4
5A83	7331	4
5A85	582A	4
5A86	5AE9	14
5A86	5AF0	12
5A87	89AA	14
5A8A	63C3	4
5A8D	5A66	14
5A8E	59D0	14
5A8F	7AEF	4
5A91	5839	4
5A94	6110	4
5A95	557D	4
5A97	55A7	4
5A98	5588	4
5A9D	6101	4
5AA1	7453	4
5AA3	67D3	4
5AA6	559F	4
5AA8	7336	4
5AA9	35C5	4
5AAA	5ABC	7
5AB0	5C5E	4
5AB0	5C6C	4
5AB4	8881	4
5AB6	8338	4
5AB8	599B	8
5AB9	20E95	4
5ABA	5A84	2
5ABB	5A46	10
5ABF	6127	2
5AC3	5A9C	4
5AC5	55DF	4
5AC7	669D	4
5ACA	55C9	4
5ACD	746B	4
5ACE	78C5	4
5AD0	5B32	2
5AD8	87BA	4
5AD9	7487	4
5ADD	6177	4
5ADE	5889	4
5ADF	66B1	4
5AE2	5B30	4
5AE2	898F	4
5AE6	59EE	2
5AE7	5616	4
5AEB	819C	4
5AED	5AEE	4
5AEF	50B2	12
5AF0	5AE9	2
5AF4	4F30	4
5AF6	6194	2
5AF7	5AA0	14
5AF9	78FA	4
5AFB	5AFA	2
5AFC	563F	4
5AFE	78F7	4
5AFF	756B	4
5B02	71BE	4
5B04	564E	4
5B0A	71D5	4
5B0D	5A84	10
5B0D	5ABA	10
5B0D	7F8E	4
5B0E	5A29	4
5B10	565E	4
5B11	566B	4
5B12	8588	4
5B13	566D	4
5B14	5A29	4
5B1A	5ACC	4
5B1A	81C1	4
5B1B	60F8	8
5B1C	6B46	4
5B1D	5ACB	10
5B1F	7912	4
5B20	566A	4
5B27	58D7	4
5B29	74B5	4
5B2B	5DB8	4
5B2E	53AD	4
5B2F	64E1	4
5B31	58CD	4
5B39	8208	4
5B3A	615D	4
5B3B	7006	4
5B3C	56A0	4
5B3F	81D9	4
5B42	7C0B	4
5B43	5B22	2
5B44	5B3E	14
5B44	61F6	12
5B46	5B30	14
5B47	2217B	4
5B48	651C	4
5B49	6B53	4
5B49	6B61	4
5B4A	9761	4
5B4E	71ED	4
5B4F	5B3E	14
5B4F	61F6	12
5B60	55E3	14
5B61	80CE	14
5B62	62B1	4
5B69	54B3	2
5B6C	597D	4
5B6C	6B6A	4
5B72	690F	4
5B74	5B68	4
5B76	5B73	5
5B77	729B	4
5B78	5B66	2
5B79	64D8	14
5B7B	58D7	4
5B82	5197	14
5B86	7A79	10
5B8A	5BB6	8
5B8A	7A81	10
5B8D	8089	2
5B90	519D	8
5B90	5B9C	10
5B92	5B85	4
5B9E	5B9F	14
5B9E	5BE6	14
5BA7	5BA6	4
5BA8	7A95	8
5BA9	5C4E	8
5BAA	61B2	4
5BAB	5171	4
5BAB	5BAE	7
5BB2	5B9F	2
5BB2	5BE6	10
5BB7	5BE9	10
5BBB	5B93	8
5BBB	5BC6	14
5BBC	51A6	8
5BBC	5BC7	10
5BC3	51A4	2
5BC8	9752	14
5BC9	9DB4	2
5BCA	8C9E	4
5BCD	5BE7	10
5BCD	752F	8
5BD1	5BDD	4
5BD1	5BE2	4
5BD5	5BE7	14
5BD5	752F	8
5BD5	8CAF	4
5BD7	5BE7	10
5BD7	752F	8
5BD9	7AB3	8
5BDA	5B9D	2
5BDA	5BF6	10
5BDC	5BE7	7
5BDC	8CAF	4
5BE0	7AB6	8
5BE2	5BDD	2
5BE3	5BE4	4
5BE6	5B9F	2
5BEB	5199	2
5BEC	5BDB	2
5BED	8559	4
5BF2	5DB7	4
5BF3	5B9D	2
5BF3	5BF6	2
5BF6	5B9D	2
5BF9	5BFE	14
5BF9	5C0D	14
5C00	53F5	14
5C05	524B	2
5C07	5C06	2
5C08	5C02	2
5C0C	6A39	8
5C0D	5BFE	2
5C10	5C16	4
5C12	723E	2
5C13	723E	2
5C13	793A	2
5C14	5C13	5
5C14	723E	2
5C14	793A	2
5C17	83FD	2
5C18	5875	14
5C19	5C1A	3
5C1B	4E48	4
5C1B	9EBC	10
5C1B	9EBD	14
5C1C	5C16	4
5C1E	71CE	2
5C1F	5C20	10
5C22	5C24	2
5C23	5C22	2
5C2A	5C29	2
5C2A	5C2B	5
5C2B	5C29	2
5C2F	6845	4
5C33	69BE	4
5C44	7A74	4
5C46	5C4A	2
5C47	5C4A	4
5C49	5C5F	4
5C4C	540A	4
5C4F	5C5B	2
5C52	5BB8	4
5C54	59AE	4
5C56	7280	12
5C5A	6F0F	10
5C5D	83F2	4
5C61	5C62	2
5C6A	50DA	4
5C6A	5BEE	4
5C6B	5C69	14
5C6B	6A47	8
5C6C	5C5E	2
5C6D	5C53	8
5C73	4ED9	6
5C78	21D2D	4
5C7D	5CB8	8
5C7E	5C71	4
5C80	51FA	14
5C84	5CED	4
5C84	80E1	4
5C85	5742	14
5C85	962A	12
5C8B	5C8C	4
5C8D	5E75	4
5C8D	958B	4
5C8E	5C94	4
5C93	21D9C	4
5C95	82A5	4
5CA4	7A74	4
5CA5	5761	4
5CA5	9642	8
5CAE	9640	14
5CAF	90B3	4
5CB0	5773	4
5CB4	5D87	10
5CB9	5CA7	14
5CBA	5CAD	2
5CC0	90A6	10
5CC6	5CC7	12
5CC8	606A	4
5CCA	86D7	8
5CCA	961C	14
5CCA	961D	8
5CCC	57A4	4
5CCD	5D42	4
5CCE	831B	4
5CCF	37E8	4
5CCF	682D	4
5CD1	8343	4
5CD3	54A6	4
5CD4	54BE	4
5CD8	70DC	4
5CDA	594E	4
5CDA	5D1F	4
5CDB	8322	4
5CDC	8A08	4
5CDE	5D6C	4
5CDF	5BA5	4
5CE6	5DD2	12
5CE9	5CE8	2
5CEB	740A	4
5CEC	8F14	6
5CEF	5CF0	2
5CF5	5DB8	14
5CF7	8398	4
5CF8	57CE	4
5CF9	5C94	4
5CFD	5CE1	2
5CFF	5514	4
5D00	7B64	4
5D01	574E	8
5D08	5D07	14
5D09	6C93	4
5D0C	21344	4
5D0F	5CB7	14
5D0F	6C76	8
5D10	5D11	2
5D15	5D16	2
5D17	5CA1	2
5D18	5D19	2
5D1C	57F5	4
5D1E	57FB	4
5D21	6DB5	4
5D25	57E4	4
5D27	5D69	2
5D33	6109	4
5D35	5834	4
5D36	8451	4
5D37	6962	4
5D38	4ABC	4
5D3A	8479	4
5D3B	5CD9	4
5D3C	5824	4
5D3E	6946	4
5D40	67F1	6
5D41	78AA	4
5D44	5A84	4
5D47	5D46	2
5D49	5A77	4
5D4D	52D9	4
5D4D	65C4	4
5D52	5CA9	2
5D53	5CA9	2
5D53	5D52	2
5D56	5D6F	8
5D56	5D73	8
5D56	7339	4
5D57	6B73	14
5D5C	5D0E	2
5D5E	5857	4
5D60	6E13	2
5D60	6EAA	8
5D60	8C3F	10
5D63	5858	4
5D64	5DB8	8
5D65	6429	4
5D67	20E95	4
5D68	5862	4
5D6E	5861	12
5D6E	586B	12
5D72	81EC	4
5D73	5D6F	2
5D74	5849	4
5D77	6A05	4
5D78	84EF	4
5D7B	6177	4
5D7C	6EFB	4
5D7D	6EEF	4
5D80	6A17	4
5D83	5D84	10
5D85	71AC	4
5D86	5608	4
5D89	5D14	4
5D8B	5CF6	2
5D8C	5CF6	2
5D8D	6174	4
5D8F	84DC	4
5D91	6A61	4
5D96	5D26	14
5D98	68E7	4
5D9C	7C2A	4
5D9E	5815	4
5DA1	6A5B	4
5DA4	5DA2	2
5DA8	57C6	4
5DA8	786E	2
5DA8	7910	6
5DAD	859B	4
5DAF	857A	4
5DB1	5676	4
5DB3	5730	14
5DB4	5965	2
5DB4	5967	2
5DB5	96B9	14
5DB9	5CF6	2
5DB9	5D8B	2
5DBB	622A	4
5DBD	5CB3	2
5DBE	96B1	4
5DC0	622A	4
5DC1	6AD4	4
5DC2	5DB2	12
5DC2	898F	4
5DC6	5DB8	4
5DC6	8B0D	4
5DC8	97A0	4
5DCA	56B6	4
5DCF	61FD	4
5DDA	5DD8	14
5DDB	5DDD	2
5DDF	342C	4
5DDF	8352	8
5DE2	5DE3	2
5DF5	536E	2
5DF6	662D	4
5DF9	537A	10
5DFA	5DFD	14
5DFF	5E02	1
5E01	5370	14
5E01	5E63	4
5E05	5E25	14
5E08	5E2B	14
5E08	7345	4
5E09	4EFD	4
5E0A	5E15	4
5E0A	8899	4
5E0B	7D19	2
5E0E	5FF1	4
5E1E	5E15	8
5E1E	7D48	12
5E22	6070	4
5E24	5E11	4
5E26	5E2F	6
5E26	5E36	14
5E28	60A6	2
5E29	5CED	4
5E2A	4FB2	4
5E2C	88D9	14
5E2E	5E6B	2
5E34	97C9	4
5E36	5E2F	2
5E39	63A5	4
5E3A	68CB	4
5E3F	4FAF	10
5E41	5E40	4
5E42	51AA	12
5E42	5E4E	8
5E42	7F83	12
5E47	5E6B	2
5E48	5C4F	12
5E48	5C5B	14
5E4A	69D3	4
5E4D	6146	4
5E53	8942	4
5E59	5E54	4
5E59	5E55	12
5E59	6A21	8
5E59	6A45	8
5E5A	5E47	12
5E5A	5E6B	14
5E5D	619A	4
5E60	64AB	4
5E60	7121	4
5E64	5E63	2
5E66	6A97	4
5E67	61C6	4
5E69	61A4	4
5E6F	6ADB	4
5E71	8974	4
5E76	5E77	2
5E82	4EC4	4
5E88	4ECA	4
5E8B	5EAA	8
5E8C	51B4	4
5E8D	5E81	4
5E8D	5EF3	4
5E90	5EEC	14
5E90	76E7	4
5E92	5E84	6
5E98	5EAB	4
5E99	5EBF	12
5E99	5EDF	14
5E9B	75B5	4
5E9D	75BC	4
5EA1	44BE	4
5EA9	837C	4
5EAC	5396	2
5EAE	831C	4
5EAE	9149	4
5EB0	5C4F	4
5EB2	840A	4
5EB4	539D	4
5EBA	3BA4	8
5EBA	677E	14
5EBA	67A9	8
5EBA	67D7	8
5EBB	5EB6	7
5EBB	906E	4
5EBD	5BD3	8
5EC0	5ECB	4
5EC4	53A9	4
5EC4	5ECF	5
5EC5	84CB	4
5EC7	9724	4
5ECF	53A9	2
5ED0	53A9	2
5ED0	5ECF	2
5ED7	5E2D	12
5ED8	9E7F	4
5EDA	53A8	2
5EE2	5EC3	2
5EE3	5E83	2
5EE6	58C1	4
5EE7	55C7	4
5EE7	58BB	8
5EE7	7246	12
5EEA	5EE9	14
5EEE	766D	4
5EEF	766C	4
5EF0	5E81	2
5EF0	5EF3	2
5EF2	5137	4
5EF3	5E81	2
5EF8	8FEA	2
5EF9	8FEB	2
5EFC	8FFA	2
5EFD	5EFB	2
5F00	958B	2
5F03	68C4	2
5F05	5C94	4
5F09	5958	2
5F0C	4E00	2
5F0D	4E8C	2
5F0E	4E09	2
5F12	5F11	7
5F1A	5F1F	4
5F2F	5F4E	2
5F3A	5F37	3
5F3B	5F3C	10
5F43	7562	4
5F46	5225	4
5F48	5F3E	2
5F4B	64D0	4
5F4C	5F25	2
5F4F	652B	4
5F50	5F51	1
5F52	5E30	6
5F52	6B78	14
5F52	7688	8
5F55	5F54	3
5F55	9304	4
5F55	9332	4
5F5A	532F	4
5F5A	5F59	7
5F5B	5F5C	1
5F5B	5F5D	2
5F5C	5F5D	2
5F5E	5F5C	4
5F5E	5F5D	5
5F60	84A6	8
5F65	5F66	7
5F6E	5BB9	6
5F76	4F0B	4
5F83	5F80	2
5F86	4FA1	4
5F8D	4F73	2
5F8E	901E	4
5F8F	965F	2
5F91	5F84	2
5F9B	7895	4
5F9E	5F93	2
5F9F	501C	4
5FA3	501F	14
5FA4	5065	2
5FA5	6043	4
5FA5	662F	4
5FA6	8766	4
5FA6	9050	4
5FB0	5F81	10
5FB1	50C4	10
5FB1	8E5F	8
5FB1	8FF9	8
5FB5	5FB4	2
5FB6	6487	4
5FB7	5FB3	2
5FBB	5108	4
5FBE	5FB4	4
5FC1	7011	4
5FC2	61FC	4
5FC4	5FC3	2
5FC8	4EC1	2
5FCA	4EC3	4
5FCA	5FD3	4
5FCE	4EC1	14
5FCF	61FA	4
5FDA	4ED6	4
5FDF	5FDE	12
5FE2	609F	2
5FE3	6025	14
5FE7	6182	4
5FF0	60B4	2
5FF4	4EF1	4
5FF4	601C	4
5FF7	5147	8
5FF7	605F	14
5FF9	72C2	4
5FFC	6177	2
5FFE	5FD4	12
5FFE	613E	12
6000	61D0	4
6000	61F7	4
6009	70AE	4
600B	60DB	12
600B	6E63	8
600C	4F3E	4
6011	4F34	4
6018	56FA	2
601E	4F37	4
6023	5C24	14
602C	546C	6
602E	5773	4
6030	70AB	4
6032	70B3	4
6036	5F7C	4
6037	6089	4
6037	672E	4
6038	6089	14
6039	4ED6	14
6044	4F76	4
6045	4F6C	4
6046	6052	2
604A	5354	2
604F	597D	4
604F	6012	4
6053	6064	4
6053	60BD	14
6053	6DD2	8
6056	601D	10
6058	60C6	4
605B	4F6A	4
605E	5937	4
6060	602A	2
6061	541D	8
6061	608B	10
6066	60DD	4
606E	4F7A	4
6071	60A6	10
6072	4F75	4
6073	61C7	14
6074	5FB3	14
6074	5FB7	14
6085	60A6	3
608A	54F2	2
608F	4FE0	4
6090	60D5	14
6091	6016	10
6093	4FD4	10
6099	60C7	4
609E	8AA4	2
60A1	5229	4
60A1	6101	4
60A4	5306	8
60A4	5FE9	8
60A4	6031	8
60A7	4FD0	2
60A8	4F60	2
60AE	609E	5
60AE	8AA4	6
60B3	5FB3	2
60B3	5FB7	2
60B9	5B98	4
60B9	6119	4
60C0	502B	4
60C1	608A	4
60C3	711C	4
60C9	6017	8
60CC	5B9B	4
60CC	6028	4
60D2	548C	14
60D6	60D5	14
60D7	637B	4
60DE	6B23	10
60E0	6075	2
60E1	60AA	2
60E4	5F26	4
60E5	6142	10
60E9	61F2	6
60EA	5FB3	6
60EA	5FB7	6
60EA	60B3	3
60F1	60A9	2
60F7	8822	2
60FD	60DB	10
60FD	6E63	8
60FE	6936	4
60FF	8ADF	4
6102	54F1	8
6102	602B	8
6102	6096	8
6104	504E	4
6105	9769	4
6107	97D9	2
610B	63F4	4
6116	5FF1	8
6118	606A	4
6119	606A	2
611D	5043	4
611E	61E6	2
6120	6028	4
6120	614D	7
6123	695E	6
6125	7150	4
6129	7195	4
612D	69B0	4
612E	604C	4
612F	609A	12
6133	61FC	14
6136	8105	8
6138	6574	14
613B	905C	12
613C	614E	2
613D	535A	2
6140	5092	4
614F	6E9F	4
6152	69FD	4
6154	6A21	4
6156	5E57	4
6157	6197	4
6158	60E8	2
615A	6159	2
615B	69EF	4
615B	7F79	4
615C	610D	4
615C	6E63	4
615F	606B	2
6161	723D	4
6164	6128	10
6166	6197	4
6169	6F23	4
6169	9023	4
616A	6BB4	4
616A	6BC6	4
616D	6196	14
6171	535A	2
6179	57F7	4
617A	50C2	4
617D	617C	10
617D	621A	8
617F	6191	3
6181	6121	8
6185	606B	2
6185	615F	14
6186	77A0	14
6187	61A9	2
6188	589F	4
6189	6F8E	4
618C	921E	4
618F	385C	4
6195	71C8	4
6197	6196	2
6198	559C	2
6199	559C	2
619B	5C0B	4
619C	60F0	10
619E	6566	4
61A1	7B56	4
61A2	50E5	4
61A3	7FFB	4
61A5	52B4	2
61A5	52DE	2
61A6	52B4	2
61A6	52DE	2
61A6	61A5	6
61AF	60E8	4
61AF	6158	4
61B0	6A58	4
61B1	50E6	4
61B5	5B16	4
61B5	6170	4
61B7	790E	4
61BB	5766	14
61BD	6121	4
61BD	8471	4
61BF	50E5	4
61C4	52E4	4
61C5	64DA	4
61C9	5FDC	2
61D4	5EE9	4
61D4	61CD	10
61D6	61A9	4
61D6	929B	4
61D7	7200	4
61D7	8D6B	4
61DA	7A69	4
61DC	61F5	8
61E0	5115	4
61E4	5114	4
61E7	611E	8
61E7	61E6	10
61E8	61D5	14
61EA	7206	4
61EE	6182	12
61EF	6024	2
61F0	5289	4
61F1	5E6D	4
61F4	61FA	2
61F7	61D0	2
61FB	5180	4
61FE	6174	2
6200	604B	2
6202	9761	4
6203	60DD	10
6218	6226	14
6218	6230	14
621D	8CA1	2
621E	621B	2
6224	76C8	4
6225	7B49	6
6227	524F	8
6227	5275	10
6228	6B4C	4
622C	6229	5
622D	5BC5	4
6230	6226	2
6231	622F	3
6231	6232	2
6232	622F	2
6235	77BF	4
6236	6238	3
6237	6238	7
623C	536F	14
623C	5918	12
623E	623B	2
6245	591A	4
6245	6247	4
624A	6247	4
624A	708E	4
624F	6252	4
624F	72B0	4
6257	5728	14
6259	6756	4
625D	6747	4
625F	5DE9	4
6261	62D5	2
6266	625E	4
6267	57F6	8
6267	57F7	14
6267	79C7	4
6267	84FA	8
6270	64FE	4
6272	64D2	4
6275	65BC	14
6278	6298	12
6278	6790	6
6281	72C1	4
6282	72C2	2
6285	62D8	2
6286	636B	4
6288	6264	4
628C	5198	4
628D	62EF	10
629A	62CA	4
629A	64AB	14
629D	62D7	6
62A5	5831	6
62A6	67C4	2
62A7	67B3	6
62A9	5189	4
62AA	6016	4
62AC	64E1	2
62AE	73CD	4
62B2	8377	4
62B4	62FD	8
62B4	63F2	4
62B4	6CC4	4
62B8	631F	6
62B8	633E	6
62C2	6255	2
62C3	62F6	4
62C3	67DE	4
62CB	629B	5
62D4	629C	2
62D6	62D5	2
62DC	62DD	2
62DE	62B5	14
62DF	64EC	14
62DF	7591	4
62EB	6380	4
62EB	826E	4
62F0	4EFB	4
62F0	6282	4
62F8	54C6	4
62F9	5354	4
62FB	8C57	6
62FD	66F3	2
6300	6D3E	4
6305	63E3	4
6306	579C	4
630A	5F04	2
630E	5233	4
630E	6473	4
630F	606B	4
6310	62CF	2
6312	5217	4
6312	634C	4
6314	65C5	14
6315	6442	6
6315	651D	6
6316	627C	10
6317	5214	8
6317	6289	14
632C	6872	4
632E	68AF	4
6331	6284	4
6331	6332	12
6334	6885	4
6335	5F04	2
6338	6898	4
633E	631F	2
6340	6367	4
6345	6876	4
6347	523A	4
6348	6504	12
634A	6299	8
634D	625E	2
6351	634F	4
6352	7AE6	8
6353	63F6	8
635A	57CB	4
6364	68B6	6
6366	64D2	8
636F	6417	8
636F	64E3	14
6370	633C	4
6373	5CB3	4
6373	62D9	4
6374	60E3	8
6374	63D4	8
6374	6460	10
6374	7DCF	10
6374	7E3D	10
637C	633C	2
637E	68FA	4
637F	3B8D	8
637F	63C3	8
637F	6816	8
637F	68E7	8
637F	68F2	10
637F	724B	8
6381	364A	4
6385	68C8	4
6386	625B	4
638B	62B5	4
638D	6DF7	6
6391	68CB	4
6393	53D4	4
6397	690F	4
639C	634F	4
639D	57DF	4
63AD	3B87	10
63B1	5B68	4
63B1	624B	4
63B4	6451	2
63BF	6949	4
63C0	67EC	2
63C2	6962	4
63C7	6960	4
63C8	63AC	10
63CA	6251	4
63CC	585E	4
63CD	594F	4
63D1	634F	3
63D2	633F	2
63D7	5FAA	4
63D7	696F	4
63DF	58FB	4
63E2	5580	4
63E2	630C	4
63E4	559E	4
63E6	6E82	4
63E7	63A3	4
63EA	63EB	10
63ED	63B2	2
63EF	4E99	4
63F0	5839	4
63F1	68A2	4
63F7	633F	2
63F7	63D2	2
6407	6B3D	4
6408	6995	4
640B	6260	4
640B	62D6	4
640C	5C55	4
6411	63D6	4
6411	8338	4
6415	69BC	4
6416	63FA	2
6417	64E3	2
641A	62C9	4
641B	69CF	4
641C	635C	2
641D	6EB4	4
641F	6380	4
6421	6851	4
6423	6EC5	4
6427	5093	4
642B	63AC	2
642B	642C	12
642E	6144	4
6431	96C9	4
6432	63EC	4
6432	7A8A	4
6433	778E	4
6437	4F38	4
6438	699B	4
6439	627C	12
6439	9B32	4
643B	6426	14
643C	62F3	14
643C	6B0A	8
6441	6460	4
644C	6EFB	4
644D	7E2E	4
6453	7E2B	8
6455	646D	4
6456	50BA	4
6457	6A15	4
6459	7489	4
645C	6163	8
645E	6A0F	4
6460	7DCF	2
6460	7E3D	2
6464	6436	4
6465	5872	4
6466	74E0	4
646A	5C06	4
646A	5C07	4
646B	69FB	4
646C	5883	4
646E	6572	4
6470	63A3	4
6472	615A	4
6475	69ED	4
6477	527F	4
6477	9214	4
647C	727D	4
647E	5F36	6
647F	6368	4
647F	6A9C	4
6480	6483	4
6480	78EC	4
6481	727D	14
6482	63A0	6
6486	6487	14
6489	58AA	4
6489	646F	4
648A	50E9	4
648B	637C	4
648E	53AD	4
648E	63D6	4
6490	6491	8
6490	6A56	8
6494	61AC	4
6496	6A44	4
6497	62E1	4
6497	6A2A	4
6498	642D	10
649C	62EF	14
64A0	621F	4
64A1	64CD	8
64A2	63A2	4
64A6	5056	8
64A6	626F	8
64A7	7D76	14
64AA	6A8B	4
64AF	6413	4
64AF	7740	4
64B1	6A62	4
64B4	58A9	4
64C0	625E	12
64C3	61B9	4
64C6	58B8	4
64C7	629E	2
64C8	64B2	14
64CA	6483	2
64CF	5106	4
64CF	64CE	14
64D1	63A5	10
64D3	532F	4
64D3	64C1	4
64D4	62C5	2
64D5	643A	2
64D5	651C	2
64D6	63ED	4
64D6	845B	4
64D9	58BA	4
64DA	62E0	2
64DB	8076	4
64DF	736E	4
64E7	6319	2
64E8	6B54	4
64EE	622A	12
64F1	95A3	2
64F2	64FF	2
64F3	6ADB	4
64F4	62E1	2
64F5	6469	10
64F8	731F	4
64F8	7375	4
64F9	6524	14
64FC	6AD3	4
6502	64C2	14
6503	6492	4
6503	64E6	4
6505	6522	2
6506	78BE	4
6508	6343	10
6509	6409	10
650A	64FD	10
650B	737A	4
650C	571C	4
650C	6451	4
650D	701B	4
650E	651E	4
6510	6434	4
6513	6434	8
651C	643A	2
651F	6343	10
6520	6469	4
6521	645B	12
6525	6522	4
6528	7AB3	4
652C	64E5	2
652D	63BE	4
652D	8821	4
6530	6532	6
6533	7FC5	4
6535	6534	2
6536	53CE	2
6540	8FEB	4
6541	6545	4
6542	53E3	4
6542	53E9	4
6542	6263	2
6546	5408	12
6547	7B56	10
6548	52B9	2
654A	53CE	4
654A	6536	4
654C	6575	4
654D	53D9	2
654E	6559	3
6553	596A	4
6553	5BFE	4
6555	52C5	2
6558	53D9	2
6558	654D	2
655C	637B	4
6564	5925	4
6564	654D	4
6569	6585	4
656D	63DA	10
656E	654D	4
656E	6B43	4
6576	9673	4
6578	6570	2
657A	99C6	2
657A	9A45	2
657B	5910	5
657C	6B56	4
6585	5B66	2
6585	5B78	2
6586	5B66	14
6586	5B78	10
6586	6585	14
6586	6588	8
6588	5B66	2
6588	5B78	2
658B	658E	12
658B	9F4B	12
658D	8990	8
658D	899A	6
658D	89BA	14
6594	5EBE	4
6596	4EB9	6
6598	5347	8
659A	659D	14
659E	5EBE	4
65A8	6790	4
65B1	65AB	14
65B3	82B9	2
65B7	65AD	2
65BA	65BC	4
65BB	6841	4
65BB	822A	12
65BE	65C6	14
65C7	65CF	4
65C7	7834	4
65C8	65BF	8
65C8	65D2	10
65C8	6E38	8
65C9	6577	2
65CA	7819	4
65CD	65C2	8
65CD	65CC	14
65D3	68A2	4
65D8	5E5F	10
65D9	65DB	2
65DA	98C4	4
65DC	65C3	14
65DD	4F1A	4
65DD	6703	4
65DE	65D4	4
65E3	65E2	3
65E4	798D	14
65EA	5354	14
65EA	53F6	12
65EB	53E8	4
65EE	65ED	14
65F3	7684	12
65F6	65F9	12
65F6	6642	14
65F9	6642	2
65FD	66BE	10
65FE	6625	10
65FF	6664	10
6601	80BA	4
6605	5438	4
660B	541E	4
6617	6603	14
6618	6609	4
6618	8A2A	14
6619	66C7	4
661A	613C	14
661A	614E	14
661B	5CA0	4
661C	6613	2
661C	967D	2
661E	663A	2
6626	660A	10
662C	660F	10
6630	662F	2
6632	5488	4
6637	25055	3
6638	51AC	14
663B	6602	3
663F	66E0	2
6640	773A	2
6646	7766	2
6648	768E	2
6649	664B	2
664D	66C8	14
6650	54B3	4
6658	65F1	2
665A	6669	2
665D	663C	2
6660	665F	10
6665	7696	2
6667	7693	2
6670	6673	2
6672	7768	4
667F	6676	2
6680	65FA	2
6686	65BD	4
668A	78A9	4
668C	777D	8
668E	6620	2
668F	66D9	14
6692	6674	2
6693	7780	4
6694	5583	4
6695	35A6	4
669C	666E	8
669C	66FF	8
669E	769E	4
66A0	769C	2
66A1	8789	4
66A3	6C17	4
66A3	6C23	4
66A4	66AD	8
66A4	769E	10
66A4	76A1	8
66A5	664F	4
66A5	668D	4
66A8	5C4A	4
66A8	66C1	5
66A9	969B	4
66AA	779E	4
66AC	893B	4
66AD	769E	2
66AF	819C	4
66B0	8E64	4
66B1	6635	2
66B6	7487	4
66BA	563D	4
66BB	666F	2
66C5	66C4	12
66C5	71C1	8
66C6	66A6	2
66C9	6681	2
66CA	8CBB	4
66CB	78F9	4
66CC	7167	10
66CD	66AD	8
66CD	769E	10
66D0	661F	14
66D0	76A8	8
66D1	53C2	4
66D1	53C3	4
66D2	6648	8
66D2	768E	8
66D2	76A6	12
66D3	66B4	14
66D3	66DD	8
66D7	66C4	14
66D7	71C1	8
66DE	792A	4
66DF	6668	10
66E1	7573	12
66E1	7582	8
66E1	7589	8
66E1	758A	8
66E3	5BB4	4
66E4	81DB	4
66E7	878D	4
66EA	56C9	4
66EC	6652	2
66EF	71ED	8
66EF	77DA	4
66F1	7532	4
66F5	66F3	2
66F6	5FFD	12
66FE	66FD	2
6702	52D6	14
6702	52D7	8
6703	4F1A	2
6704	63C0	4
6706	7511	4
6707	88E8	10
670A	8118	4
670C	73ED	8
670C	9812	14
6710	80CA	7
6718	5168	4
6718	8127	1
6719	660E	2
671A	5FD9	4
671A	76F2	4
671E	671F	2
6721	8127	4
6722	671B	8
6722	8056	8
6723	77B3	4
6724	6716	8
6724	6717	12
6729	5B5B	2
672F	672E	14
672F	8853	8
6732	6741	4
6735	44B3	12
6735	6736	14
6739	7C0B	4
6739	233D2	4
673B	6A1B	4
673C	5315	8
673C	6787	6
6740	6BBA	6
6743	6A29	14
6743	6B0A	12
6744	6746	4
6745	6859	8
674A	5733	4
674A	673A	4
674B	6953	4
674D	674E	2
6752	8ED4	4
6757	5446	4
6757	5984	4
675A	5FD4	4
675B	5F13	4
675B	6747	4
6766	6749	2
676B	67FE	4
676E	67FF	1
676E	233D5	2
6770	5091	2
6778	6BB3	4
6779	6787	4
677D	677B	14
677D	9215	12
6780	3BA4	8
6780	677E	14
6780	67A9	8
6780	67D7	8
6780	68A5	8
6782	76F8	4
6783	6753	4
6784	69CB	10
6786	6959	4
6788	6787	4
678A	6602	4
678D	6747	4
678F	6960	8
6794	67C3	4
679E	6A05	14
67A3	687C	4
67A3	68D7	14
67A6	6AE8	2
67A9	677E	2
67AC	574D	4
67AE	6939	4
67BA	79E3	4
67BC	6851	8
67BC	6852	8
67BD	6851	10
67BD	6852	10
67BE	67F9	10
67BE	67FF	10
67BF	8616	4
67C1	8235	2
67C2	67C1	10
67C2	8235	10
67CB	5E12	4
67CD	79E7	4
67D2	6F06	2
67D5	6959	14
67D6	62DB	4
67D7	677E	2
67DF	6960	12
67E0	696E	14
67E0	6AB8	4
67E1	6810	8
67E5	67FB	7
67E8	6016	4
67EA	62D7	4
67EB	6255	4
67EB	62C2	4
67ED	79E1	4
67F0	5948	2
67F8	676F	4
67F9	67FF	2
67FA	67B4	5
67FD	6A89	4
6800	652F	4
6800	6845	2
6800	6894	14
6801	67F3	2
6805	67F5	7
6805	7B74	4
681A	54B2	4
681B	5354	4
681C	695D	4
6820	51ED	4
6822	67CF	2
6823	88B5	4
6824	6810	4
6825	7CA2	4
6826	6D32	4
6827	67BB	10
682E	682D	4
6830	7B4F	10
6835	3B6D	4
6835	4F8B	12
6836	68B1	4
6837	69D8	4
6837	6A23	4
683A	6307	4
683E	6B12	2
6847	67B6	4
6849	6848	2
684B	6D1F	4
684C	5353	2
6852	6851	2
6856	6064	4
6858	690E	10
6858	69CC	8
6863	6A94	2
686C	686B	14
686E	676F	2
6870	681D	8
6873	6859	4
6878	732E	4
6878	737B	4
6879	6994	8
687A	67F3	2
687C	6F06	2
687D	839D	4
687F	6746	2
6884	7092	8
6887	6335	4
6889	58EF	4
688B	92D7	4
688B	9436	4
688C	689A	8
688E	688D	5
6891	6978	4
6892	62FE	4
6894	6845	2
6895	6964	4
6895	6D8A	4
6899	69F5	2
689D	6761	2
689E	8DFD	4
68A4	68FB	12
68A5	677E	2
68A6	5922	2
68B7	68E8	4
68B8	68A8	10
68B8	68C3	14
68B9	6AB3	2
68C1	68B2	5
68C3	68A8	2
68C5	67C4	2
68C7	6964	12
68CA	68CB	2
68CE	63A2	4
68DB	68C8	4
68DB	80B2	4
68DE	68B1	10
68DE	7A1B	4
68E2	8F1E	14
68E5	6A0A	2
68E6	6399	4
68E7	685F	2
68E9	6DF5	4
68F4	670D	4
68F4	6935	4
68F8	5A36	4
68FE	68B5	4
68FF	8F17	4
6902	797F	4
6909	4E57	2
6909	4E58	10
6914	753E	4
6915	678C	4
6915	6959	4
6917	7887	10
6918	695A	14
6922	69F6	2
692F	63E3	4
6931	698E	2
6937	51FD	4
6937	7DD8	4
693A	8913	4
693C	6841	4
693C	884D	4
693E	3B8D	8
693E	41F3	8
693E	63C3	12
693E	6816	8
693E	68E7	8
693E	68F2	8
693E	724B	8
693E	7B8B	14
6941	5BA2	4
6941	683C	4
6943	5E44	14
6948	80E5	4
694B	6E82	4
694C	5050	4
694D	672C	14
6951	63C6	4
6952	601D	4
6956	6ADB	6
6958	67D4	4
695C	80E1	2
695F	6901	4
6967	5040	4
6973	6885	2
6976	3BA4	4
6976	7CA2	4
6985	69B2	7
6985	6A22	4
6986	6961	7
698D	6954	8
698F	8257	14
6990	76DE	4
6990	78BE	4
6993	6A12	14
6993	6AC1	12
6997	6422	4
6998	77E9	2
6999	642D	4
699E	539F	4
699E	23594	4
699F	6893	14
69A2	67B6	14
69A3	6416	4
69A4	6840	4
69A6	5E79	2
69A9	6A1D	4
69A9	8654	4
69AA	79A1	4
69AE	6804	2
69B3	5EAD	4
69B3	6377	8
69B3	6883	4
69B5	696B	4
69B5	8338	4
69B9	6903	4
69BD	5FAF	4
69C0	69C1	2
69C4	7A3B	4
69C6	6776	4
69C8	8028	10
69D1	67D0	2
69D1	6885	2
69D4	69F9	12
69D5	5353	10
69D5	684C	4
69D5	68F9	4
69D6	6A50	2
69D7	6A4B	10
69D7	2363A	10
69DE	6AF3	2
69E3	6567	2
69E4	7489	8
69E4	9023	4
69E6	6175	4
69E8	6901	2
69EA	6982	2
69EC	67E7	4
69EC	74E0	4
69F1	7092	8
69F7	6954	4
69F7	81EC	4
69F8	8939	4
69FC	4093	12
69FC	898F	14
6A02	697D	2
6A03	6994	8
6A04	9673	4
6A06	96E2	4
6A07	8129	4
6A08	5883	4
6A09	689C	4
6A09	723D	4
6A0D	7A4D	4
6A0E	7E2E	4
6A10	6AD3	14
6A10	8263	8
6A10	826A	12
6A11	6881	2
6A13	697C	2
6A16	67EF	4
6A16	7FD5	4
6A18	6491	8
6A18	68E0	4
6A18	6A56	12
6A1C	67D8	6
6A23	69D8	2
6A24	6761	8
6A24	689D	8
6A25	5CEF	4
6A26	67F1	4
6A26	7B19	4
6A2C	6460	4
6A2C	6964	8
6A2F	6AA3	14
6A2F	8262	4
6A37	53E2	10
6A3C	699B	14
6A40	69BC	4
6A40	91AF	4
6A41	6776	12
6A42	5960	4
6A42	6A3D	4
6A43	7B4F	14
6A4A	69B4	10
6A4C	6A7A	5
6A4D	6A7A	4
6A4D	958F	4
6A4E	64AD	2
6A4F	50D0	4
6A53	8563	10
6A54	58A9	4
6A55	6491	8
6A55	6A56	8
6A57	68DA	4
6A57	840C	4
6A5A	68A2	4
6A5A	6978	4
6A5C	53A5	4
6A5C	6A5B	14
6A5D	8983	4
6A63	6876	4
6A63	752F	4
6A65	732A	4
6A68	61A4	4
6A69	6488	4
6A6B	6A2A	2
6A6C	68A3	12
6A6D	67AF	4
6A6E	67F3	14
6A6E	6801	8
6A6E	687A	8
6A6F	6488	4
6A70	69F9	12
6A71	53A8	2
6A71	5EDA	10
6A7D	64BB	4
6A7E	64CD	2
6A82	7A60	4
6A86	6749	10
6A86	6766	8
6A86	6919	8
6A88	64D0	4
6A8A	6746	14
6A8C	7F6A	4
6A8F	6734	8
6A8F	6A38	14
6A92	51EE	8
6A92	6953	4
6A92	98A8	14
6A93	6934	4
6A93	6BC0	4
6A95	7E6B	4
6A96	9083	4
6A98	67B0	12
6A98	6A97	14
6A98	8617	8
6A9A	695A	4
6AA2	691C	2
6AA4	6A0B	4
6AA4	9053	4
6AA6	527D	4
6AA6	6A19	4
6AA7	6964	4
6AA8	69D8	10
6AA8	6A23	14
6AAA	6ADF	2
6AAD	9280	4
6AB1	68CB	10
6AB2	5718	4
6AB2	68B1	4
6AB5	675E	4
6AB6	6774	6
6AB7	9268	4
6AB9	69E3	4
6ABA	6AAC	4
6ABA	8C6A	4
6ABC	6A83	12
6ABC	6AFD	12
6AC0	68CA	10
6AC0	68CB	14
6AC0	7881	8
6AC1	6A12	2
6AC4	6776	14
6AC4	693F	4
6AC5	7A67	4
6AC7	64F7	4
6AC7	9817	4
6AC8	51F3	8
6ACC	8030	8
6ACD	8CEA	4
6ACE	6A2A	4
6ACE	8861	4
6ACF	9077	4
6AD1	7F4D	2
6AD2	6AAB	4
6AD5	6B11	10
6AD7	896A	4
6AE0	64A5	4
6AE1	65AB	8
6AE1	7BB8	4
6AE2	64FB	4
6AE3	84EE	4
6AE5	5E6E	4
6AE9	6A90	14
6AE9	7C37	8
6AEB	8C6C	4
6AED	696C	4
6AEE	843C	4
6AEF	7A4C	4
6AF4	61F6	4
6AF9	701F	4
6AFB	685C	2
6AFD	6A83	2
6AFE	67DA	4
6B00	7A70	4
6B01	8FB2	14
6B06	2217B	8
6B07	651D	2
6B09	53E2	10
6B0A	6A29	2
6B13	6529	4
6B14	652B	4
6B14	9481	8
6B18	65B8	4
6B19	6A0F	12
6B19	7E32	4
6B1A	9E97	4
6B1E	6AFA	2
6B24	6B5F	10
6B25	5439	4
6B26	574E	4
6B28	5474	10
6B29	52AD	4
6B2A	54A5	4
6B2D	6B27	4
6B2E	6398	4
6B2E	8E76	4
6B30	5439	4
6B30	8842	4
6B31	780D	4
6B31	90C3	4
6B33	559F	6
6B34	98F2	4
6B35	6B3E	2
6B3B	6B58	8
6B40	6B35	8
6B40	6B3E	14
6B41	52D8	4
6B42	5598	4
6B44	6B4A	4
6B45	6E6E	4
6B48	6109	4
6B4B	6B54	4
6B4F	6B61	4
6B50	6B27	2
6B51	6B54	4
6B51	8656	4
6B55	5674	14
6B57	562F	14
6B5D	6581	10
6B5E	986F	4
6B61	6B53	2
6B65	6B69	2
6B68	57E0	8
6B68	6B65	14
6B68	6B69	14
6B6C	524D	2
6B6D	8E1F	4
6B6E	6E0B	8
6B6E	6F80	10
6B6E	6F81	8
6B70	6E0B	8
6B70	6F80	8
6B70	6F81	8
6B71	8E35	12
6B72	6B73	3
6B76	842C	4
6B77	6B74	2
6B78	5E30	2
6B7A	6B79	2
6B81	6B7F	2
6B8E	7864	4
6B8F	36CF	4
6B90	7AE6	4
6B91	8131	4
6B98	6B8B	2
6B99	5A5A	4
6B9C	5F3D	4
6B9D	6EB1	4
6BA5	5BC5	4
6BA6	9D1F	4
6BA7	50E6	4
6BB1	6BB2	2
6BB6	73BB	4
6BB6	7F96	4
6BB8	78EC	8
6BBC	6BBB	2
6BC1	6BC0	3
6BC9	533B	2
6BCA	99A8	4
6BCC	8CAB	8
6BCF	6BCE	2
6BD0	6BD2	4
6BD1	59D0	4
6BD3	80B2	2
6BDE	7D15	6
6BE0	8888	6
6BE1	6C08	10
6BE1	6C0A	8
6BE2	8FFA	4
6BE4	5C29	4
6BE5	6BF1	4
6BE5	73E3	4
6BE8	6BE7	4
6BE9	6BEC	2
6BE9	6BF1	4
6BED	869D	4
6BED	8C47	4
6BEE	6BDF	2
6BF0	57F9	4
6BF1	97A0	2
6BF4	6BEC	4
6BF8	6BF1	4
6BFC	696C	4
6BFC	9DA1	4
6BFD	728D	4
6C01	734F	4
6C03	6C08	4
6C03	7AE5	4
6C06	6C0A	4
6C0A	6C08	2
6C0B	6BFF	4
6C0B	8499	4
6C0C	7A6D	4
6C12	53A5	2
6C16	6C1B	4
6C1C	9633	8
6C1C	967D	12
6C1D	6C24	4
6C23	6C17	2
6C2A	514B	4
6C2B	5DE0	4
6C2B	6C33	4
6C2D	6771	4
6C2D	6C23	4
6C2F	5F54	4
6C2F	6C23	4
6C30	9752	4
6C32	6C33	5
6C3C	6EBA	4
6C3D	5C12	4
6C43	8C73	4
6C44	23C7F	4
6C45	6C59	4
6C45	6C94	12
6C4C	6D32	4
6C4F	6C70	8
6C52	832B	8
6C53	6CC5	14
6C53	6E38	4
6C54	6C7D	8
6C58	6C57	4
6C59	6C5A	2
6C5C	6C3E	2
6C61	6C59	4
6C61	6C5A	7
6C65	5FEE	4
6C66	6CDC	4
6C69	6C68	1
6C69	6DC8	4
6C6C	7A7D	14
6C6E	5747	4
6C73	6C74	2
6C75	6DB5	4
6C75	6DE6	4
6C77	577B	4
6C79	6D36	10
6C7F	6292	4
6C80	677C	4
6C89	6C88	2
6C8A	8FF0	4
6C8B	6C88	4
6C8E	6C98	4
6C8F	780C	4
6C91	5FF8	4
6C92	6CA1	2
6C97	6DFB	2
6C9C	6CEE	2
6C9D	6C34	4
6C9E	6C9B	4
6CA0	6D3E	14
6CA0	6D41	8
6CAC	5BD0	4
6CAC	6627	4
6CB2	6CB1	10
6CB6	577B	4
6CC0	6D1E	4
6CC3	6D35	4
6CC7	4F3D	4
6CC8	4F5F	4
6CCE	600D	4
6CD8	6EF9	14
6CDD	6EAF	2
6CDE	6FD8	4
6CDF	6014	4
6CE0	51B7	2
6CE4	4F3C	4
6CEA	6D99	2
6CF5	6CC9	4
6CFB	6F5F	2
6CFF	57A0	6
6D01	6D69	2
6D01	6F54	4
6D01	7D5C	4
6D02	6DB2	14
6D03	6062	4
6D05	6D66	4
6D06	62EF	4
6D09	57A2	4
6D0D	6C5C	4
6D10	391A	4
6D13	6F2C	10
6D14	6EDE	4
6D14	6EEF	4
6D15	4F7E	4
6D16	609E	4
6D18	62F7	4
6D1C	6D1B	14
6D1D	4F92	4
6D21	6CAB	4
6D22	4F0A	6
6D24	6CC9	2
6D2C	6E22	4
6D2D	6047	4
6D2F	6F54	2
6D3A	6D1B	4
6D40	66F2	8
6D40	6CB9	4
6D42	6CC6	6
6D43	6D79	14
6D4A	6FC1	14
6D56	57D2	4
6D5D	75DD	4
6D61	6E24	8
6D62	8C46	4
6D68	5B8B	4
6D68	6DD9	4
6D6B	6DF1	4
6D6D	4FBF	4
6D71	6F18	14
6D75	5F64	4
6D75	6F8E	4
6D76	7262	4
6D7A	6C96	6
6D7B	6CC2	4
6D7B	70F1	4
6D7E	212FD	4
6D81	6EF2	2
6D83	6083	4
6D86	6C67	4
6D89	6E09	2
6D8B	6CF1	4
6D8C	6E67	2
6D8F	6D8E	4
6D96	8385	8
6D96	849E	8
6D9C	7006	2
6DA6	6F64	4
6DAD	6FE4	4
6DB0	555C	4
6DB1	6F32	14
6DB3	60BE	4
6DB6	553E	4
6DBA	5028	4
6DBB	6368	4
6DBE	8E0F	4
6DC1	6F57	4
6DC2	5F97	2
6DCD	5468	4
6DD7	63AC	4
6DDA	6D99	2
6DDC	99AE	4
6DE3	502A	4
6DE7	5B93	4
6DE7	6CCC	4
6DE8	6D44	2
6DED	6DDA	4
6DF2	6EF8	4
6DF8	6E05	3
6DFA	6D45	2
6DFD	6C9A	4
6DFE	98EE	14
6DFE	98F2	14
6DFF	6C68	8
6DFF	6CCA	4
6E00	5954	10
6E01	6302	8
6E01	639B	8
6E01	6DF5	14
6E01	6E0A	8
6E01	6E15	8
6E02	5CB7	12
6E02	6C76	14
6E06	6302	8
6E06	639B	8
6E06	6DF5	14
6E06	6E0A	8
6E06	6E15	8
6E0A	6DF5	2
6E0A	6E15	2
6E12	4FFE	4
6E15	6DF5	2
6E18	67D4	4
6E1C	6FE1	4
6E28	504E	4
6E2A	6FE1	14
6E30	667B	4
6E30	6DF9	4
6E31	8679	4
6E33	5F2D	4
6E33	6F32	4
6E34	6E07	2
6E35	63CF	4
6E3F	3B88	4
6E3F	6F06	4
6E40	63C6	4
6E41	6E49	4
6E42	6115	4
6E46	5063	4
6E4C	9910	2
6E4F	9808	2
6E50	6CCA	4
6E50	6D26	14
6E55	5FA4	4
6E59	5955	4
6E59	6E7E	4
6E5A	80E4	4
6E61	5076	4
6E65	63EC	4
6E66	60FA	4
6E69	91CD	4
6E6A	6DBF	4
6E6C	6E6B	14
6E6D	6CC5	4
6E70	9686	4
6E71	7809	4
6E74	57FF	4
6E75	7F91	4
6E76	6CC9	2
6E77	6E3E	4
6E78	55A8	4
6E7B	6DF3	10
6E7C	6D85	14
6E7C	23D40	12
6E7D	6DC4	10
6E89	6F11	5
6E8E	6842	4
6E8E	6D3C	4
6E91	6E5E	4
6E92	6EFE	4
6E92	8881	4
6E94	6E3C	4
6E94	7F94	4
6E95	6FDB	6
6E97	5D4A	4
6E99	6E4A	2
6E9A	5854	4
6E9B	7A8A	6
6EA1	5852	4
6EA3	502B	4
6EA3	6DEA	4
6EA4	99AE	14
6EA6	6E44	4
6EA8	683D	4
6EA9	5862	4
6EAA	6E13	2
6EAB	6E29	2
6EAC	7F97	4
6EB0	769A	14
6EB5	6BB7	4
6EB8	3D11	2
6EB8	6CDD	4
6EB8	6EAF	4
6EB8	9061	2
6EB9	7D22	4
6EBC	6E7F	14
6EBC	6FD5	14
6EBE	5080	4
6EC6	9694	4
6ED0	5091	4
6ED2	5F41	4
6ED2	6CB3	4
6ED6	69B1	4
6ED6	6EFE	4
6ED8	6EB6	4
6ED9	532F	2
6EDA	6EFE	7
6EDB	5A6C	8
6EDB	6C88	4
6EDB	6DEB	14
6EDB	972A	8
6EDC	6E76	4
6EE3	6F18	14
6EEF	6EDE	2
6EF0	23F7E	4
6EF3	6EF4	4
6EF5	6A12	4
6EF6	6160	4
6EF6	6FC0	4
6EFC	68B5	4
6EFC	6F78	4
6EFF	6E80	2
6F00	78EC	4
6F03	5BC2	4
6F04	6DAF	10
6F05	5DE2	4
6F05	5DE3	4
6F07	50B1	4
6F0B	7643	4
6F0E	6F68	4
6F12	8941	4
6F19	6E4D	4
6F1C	6F98	4
6F1D	6174	4
6F1E	6C68	12
6F1F	645A	4
6F21	6E6F	6
6F21	71D9	4
6F24	6FEB	4
6F25	7AAA	2
6F27	4E7E	14
6F2E	6177	4
6F34	6DD9	4
6F37	69E8	4
6F39	9122	4
6F3A	6D79	4
6F40	6F68	14
6F40	7047	8
6F42	6D2A	14
6F43	6EEB	4
6F44	55FD	4
6F44	6F31	14
6F4E	6F02	4
6F50	6194	4
6F55	61AE	4
6F56	6D65	4
6F56	7436	4
6F5B	6F5C	2
6F63	6E4F	4
6F65	6EA7	4
6F67	6EB1	4
6F69	6F60	4
6F69	7570	4
6F6A	667A	4
6F6A	6F5C	4
6F72	7A0D	4
6F74	7026	2
6F75	6F88	4
6F76	23638	4
6F77	844F	4
6F79	6F7A	14
6F7B	6F06	4
6F7F	570D	4
6F81	6E0B	2
6F82	6F84	2
6F85	756B	4
6F89	6A44	4
6F8A	50D4	4
6F8F	6D5B	14
6F90	6C84	2
6F91	6E9C	2
6F94	6D69	2
6F95	71C1	4
6F9A	6FB3	10
6F9E	6FFE	4
6F9E	865E	4
6FA2	64CB	4
6FA3	6D63	2
6FA4	6CA2	2
6FA9	5B78	4
6FA9	6ECE	4
6FAB	6E80	2
6FAB	6F2B	14
6FAB	71B3	8
6FAB	85D5	4
6FAC	8CC7	4
6FB0	7032	8
6FB2	3492	4
6FB7	6F2B	14
6FB7	71B3	8
6FB8	61BE	4
6FBA	61B6	4
6FBB	71E7	4
6FBD	64DA	4
6FBF	895F	4
6FC4	6E26	12
6FC5	5BD6	8
6FC5	6D78	10
6FC9	7762	2
6FCB	790E	4
6FCD	6121	4
6FCD	8471	4
6FCE	9F0E	4
6FD0	6E1A	4
6FD5	6E7F	2
6FD6	7026	4
6FD7	5E55	4
6FD7	6F20	4
6FD9	6ECE	14
6FDC	5118	4
6FDD	6DC7	6
6FDF	6E08	2
6FE2	74BB	4
6FE3	6FA3	4
6FE5	5BC5	4
6FE6	96B1	4
6FE7	5C0D	4
6FE7	6F8D	4
6FED	6E98	4
6FF1	6D5C	2
6FF3	6F5B	2
6FF3	6F5C	2
6FF4	6FDA	12
6FF5	6D5C	2
6FF6	95CA	2
6FF7	6EFF	4
6FFB	6F70	4
6FFB	96A4	4
6FFF	53B2	4
6FFF	7805	6
7001	6F3E	2
7002	6EF7	14
7002	9E75	12
7003	8CDC	4
7004	3E05	4
7008	7FEC	4
700C	6F09	4
700E	62B9	4
7010	61F4	4
7012	6F80	4
7012	6FC7	14
7013	6F82	14
7013	6F84	14
7014	7A40	4
7019	6FB5	12
7020	6FDA	8
7021	96A8	4
7024	61F7	4
7027	6EDD	2
7028	702C	2
7029	7015	4
7029	983D	4
702A	7E41	4
702B	7E20	4
702F	6FDA	8
7031	7F7D	4
7033	6D0A	4
7035	7CDE	4
7036	6E93	4
7038	6BB2	4
703B	6234	4
703F	7E41	4
7040	971C	4
7041	6DF5	4
7042	770A	4
7043	8C4A	2
7043	8C50	2
7045	6F2F	4
7046	6FEB	4
7046	85CD	4
704B	6CD5	2
704D	95D5	4
704D	24103	4
704E	7069	2
7052	6D45	4
7053	4E71	4
7053	4E82	8
7053	7064	12
7054	704E	2
7054	7069	2
7055	6F13	8
7056	7030	4
705A	652A	4
705B	95E1	4
705F	5C5E	4
705F	5C6C	4
7060	6FEB	4
7061	703E	4
7063	6E7E	2
7066	705D	4
7066	986F	4
7067	704E	8
7067	7054	8
7067	7069	14
7068	8D1B	4
706A	9B31	4
706E	5149	2
7071	7187	4
7072	5261	4
7073	8F1D	14
7074	70D8	6
7075	970A	2
7076	7AC8	2
7077	706E	4
7079	71E0	4
707A	5730	4
707B	8D64	14
707E	707D	2
7083	711A	12
7084	5FF8	4
7087	7086	4
7088	6295	4
708B	574F	4
708B	706F	4
708D	53DB	14
708F	708E	4
7090	70FD	4
7091	79CC	4
7093	6296	4
7093	7076	4
7097	5149	2
7098	712E	8
7098	7131	8
70A0	62BC	4
70A2	6035	4
70A3	4F55	4
70A3	70AF	4
70A5	602B	4
70A7	62D6	4
70A8	5768	4
70A9	601C	4
70AA	62D9	4
70B0	70AE	8
70B2	70B1	14
70B5	67CA	4
70B5	708A	4
70B6	6017	4
70C5	6064	4
70C6	391A	4
70C7	4F7A	4
70C9	7165	14
70CA	716C	2
70CD	713C	4
70CE	681E	4
70CE	7097	4
70D0	77EA	4
70D6	707D	10
70D6	707E	8
70D7	5793	4
70DA	6070	4
70DB	71ED	12
70DB	77DA	4
70DE	7206	6
70DF	7159	2
70E1	5DFD	4
70E1	706E	4
70E2	579E	4
70E3	6062	14
70EC	71FC	2
70ED	71B1	14
70EF	665E	6
70F0	5E96	4
70F1	70AF	2
70F2	608A	4
70F4	5F91	4
70F5	707C	6
70F6	57CF	4
70F7	7413	4
70F8	6094	4
70FB	57CF	4
70FC	7422	4
70FE	8D64	14
70FF	5F64	4
70FF	70D4	4
7100	7194	4
7101	5439	4
7102	5010	4
7108	7155	2
7108	7199	2
710A	66B5	8
710A	71AF	10
710A	91EC	4
710A	92B2	4
710D	608C	4
710E	608A	4
710F	4E1E	2
710F	4E9F	2
7114	7130	2
7118	6FE4	4
7118	71FE	4
711B	9583	4
711D	60DB	4
711F	60DC	4
7122	60BE	4
7123	7092	4
7123	805A	4
7124	8150	14
7125	60CB	4
7128	7106	4
7129	580B	4
712A	6E7E	4
712A	7A79	4
712C	60D5	4
712D	7162	3
7132	7131	4
7134	715C	6
7137	57E4	4
713A	6607	4
713A	7180	4
713B	5021	4
7142	7164	4
7142	9769	4
7143	70D3	4
7144	5839	4
7145	935B	10
714A	6684	2
714D	6100	4
7151	716E	2
7154	6749	4
7154	9583	4
7155	7199	2
7157	6684	8
7157	6696	8
7157	714A	8
7157	7156	10
715D	5A9A	4
715E	6BBA	2
715F	6E2D	4
7161	71FC	4
7163	63C9	12
7163	697A	12
716A	6962	4
716B	71E7	14
716D	70C8	14
7170	71E5	4
7171	581D	4
7172	5821	4
7173	7CCA	4
7174	7185	7
7174	71A8	4
717A	817F	4
717B	5858	4
717C	7092	14
717F	7206	14
7182	613E	4
7183	52D9	4
7183	5A7A	4
7186	6E98	4
7188	7155	2
7188	7199	2
718B	718A	12
718D	5BAE	4
718D	742F	4
718E	5FAD	4
7190	6E9F	4
7191	614A	4
7193	5862	4
7194	9394	2
7196	7130	2
719D	645D	4
719E	6173	4
71A2	70FD	2
71A3	5894	4
71A4	71A0	4
71A5	6A0B	4
71A7	616B	4
71A9	6EEC	4
71AA	79FB	4
71AB	7099	14
71AD	6167	4
71B6	7228	6
71B7	5897	4
71B8	50ED	4
71BA	71B9	2
71BC	7168	4
71BC	7570	4
71BD	6F5A	4
71BF	714C	8
71C4	7130	2
71C6	7187	6
71C7	710C	12
71C8	706F	2
71CA	69AE	4
71CA	7131	4
71CC	711A	10
71CC	71D3	8
71CD	6495	4
71D1	70D4	14
71D2	713C	2
71D7	721B	2
71D8	71DC	4
71DB	518F	8
71DF	55B6	2
71E2	71D3	4
71E3	61CD	4
71E4	2371C	4
71E8	5100	4
71EA	6121	4
71EA	8471	4
71EB	6FC2	4
71EF	6FAA	4
71F0	7168	4
71F1	61B6	4
71F3	7167	14
71FA	7187	14
71FB	718F	2
71FD	58D4	4
7200	8D6B	2
7202	7192	4
7202	7228	4
7204	6AD4	4
7205	6FF9	4
720A	6F09	4
720B	718F	14
720B	71FB	8
720C	6643	4
720C	66E0	4
720D	9460	2
720F	58E2	4
7210	7089	2
7212	4764	4
7213	3DD4	8
7213	7114	8
7213	7130	8
7214	66E6	4
7215	71EE	2
7216	58E0	4
7217	71C1	10
7219	58E4	4
721C	7047	4
721E	70D4	4
721F	70DC	8
7220	766F	12
7221	8806	4
7221	2371C	4
7222	7CDC	4
7222	9E8B	4
7224	71D7	8
7224	721B	10
7225	71ED	12
7227	6B1E	4
7229	9B31	4
722D	4E89	2
722E	5789	8
7231	611B	12
7232	70BA	2
7234	652B	2
723C	4FCE	2
7243	696A	8
7245	5889	10
7249	5224	4
7249	7247	4
724B	7B8B	2
724E	7255	8
724E	7A93	8
724E	7A97	10
724E	7ABB	8
7250	7C00	8
7251	7256	4
7254	613D	4
7254	724C	4
7255	7A93	2
7255	7ABB	2
7257	7256	2
725A	6491	8
725A	6A56	8
725C	725B	8
7265	574A	4
7266	6C02	4
7266	729B	4
726A	725B	4
726A	7261	4
726C	67F9	4
726C	7267	4
7270	62BD	4
7273	62C7	4
7281	7282	2
7283	727E	4
7285	525B	4
7286	7279	4
7288	6372	4
728C	7333	4
7290	874C	4
7291	7CD7	4
7293	82BB	2
7294	613E	4
7295	670D	4
7297	727E	4
7297	778E	4
7298	6469	4
729A	71A8	4
729A	728E	4
729C	58A9	4
729D	649E	4
729E	649F	4
72A1	6AD4	4
72A3	7375	4
72A4	64FA	4
72A7	72A0	2
72A9	9B4F	4
72AA	5914	4
72AA	8641	2
72B2	8C7A	2
72B3	8C79	4
72B9	7336	2
72BB	5420	4
72BC	543C	4
72BD	6792	4
72BF	8C9B	10
72C0	72B6	2
72C5	72C2	4
72C9	8C7C	8
72C9	8C94	8
72CA	5177	10
72CA	81ED	4
72CB	72F3	4
72CC	7329	2
72CD	67B9	4
72CF	62D6	4
72D1	72F3	4
72D3	62AB	4
72D6	3E68	8
72DC	3E66	4
72DC	726F	4
72E3	6311	4
72E4	736A	4
72E5	4F9A	8
72E5	5F87	10
72E6	67F5	4
72E6	72D2	4
72E7	8210	4
72E8	7331	6
72E8	7D68	4
72EA	4F97	4
72EB	4F6C	4
72F5	5C28	12
72F6	8C68	12
72F9	72ED	2
72FE	7318	8
72FF	633B	4
7300	686B	4
7301	60A7	4
7302	608D	10
7306	6590	4
7309	742A	4
730C	52D1	4
730D	72F8	2
730D	8C8D	2
730E	731F	4
730E	7375	4
7310	7F8C	14
7310	7F97	8
7311	7428	4
7315	736E	4
7315	737C	14
7323	72FB	4
7326	6953	4
7328	733F	2
732C	875F	2
732D	63BE	4
732F	8C92	2
7330	5951	4
7332	6B47	8
7332	7366	8
7333	8C6D	2
7338	6963	4
733C	640F	4
7340	635C	4
7340	641C	4
7341	746A	4
7342	6E90	4
7346	5637	6
7349	699B	14
734A	6134	8
734A	6436	4
734B	5637	6
734B	768B	4
734C	69FE	4
734E	5968	2
734E	596C	2
7350	9E9E	2
7351	6F38	4
7353	7352	6
7354	5637	6
7358	6583	8
735A	749C	4
735B	6FEE	4
735C	93FB	12
7361	6F5F	4
7362	9A55	6
7368	72EC	2
7373	5B7A	4
7374	6AAC	4
7375	731F	2
7376	7331	4
7378	7363	2
737B	732E	2
737D	6518	4
737E	8C9B	14
737F	7331	4
7381	736B	2
7382	8604	4
7385	5999	2
7386	8332	1
7388	65C5	4
738D	751F	4
738F	529F	4
7392	739C	4
7392	73D9	6
739C	73D9	2
739D	7395	4
739E	7806	2
739F	73C9	2
73A1	6792	4
73A3	7395	4
73A4	62DC	4
73A8	73CF	2
73AC	574D	4
73B3	7447	2
73B6	576A	4
73B8	5789	4
73BA	746B	8
73BA	74BD	14
73BE	73C5	4
73C1	74F7	14
73C3	73CA	4
73C3	8043	4
73C4	7272	4
73CB	7409	2
73CE	73CD	2
73D0	743A	14
73D4	62F5	4
73D8	6D00	4
73D8	73E5	4
73DA	56E0	4
73DF	738A	6
73E1	7434	2
73E2	7405	4
73E4	5B9D	2
73E4	5BF6	10
73E8	62FE	4
73EB	7409	4
73EC	73F9	4
73EE	4F69	2
73EF	4F6C	4
73F1	74D4	2
73F3	739F	6
73F3	73C9	2
73F6	608C	4
73F7	7894	10
73FC	72FD	4
7402	72FA	4
7408	5B5A	4
740B	6095	4
740C	9675	14
740D	7483	4
740D	74C8	4
7411	7463	10
7414	639F	4
7414	7401	4
7415	979E	4
7416	6214	4
7416	76DE	12
7417	7DB7	4
7418	73C9	14
7419	57DF	4
741D	739F	2
741D	73C9	6
741E	671B	12
741E	8056	14
741F	5806	4
7420	7471	10
7421	74B9	2
7423	742B	12
7427	580A	4
7437	7473	4
7437	7F8C	4
7439	7434	2
743C	74BF	4
743C	74CA	4
743D	5835	4
743E	73A0	6
7442	6963	4
7445	5824	4
7448	63C9	4
7449	739F	8
7449	73C9	14
744C	789D	12
744F	7A7F	4
7450	63C3	4
7454	697E	4
7456	7455	4
7458	740A	14
7461	7345	4
7464	7476	2
7468	74A1	2
746A	78BC	2
746C	65D2	4
746C	938F	4
746F	7405	2
7474	73A8	12
7474	73CF	10
7475	6414	4
747A	74AB	4
747A	87D0	4
747B	7428	6
747C	587C	4
747D	50B1	4
747F	6BC9	4
7482	7DA6	8
7482	9A0F	8
7482	9A6A	8
7484	749F	6
748C	23639	4
7493	7407	12
7494	5897	4
7496	74A9	14
749B	738A	4
749D	7470	14
74A2	7460	2
74AD	742F	6
74B3	7463	4
74B6	58D7	4
74B7	6577	4
74B8	73A2	12
74BC	5116	4
74BE	64E0	4
74C2	58D2	4
74C3	6AD1	4
74C4	72A2	4
74C5	64FD	4
74C7	64FE	4
74C9	74DA	2
74CB	64FF	4
74CC	7470	10
74CD	96A8	4
74CE	61F6	4
74D1	58E2	4
74D5	5F4C	4
74D5	74BD	4
74D7	74CA	12
74D9	71FE	4
74D9	74B9	4
74E1	57F7	4
74E1	72D0	4
74E3	5F01	2
74E8	7F38	10
74EB	76C6	2
74EC	7819	4
74F3	7819	4
74F5	53F0	4
74F9	7501	4
74FD	74EE	4
74FD	751E	4
74FE	7A90	4
7500	7504	4
7500	21647	4
7501	74F6	2
7502	7517	4
7502	7FE9	4
7506	74F7	10
7507	7F43	10
7507	7F4C	4
7508	750E	4
7509	6B49	4
7509	74F6	4
750A	6578	4
750B	6575	4
7510	78F7	4
7514	510B	4
7516	7F4C	10
751B	751C	10
751D	5F6A	4
751E	5617	2
7522	7523	7
752A	89D2	2
752D	68C4	4
752F	5BE7	2
7534	7531	4
753C	753A	2
753D	754E	2
7541	7540	14
7542	755D	6
7542	24C16	4
7544	7559	2
7546	755D	2
754A	8015	2
754D	754C	2
7552	755D	2
7555	7586	4
7556	5471	4
7558	5189	4
7558	7564	4
755E	3F57	8
755E	7546	8
755E	7552	8
755E	755D	10
755E	24C16	8
7561	5793	10
7563	7B54	14
7567	7565	2
756B	753B	2
756D	756C	2
756E	3F57	8
756E	7546	12
756E	7552	8
756E	755D	14
756E	24C16	8
7571	7559	2
7572	756C	2
7574	7587	2
7575	753B	2
7575	756B	3
7576	5F53	2
757A	7586	2
757C	66A2	10
7580	753E	4
7580	776B	4
7582	7573	2
7583	757D	12
7584	8F54	4
7585	757A	10
7585	7586	10
7588	526F	14
7589	7573	2
758A	7573	2
7598	809B	4
759B	5E9C	4
759E	3F72	4
75A3	80AC	2
75A6	75BE	4
75A8	7615	4
75A9	7601	14
75AA	75F9	6
75B4	75FE	8
75BB	53EA	4
75BB	75D8	4
75CB	75BC	4
75CC	606B	2
75D0	8698	4
75D0	86D4	4
75D1	75B9	4
75E5	5157	4
75E5	75D8	4
75E6	4FC9	4
75E6	75DE	4
75EE	8139	2
75F5	60B8	4
75F6	500E	4
75F6	75BF	4
75F8	761B	4
75FB	75B7	4
75FD	5095	4
7602	555E	2
760E	6E5B	4
7610	5EBE	4
7611	54BC	4
7614	82E6	6
7618	763B	2
761A	53A5	4
7626	75E9	2
762C	75EE	10
762C	8139	6
762E	50AA	4
762E	7633	4
762F	65CF	4
7631	761E	4
7636	55FD	8
7637	7620	4
763A	763B	2
763D	52E4	4
7640	3FAE	2
7644	6194	10
7645	7624	10
764E	7647	3
7651	81BF	4
7653	7665	4
7654	610F	4
7655	7670	2
765A	6FB9	4
765A	7621	4
765B	51DC	4
7660	6FDF	4
7661	75F4	2
7662	75D2	2
7679	767C	4
767C	767A	2
7680	9999	2
7682	7680	5
7682	7681	6
7683	8C8C	2
7685	8469	8
7688	5E30	2
7688	6B78	2
7689	73BC	4
768A	6624	4
768D	5373	10
768D	537D	10
768F	80FC	4
7692	54E6	4
7697	666D	4
7698	6674	4
76A1	769E	2
76A5	769E	2
76A5	76A1	1
76A8	661F	2
76A9	769D	12
76AC	81DB	4
76B1	76BA	6
76B3	6BEC	14
76B5	76B6	4
76B7	9F13	2
76B9	76B8	2
76BB	76B6	12
76C0	76C3	4
76C1	76C8	10
76C3	676F	2
76C4	76C2	4
76C7	76CD	14
76CB	9262	10
76CB	2504A	8
76CC	7897	2
76D3	76C2	4
76D5	76DC	4
76D6	84CB	2
76D9	7C20	10
76DA	88D8	4
76DC	76D7	2
76DD	6F09	12
76E1	5C3D	2
76E2	76E3	4
76E9	588A	4
76EB	76E6	14
76ED	623B	4
76ED	7D9F	4
76EF	8035	4
76F3	76F2	14
76F5	5403	4
76F7	6600	4
76FA	6615	4
76FD	770A	4
76FF	65FC	4
7700	660E	10
7700	670B	2
7700	6719	8
7702	8996	14
7705	6604	4
770E	8996	10
770F	80E6	4
7710	7704	4
7711	7A85	4
7718	613C	10
7718	614E	14
771D	8CAF	4
771E	771F	2
7721	8996	12
7723	80C5	4
7726	7725	2
7727	662D	4
772B	80D6	2
772D	7766	2
7730	80F5	4
7731	7724	8
7731	7747	12
7732	54A1	4
7733	662D	4
773B	54A9	4
773D	8993	8
773D	8994	8
773E	8846	1
7741	4E89	4
7741	722D	4
7741	775C	3
7742	7709	10
7743	8127	4
7744	7707	4
7749	811E	4
774B	4FC4	4
774C	6669	4
7752	4039	8
7753	8146	4
7754	5D18	4
7755	8155	4
7759	5533	4
775D	7780	4
7764	7765	10
7769	35A8	4
776B	4039	2
776D	666D	4
776E	8167	4
7771	6687	4
7774	6689	2
7776	6699	4
7777	8171	4
7778	5D4B	4
777B	6684	4
7781	898F	4
7782	4F10	12
7782	64A5	4
7785	557E	4
7789	5F40	4
7789	6010	8
778A	8185	4
778F	7758	12
778F	9084	4
7790	6676	4
7797	9D48	4
7798	7717	4
7799	819C	4
779A	77AC	2
779B	6A05	4
779D	7483	4
77A1	69FB	4
77A6	66BF	4
77A8	5E5E	4
77A9	77DA	2
77AA	77A0	2
77AB	8D09	4
77B2	55D4	8
77B2	778B	8
77B8	558B	4
77B9	66D6	2
77BA	81BE	4
77BE	7167	10
77C0	5FAE	4
77C1	6101	4
77C4	66DB	4
77C5	66DC	4
77C9	9870	10
77CC	66E0	6
77CE	5910	4
77D0	81DB	4
77D2	77A2	10
77D3	6727	4
77D4	6163	4
77D6	66EC	4
77D8	6529	4
77D9	77B0	8
77DD	77DC	4
77E1	652B	4
77E4	77E7	2
77E6	4FAF	2
77E8	6B80	4
77F1	84A6	8
77F2	64FA	4
77F4	7887	2
77F5	780C	14
77F9	5C7C	4
77F9	7814	4
77FA	78D4	4
77FD	52AF	4
7803	574D	4
7803	784F	4
7804	73A6	4
7804	780D	4
7807	739F	12
7807	73C9	6
7808	5443	4
780A	542D	4
780B	803B	4
780F	5429	4
7810	5438	4
7813	6B81	4
781E	7843	4
781F	6628	4
7828	9628	4
7829	5488	4
782A	59C6	4
782B	67F1	4
7830	7805	8
7830	7851	8
7833	77F3	4
7833	7827	4
7836	73C0	14
7838	531D	4
783F	7926	2
783F	9271	2
783F	945B	2
7842	9293	14
7843	6731	2
7846	54C8	4
7846	7872	4
7849	5F8B	4
784A	78C8	4
784B	788D	10
784B	7919	14
784F	7814	2
7850	6D1E	4
7862	870D	4
7865	868C	4
7866	54E2	4
7867	86F9	4
7869	54F2	4
7870	5A11	4
7878	5CB8	4
7879	8719	4
787B	93D7	4
787D	5535	4
787F	554C	4
7880	7424	4
7882	742E	4
7883	6674	4
7885	7847	4
7885	7A1B	4
7888	73C9	14
7889	96D5	4
788B	5CA2	4
788B	7895	4
788E	7815	2
7890	5D1A	4
7892	5D1F	6
7896	5D18	4
7899	7847	4
789A	57F9	2
78A0	7887	4
78A6	5580	4
78AA	7827	2
78AB	6BB5	4
78AE	9684	4
78B0	63BD	2
78B1	9E7C	10
78BB	78BA	2
78BD	78A9	2
78C0	9006	4
78C2	786B	4
78C4	8185	4
78C7	7812	10
78CD	778E	4
78CF	5EC9	4
78D2	9695	8
78DC	780C	14
78DD	78FD	4
78E2	723D	4
78E2	7864	4
78E3	588B	4
78E5	78CA	12
78E9	780C	4
78EA	5D14	8
78EB	45E5	4
78ED	6F18	4
78ED	8123	4
78F1	5D97	4
78F5	7900	1
78F6	8204	8
78F8	77F4	10
78F8	7887	6
78FA	9271	2
78FA	945B	2
7906	967A	10
7906	96AA	10
7908	589C	14
7909	6FC0	4
7909	78FD	4
790B	2542E	4
790D	78A3	6
7910	786E	2
7913	6BAD	4
7914	9739	14
7915	5288	4
7915	9739	6
7917	6BAF	4
7918	96B0	4
7919	788D	2
791A	78D5	10
791D	789D	14
791F	7832	10
791F	792E	10
7920	78C1	10
7923	5E6D	4
7924	8521	4
7926	9271	2
7926	945B	2
792E	7832	2
7932	7931	14
7936	7F36	6
7936	7F50	14
7936	9475	8
7937	791B	4
7937	85CD	4
7938	8D0A	4
7939	5DD6	4
793F	79B4	8
794C	6C96	4
7951	79E9	2
7952	7D39	4
7955	79D8	2
7959	9B3D	8
7961	67F4	4
7963	65C5	4
7964	6829	4
796A	6845	4
796C	7957	12
7973	8124	12
7974	88D3	4
7976	7998	14
7977	79B1	2
797D	690A	4
7980	7A1F	2
7983	690D	4
7988	890C	4
7989	7092	8
7990	7DE9	4
7997	7DE6	4
799A	7CD5	4
799E	7E1E	4
79A0	892B	4
79A2	69BB	4
79A4	69BB	4
79A5	797A	14
79AA	7985	2
79AC	6A9C	4
79AE	793C	2
79B2	6AD4	4
79B5	7994	4
79B6	6B11	4
79B7	985E	4
79BC	5951	4
79C4	8014	10
79C5	6754	4
79C6	7A08	14
79C7	82B8	2
79C7	85DD	2
79CA	5E74	2
79CC	79CB	2
79CE	678C	4
79CF	8017	10
79D0	8018	14
79D3	679D	4
79D4	7CB3	2
79D7	98EB	14
79D9	67AF	4
79DB	67C0	4
79E1	7953	2
79E2	9F61	2
79E2	9F62	2
79E8	67DE	4
79EA	79D6	2
79EF	7A4D	4
79F2	8494	4
79F3	681D	4
79F5	70DF	4
79F6	7CA2	6
79F7	6303	14
79F9	88B5	4
79FF	88DC	4
7A01	7A3E	14
7A01	7A3F	10
7A04	68AD	4
7A05	7A0E	3
7A06	7A6D	14
7A09	79D4	8
7A09	7CB3	10
7A0F	690F	4
7A10	68C6	4
7A13	68E4	4
7A1D	68DA	4
7A26	7995	4
7A28	7CC4	4
7A28	85CA	12
7A2C	7CEF	14
7A31	79F0	2
7A38	84C4	2
7A3A	7A1A	10
7A3A	7A49	8
7A3B	7A32	2
7A3E	7A3F	2
7A41	63D6	4
7A41	8338	4
7A43	6995	2
7A45	7CE0	8
7A49	7A1A	2
7A4A	7A56	4
7A4B	7A11	4
7A4B	827D	8
7A50	79CB	2
7A53	79A9	4
7A54	6A6B	4
7A57	7A42	2
7A58	6A48	4
7A5A	6A4B	6
7A5A	2363A	6
7A5B	6A35	4
7A64	7CEF	14
7A66	6AB3	4
7A68	983D	14
7A69	7A4F	2
7A6A	79F0	2
7A6A	7A31	2
7A6C	64F4	4
7A6C	7377	8
7A72	6B10	4
7A73	6B11	4
7A77	7AAE	4
7A7B	5B87	6
7A7C	7A81	4
7A89	5BCE	4
7A8C	7A96	4
7A8F	6C59	4
7A8F	7AAA	4
7A91	7AAF	10
7A91	7AB0	8
7A9A	5BAC	4
7AA1	53D5	4
7AA1	7A95	4
7AA2	7F6D	4
7AA4	7B9F	4
7AA8	852D	4
7AA8	9670	4
7AAB	7A75	6
7AB0	7AAF	2
7AB1	7BE0	4
7AB2	6599	4
7AB4	5861	8
7AB4	586B	8
7AB4	5BD8	4
7AB4	95D0	4
7AB7	804A	4
7AB8	6089	4
7AB8	7A93	4
7ABB	7A93	2
7AC0	8D6C	4
7AC0	9757	4
7AC1	6BF3	4
7AC2	5BEE	4
7AC6	7AAE	10
7ACA	7A83	2
7AD0	6295	4
7AD2	5947	2
7AD4	7ACB	8
7ADA	4F47	2
7ADD	4E26	2
7AE4	7AD1	4
7AE9	8ABC	10
7AEB	9756	2
7AEE	5840	4
7AF3	58B1	4
7AF5	6B6A	4
7AF7	574E	4
7AF7	627B	4
7AF8	7AF6	2
7AFC	7BF7	4
7AFE	7BEA	10
7B00	8292	12
7B01	7AFA	14
7B01	7BE4	14
7B05	723B	4
7B07	7B97	2
7B09	5300	4
7B09	7B0F	4
7B0B	7B4D	2
7B0C	82BD	4
7B0D	82AE	4
7B0E	82AB	4
7B10	4EA2	4
7B13	7BE6	4
7B14	7B46	10
7B16	82E1	4
7B17	82F3	4
7B1C	8301	4
7B1D	7B87	4
7B1F	7B8D	2
7B21	82F4	4
7B24	82D5	4
7B29	7B4F	2
7B35	7BC4	2
7B36	77E2	2
7B37	8306	4
7B38	53F5	4
7B3B	7B47	2
7B42	7BEA	14
7B43	8335	6
7B44	7A95	4
7B53	7B04	5
7B58	7B9D	4
7B5D	7B8F	2
7B5E	7B56	14
7B5E	7B74	4
7B5F	83A9	4
7B61	837C	4
7B62	628A	4
7B62	7B06	4
7B63	7C6C	4
7B68	839F	4
7B6B	8CEA	12
7B6D	7B97	2
7B71	7BE0	2
7B76	7B48	4
7B78	4207	4
7B7A	7B50	2
7B7F	7BE0	2
7B81	83E9	4
7B82	840A	4
7B86	7BE6	2
7B88	82D4	4
7B8C	4207	10
7B8C	7F69	6
7B8E	7BEA	8
7B93	7C0F	14
7B93	7C59	4
7B9F	7B98	2
7BA2	83C0	4
7BA3	7B56	14
7BA4	8403	4
7BAA	7C1E	2
7BAE	8431	4
7BB0	7B0B	8
7BB0	7B4D	10
7BB2	7B45	8
7BB3	5C4F	4
7BB9	846F	4
7BBE	68A2	4
7BBE	9798	4
7BBF	847A	4
7BC3	7709	4
7BCD	8429	4
7BCE	7707	4
7BCF	7B9D	2
7BD5	84CB	4
7BD9	3C0F	2
7BDC	84B8	4
7BDE	6D85	4
7BE1	7C12	5
7BE2	4508	4
7BE3	5F6D	4
7BE7	96BA	4
7BEB	7BC9	4
7BEC	84BC	4
7BF1	675D	4
7BF1	7C6C	4
7BF2	5F57	8
7BF4	7B1B	8
7BF9	7C51	8
7BF9	994C	8
7BFB	7BE5	4
7BFD	7C5E	14
7BFF	84F4	4
7C05	7523	4
7C08	5C5B	4
7C0A	7B95	4
7C10	7BC4	4
7C14	7C11	2
7C18	7C2B	12
7C1C	76EA	4
7C1C	8569	4
7C1D	5BEE	4
7C22	9594	4
7C29	52DE	4
7C2D	566C	4
7C2D	7B6E	14
7C34	943B	8
7C37	6A90	2
7C3B	904E	4
7C3C	7BDD	14
7C44	7C23	14
7C46	7BD7	8
7C46	7C70	8
7C47	7BD9	4
7C49	85B9	4
7C4B	8EA1	4
7C4B	9477	4
7C52	7C40	8
7C56	7C64	2
7C5D	7C6F	10
7C62	5333	14
7C62	5969	12
7C66	937E	4
7C6A	65AD	4
7C6A	65B7	4
7C6B	7C51	4
7C6D	7BE9	2
7C71	7C57	12
7C74	7CF4	14
7C74	96D1	4
7C75	8E6F	2
7C77	7C8D	4
7C78	5DE9	4
7C78	7C81	4
7C7A	8988	4
7C7B	985E	14
7C7C	79C8	10
7C7F	6599	4
7C7F	6751	4
7C83	79D5	2
7C84	677F	4
7C85	7269	4
7C87	7CE0	8
7C88	7CC5	12
7C8A	79D5	14
7C8A	7C83	14
7C8C	77E7	4
7C8E	91C8	4
7C93	6CD4	6
7C96	79E3	4
7C99	79DE	4
7C9A	9ED0	14
7C9C	7CF6	14
7C9D	7CF2	14
7CA3	67F5	4
7CAE	7CE7	2
7CAF	6898	4
7CB0	7A03	8
7CB4	7CBF	4
7CB8	7A18	4
7CB9	7C8B	2
7CC2	7CDD	2
7CC3	7CD6	6
7CC3	9933	6
7CC6	9EAA	10
7CC6	9EB5	12
7CC6	9EBA	12
7CC7	9931	10
7CC9	7CBD	8
7CCB	63C3	4
7CCC	7CC8	4
7CCD	9908	2
7CD0	6991	4
7CD1	6992	4
7CD3	7A40	10
7CD5	993B	2
7CDA	599D	10
7CDA	7CA7	8
7CDA	21742	8
7CDB	7CD6	14
7CDB	9933	8
7CE1	93E1	4
7CE3	7CC2	2
7CE3	7CDD	6
7CE4	6492	4
7CE5	7CEF	14
7CE6	994E	2
7CE8	6F3F	4
7CEA	6A97	4
7CEE	6ABB	4
7CF0	56E3	4
7CF0	5718	4
7CF1	5B7D	4
7CF1	7CF5	12
7CF3	6BC7	8
7CF3	947F	12
7CF7	25EC2	12
7CFA	7CFE	2
7CFC	34DB	8
7CFC	529F	14
7CFD	7D06	4
7D01	8869	4
7D0C	7D1E	4
7D0E	7D31	4
7D0F	5377	8
7D0F	5DFB	8
7D0F	7CFA	8
7D0F	7CFE	8
7D1F	7981	4
7D23	7DB7	2
7D24	7948	4
7D25	624E	4
7D25	7D2E	14
7D28	7E1B	4
7D29	7D40	4
7D29	91DD	4
7D29	9244	8
7D2A	7DC0	10
7D2D	7D18	2
7D34	88AB	4
7D36	7D1C	4
7D36	88AA	4
7D37	67C3	4
7D38	6CE8	8
7D38	7D53	4
7D3B	600F	4
7D3B	25FD4	4
7D49	6035	4
7D4A	9262	4
7D4B	7D18	2
7D4D	7D1D	10
7D52	7D03	4
7D54	7D48	4
7D55	7D76	7
7D5D	88B4	10
7D5D	8932	8
7D5F	8343	4
7D64	7DAB	14
7D64	7DDA	10
7D65	97B4	8
7D69	7967	4
7D6B	7D2F	14
7D6B	7E32	8
7D6B	7E8D	8
7D6C	7D50	4
7D6D	5377	4
7D6D	5DFB	4
7D6F	99ED	4
7D72	7CF8	2
7D74	7965	4
7D78	7E6D	10
7D7C	96C9	4
7D7E	7D68	4
7D80	7DF4	4
7D82	7D71	10
7D84	4FD4	4
7D84	7DB0	4
7D8B	7D18	2
7D92	6874	4
7D92	7DB5	4
7D93	7D4C	2
7D94	74E0	4
7D95	7E54	14
7D95	26017	8
7D96	7DAB	8
7D97	7D45	2
7D98	7E2B	14
7DA0	7DD1	2
7DA1	690B	4
7DA4	7D39	14
7DA5	7DA6	12
7DA5	7F88	8
7DA8	7DA6	14
7DA9	6900	4
7DAB	7DDA	2
7DB3	7E43	10
7DBC	88E8	4
7DC1	5FA2	4
7DC8	7E21	4
7DC9	88F2	4
7DCD	7DE1	10
7DD5	7E83	2
7DD6	7DD2	2
7DDB	611E	4
7DDC	7DBF	2
7DDF	91CD	4
7DE3	7E01	2
7DE5	8913	10
7DE7	79CB	4
7DE7	7A50	4
7DE7	97A6	8
7DEA	7D5A	8
7DEB	63D4	8
7DEB	6460	8
7DEB	7DCF	10
7DEB	7E3D	10
7DF0	7E7B	4
7DF3	7D5C	4
7DF3	7E3B	4
7DF7	890C	4
7DF8	7E39	4
7DFC	7E15	7
7DFD	8D6C	6
7DFF	7D3F	14
7E02	63D4	8
7E02	6460	8
7E02	7DCF	6
7E02	7E3D	14
7E03	80E5	14
7E0C	9006	4
7E0D	5E6B	4
7E0E	69BE	4
7E0F	7E41	4
7E14	7E70	4
7E16	938B	4
7E18	7E4B	8
7E18	7E6B	14
7E19	7DDD	4
7E19	8338	4
7E1A	7D5B	12
7E1A	7E27	12
7E1C	7D79	2
7E23	770C	2
7E24	7D20	12
7E25	699B	4
7E27	7D5B	2
7E28	5E4C	2
7E29	385C	4
7E29	7D9C	4
7E2A	7562	4
7E30	7E9A	14
7E31	7E26	2
7E32	7D2F	2
7E34	727D	4
7E34	7E4A	4
7E36	99BD	8
7E38	6A21	4
7E3C	7487	4
7E3D	7DCF	2
7E40	69EF	4
7E40	7DAD	4
7E42	7387	4
7E45	7E70	2
7E48	7E66	5
7E48	8941	4
7E4B	7E6B	2
7E4D	7E61	2
7E4F	9409	4
7E51	5C69	4
7E53	6A36	4
7E57	6A49	4
7E5B	7DBD	14
7E60	6A64	4
7E60	8602	4
7E63	756B	4
7E64	7E82	14
7E68	7E2B	4
7E69	7E04	2
7E6A	7D75	2
7E6C	6AA3	4
7E6E	97C1	10
7E71	6460	8
7E71	7DCF	4
7E71	7E3D	8
7E72	6A9E	4
7E74	7DAE	4
7E74	895E	4
7E76	6A8D	4
7E7A	715E	4
7E7C	7D99	2
7E7F	8964	2
7E80	5E5E	12
7E85	6ADF	4
7E89	7E98	2
7E8C	7D9A	2
7E8D	7D2F	2
7E8E	7E4A	2
7E8E	7E96	2
7E92	7E8F	2
7E96	7E4A	2
7E97	651C	4
7E97	7E82	8
7E99	6B0F	4
7E9D	7E32	8
7E9D	7E8D	8
7F37	5378	14
7F39	7126	4
7F39	7F36	4
7F3A	6B20	2
7F3B	7F36	2
7F3C	6B20	2
7F3C	7F3A	2
7F3D	9262	10
7F40	7F3C	4
7F40	929A	4
7F41	7F38	6
7F46	7F36	4
7F46	7F50	4
7F47	6A3D	2
7F48	58C7	4
7F48	58DC	10
7F48	7F4E	12
7F4B	74EE	12
7F4B	7515	14
7F4E	58DC	2
7F50	7F36	2
7F53	34C1	8
7F53	7F51	8
7F53	7F52	8
7F53	26270	8
7F57	7F85	6
7F57	908F	4
7F59	7F55	4
7F5E	7F58	4
7F5E	8305	4
7F62	7F77	14
7F62	7F86	4
7F65	7F82	8
7F6C	8F1F	4
7F6F	7F72	4
7F6F	97F3	4
7F76	7559	4
7F76	9724	4
7F78	7F70	2
7F7A	6A14	4
7F7B	5C09	4
7F7C	7562	14
7F84	7F69	4
7F89	470C	4
7F8F	6D0B	8
7F90	7F91	2
7F91	7F90	2
7F92	7F9A	4
7F95	23D0E	12
7F97	7F8C	2
7F98	80D6	4
7F99	7F8E	14
7F99	7F94	12
7F9B	7FA9	6
7F9D	7274	2
7FA0	6D1F	4
7FA3	7FA4	2
7FA7	7F96	4
7FAA	517B	8
7FAA	990A	10
7FAB	8154	4
7FAC	6E1B	4
7FB1	539F	4
7FB3	74A0	4
7FB4	7FB6	10
7FB7	736B	4
7FB7	7F9A	4
7FBA	5B7A	4
7FBB	6176	4
7FBE	26402	4
7FC2	26402	4
7FC4	7FC5	14
7FC6	7FE0	2
7FC7	7FBF	4
7FC7	9AEE	4
7FC9	6829	4
7FCB	26402	4
7FCD	62AB	4
7FD0	8EFC	4
7FD1	80CA	4
7FD1	26402	4
7FD3	8A61	4
7FD6	7FD5	14
7FD7	7FCE	4
7FDC	7FE3	4
7FDD	7FC3	4
7FDE	5F36	4
7FE2	7E9B	4
7FE4	7FC5	14
7FE7	5BA3	4
7FE7	7FFB	4
7FF1	7FFA	14
7FF4	7E3A	4
7FF5	9D6C	4
7FF7	7FFB	4
7FF8	7FFA	4
7FF8	8CC1	4
8007	8008	8
8009	8008	16
800A	800B	2
8012	6765	2
801A	67C0	4
801A	25E56	4
801D	8021	8
8023	68C6	4
8029	69CB	4
802A	699C	4
802B	7A4D	4
802F	7A6B	6
8031	78E8	4
8038	8073	12
803B	6065	2
8040	8077	10
8043	803C	2
8045	803F	4
8045	80C5	4
8047	803B	4
8048	62D7	4
8049	670F	4
804E	773A	4
8050	8052	4
8051	8033	4
8054	8068	4
8054	806F	4
8055	6667	4
8055	8052	4
8057	4039	4
8059	775B	4
805B	7765	4
805C	8EBB	4
805D	9998	14
805F	58FB	2
805F	5A7F	2
8065	7440	4
8066	8061	2
8066	8070	2
8067	777D	4
8068	806F	2
806C	8061	4
806D	5ABF	10
806D	6127	2
806E	8068	8
806E	806F	14
8070	8061	2
8072	58F0	2
8078	510B	4
8078	77BB	4
807A	64E6	4
807C	8074	6
807C	807D	14
807D	8074	2
8082	5F8B	4
8085	7C9B	2
8088	8087	10
808A	81C6	14
808D	808B	4
808E	80AF	10
808F	8089	4
8090	80F3	4
8090	9ABC	4
8091	80CA	4
8092	808B	4
8092	233D2	4
8094	8CA4	4
8095	976D	10
8095	97CC	12
80A3	51FD	4
80A4	819A	2
80A7	80DA	2
80A8	80D6	4
80AB	98E9	8
80AE	4EA2	4
80AE	542D	8
80AE	9AAF	4
80B0	7136	4
80B3	543B	12
80B5	6615	4
80B6	9AC0	4
80B7	6B3A	4
80B7	80C5	4
80B9	80B8	10
80BB	80AF	14
80C2	80DB	4
80C7	80BA	4
80C9	9AC6	4
80CB	8CBC	4
80D0	670F	6
80D1	67B3	4
80D1	80A2	14
80D3	809D	4
80D3	28E36	4
80DC	52DD	4
80DC	8165	12
80DF	62C7	14
80E2	4BCA	14
80E3	9641	4
80ED	54BD	10
80ED	81D9	8
80F7	5308	12
80F7	80F8	14
80FF	772D	4
8100	810A	4
8103	8106	10
8104	6062	4
8109	8108	2
810B	8105	10
810B	8107	8
810D	81BE	2
8114	81E0	14
8117	543B	10
8119	8CD5	4
811F	81E0	4
8121	633A	4
8123	5507	2
8125	8105	4
8125	9830	4
8126	5FD2	4
8126	81A9	4
8128	7620	4
812A	774E	4
812B	8131	3
812D	8135	4
812E	9BBE	4
8132	5C3F	14
8134	75DE	14
8135	80A1	2
813A	8106	8
813B	776B	4
813F	4FF5	4
813F	8198	4
8140	6384	4
8140	8167	4
8141	80FC	5
8142	8E1D	4
8143	7737	4
8144	7761	4
8148	6674	6
8148	6692	4
8149	7768	4
814D	637B	4
8156	9673	4
8157	813E	10
8158	8195	4
815B	6E25	6
815C	5A92	4
815D	81D1	4
815E	8C5A	4
815F	81A3	2
8162	9AC3	6
8163	63E5	4
8163	8180	4
8164	6697	4
8166	8133	2
816A	6689	2
816A	8CF1	4
816C	63C9	4
816D	9F76	2
816E	984B	2
8172	9688	4
8173	537B	4
8173	811A	12
8175	6687	4
8176	6BB5	4
8176	935B	4
817D	8183	5
8184	75E9	2
8184	7626	2
8187	6425	4
818C	7620	12
8190	8182	10
8192	8EC0	4
8193	8178	2
8194	8198	4
8197	76A0	4
8199	8941	4
81A1	8CF8	4
81A7	77B3	4
81AA	8180	4
81AB	61AD	4
81AC	8106	12
81AD	77B6	4
81B1	8077	4
81B7	9115	4
81B7	9C5C	4
81B9	61A4	4
81BC	64BE	4
81BC	817F	4
81BD	80C6	2
81C3	7670	2
81C7	64D5	4
81CB	81C0	10
81CC	81A8	4
81D0	66DB	4
81D2	96D8	4
81D4	7925	4
81D9	54BD	2
81DE	766F	8
81DF	81D3	2
81E2	6522	4
81E4	8CE2	2
81E6	518F	4
81E9	518F	4
81EE	81EC	4
81EF	768B	14
81EF	7690	12
81F0	81ED	10
81F7	800B	4
81F7	8FED	4
81FA	53F0	2
8203	8204	1
8207	4E0E	2
8209	6319	2
8209	64E7	2
820A	65E7	2
820B	91C1	12
820D	820E	2
8213	445B	8
8213	8210	10
8216	8217	2
8216	92EA	2
8218	9928	2
821B	5347	2
8220	822B	4
8225	80A5	4
8226	822A	4
8227	5E06	4
8227	822A	4
8229	8239	2
822D	823C	4
822E	826B	2
8241	9020	14
8242	8702	4
824A	8236	14
824C	7A14	4
824C	8232	4
8250	5C4A	4
8252	26AB7	4
8253	5E49	4
8255	822B	14
8261	64CB	4
8262	6AA3	2
8263	826A	2
8265	696B	12
8265	6A9D	8
8269	81CD	4
8275	74F6	4
8275	8274	4
8277	8276	2
8279	8278	2
827C	914A	4
8281	827D	8
8285	5F0B	4
8285	8307	4
8286	827E	4
828C	828B	14
828F	830E	4
8290	82A6	12
8290	8606	8
8294	5349	10
8295	837D	14
829C	7121	4
829C	856A	4
829E	6C14	4
82A2	830C	4
82B5	592C	4
82B5	82F1	4
82B6	82DF	4
82BA	8299	2
82C0	4EA2	4
82C1	5F93	6
82C1	5F9E	10
82C1	84EF	4
82C2	7097	4
82C3	8307	4
82C4	7B07	4
82C5	5208	2
82D0	7B2C	8
82D0	8351	2
82D6	7B1B	4
82D6	82D7	2
82D8	8394	4
82E2	82E1	2
82E9	8469	4
82EC	8335	4
82EE	4ED9	4
82F0	5B96	4
82F5	8299	4
82F8	82F9	4
82FC	8564	4
82FF	5473	10
82FF	8309	4
830A	8332	8
830D	82DF	5
831A	5370	4
8320	4F11	4
8320	5EA5	8
8321	8293	10
8326	7B56	4
8326	83BF	8
8326	8417	8
8327	7E6D	4
8329	540E	4
832A	5149	4
832A	82AB	4
832C	830C	8
833E	7B04	4
833F	7B51	4
8341	82F4	4
8346	834A	5
8348	82D1	4
8348	21DB7	4
834B	8011	4
834C	5B89	4
834C	837D	4
8357	8302	2
8362	82E7	2
8363	6804	2
8363	69AE	2
8371	5C3E	4
8372	8463	4
8372	91CC	4
8374	6276	4
8376	82A9	12
8379	6B65	4
837A	7B60	4
837E	837D	4
837E	8470	12
837F	8302	2
8380	8FB2	8
8381	7B6E	4
8383	5E0C	4
8388	6C92	4
8388	843D	4
838A	8358	2
838B	7B70	4
838C	5157	4
838F	838E	12
8390	6C88	4
8391	84EC	6
8395	8347	2
8396	830E	2
8397	8477	4
83A1	8DB3	4
83A4	831C	4
83A5	72C3	4
83AC	83DF	3
83AD	7BC0	8
83AE	7537	4
83AF	6C90	4
83B1	840A	2
83B5	83DF	2
83BE	83BD	8
83C2	7684	4
83C2	828D	6
83C3	82E3	4
83C4	6771	4
83C6	53E2	12
83C6	68F7	4
83C8	62C9	4
83C8	8385	4
83CB	5473	4
83CD	68EF	4
83D2	7A3E	2
83D2	7A3F	2
83D2	85C1	4
83D5	5D19	4
83D7	63CF	4
83DA	7B8B	4
83DB	862D	4
83DB	9580	4
83DE	8389	4
83DE	9ECE	4
83E2	62B1	4
83E3	81E4	4
83E4	7B9E	4
83E6	82B9	6
83EC	6CBC	4
83EC	82D5	4
83ED	82D4	14
83EE	5E9A	4
83F3	82A9	4
83F5	7F54	4
83FA	80A9	4
83FA	8439	4
83FE	5FDD	4
83FF	5230	4
8402	548C	4
8405	6625	14
8408	83A7	1
8409	80A5	4
8409	8469	4
8410	7B91	4
8412	5157	4
8413	8431	2
8414	82D5	14
8415	85BA	2
8418	5948	4
8418	837C	4
841E	7B86	4
841F	79C7	12
841F	82B8	8
841F	8429	4
841F	84FA	8
841F	85DD	8
8424	86CD	6
8424	87A2	12
8425	55B6	14
8425	71DF	14
842B	8543	4
842B	9999	4
842C	4E07	2
842D	77E9	4
842E	516A	4
8430	67EC	4
8430	83B1	4
8432	8413	4
8432	8431	12
8432	857F	8
8432	8610	8
8434	5D31	4
8436	6625	2
8437	68A2	4
843A	5192	4
843B	83E9	4
843F	6D3B	4
8440	62EC	4
8441	8591	14
8442	52C9	4
8443	6628	4
8443	8494	4
8444	80D9	4
8445	83F9	10
844A	83F4	2
844B	80CA	4
844B	8355	4
844C	83C5	4
844C	8551	6
8450	76C6	4
8450	84CB	4
8453	7BCA	4
8453	8452	14
8454	7BCC	4
8455	839A	14
8458	83D1	3
845D	52C1	4
845E	5F2D	4
8460	8593	8
8462	84CB	2
8468	754F	4
8468	831B	4
846A	858A	10
8472	6CC9	4
8472	83C9	4
847B	5D50	4
847E	6028	4
847F	7709	4
8483	7BC6	14
848B	8523	2
8491	6BB7	4
8493	84F4	10
8496	771F	4
8496	8561	4
8498	6310	4
849A	8435	4
849A	9B32	4
849B	7F3A	4
849D	539F	4
84A0	606F	4
84A0	858F	4
84A3	85F7	10
84A4	6D82	4
84A5	7559	4
84AB	5D73	4
84AE	96BA	4
84B0	822C	4
84B0	846E	4
84B1	84B2	8
84B3	7D0D	4
84B5	83DC	4
84B6	7D1B	4
84B6	846F	4
84B7	82B8	4
84B7	8553	14
84C3	85EA	4
84C5	6D41	4
84C5	852C	4
84D2	8ED2	4
84D4	7F94	4
84D4	84B8	4
84D5	6842	4
84D8	889E	4
84DE	840F	4
84E8	8129	4
84E8	84DA	8
84E9	52D9	4
84ED	5EB5	12
84F1	840D	2
84F3	83EB	14
84F5	6377	4
84F6	552F	4
84F8	66F9	4
84F9	5FA1	4
84FE	9E75	4
8501	8349	4
8504	554F	4
8505	598D	12
8505	59F8	10
8508	79D2	4
8509	889E	4
850B	6DD1	4
850B	83FD	4
850D	7C97	4
8510	837B	10
8510	85E1	8
8510	26FF7	8
8512	8477	14
8519	8479	4
851D	84BE	4
8520	7D42	4
8520	846F	4
8528	83CC	4
8529	5BC5	4
8531	6BBA	4
8536	7C00	10
853B	8532	4
8542	52DD	4
8542	85E4	4
8544	840C	14
8544	8420	4
8545	85D5	12
8547	7C1E	4
854B	854A	2
854B	8602	2
854C	85DF	4
854D	6E1D	4
8550	83EF	10
8554	5831	4
855A	843C	2
855B	7A0A	14
855B	7A49	4
8565	8599	4
8565	96C5	4
8566	9808	4
8567	5FA9	4
856C	7D72	4
856C	84C0	4
856E	51A9	4
856E	8526	4
8570	6E29	4
8570	8580	7
8570	860A	2
8573	83C5	4
8573	8551	1
8576	96F6	4
8578	846D	4
857C	8086	4
8582	828D	4
8583	84BF	4
858D	4E82	4
858E	8511	12
8592	7CB2	4
8592	8521	4
8595	7C3E	4
8596	85E1	4
8596	904E	4
8597	5712	2
859A	6BA4	4
859A	8569	4
859E	98F1	4
85A3	8452	2
85B0	85AB	2
85B1	5C0D	4
85B1	8451	4
85B2	860B	14
85B3	9060	4
85B6	57CB	10
85BB	85FB	14
85C0	7192	4
85C2	53E2	10
85C3	6B4A	4
85C4	7E82	4
85C5	7F70	4
85C6	6434	4
85C8	777D	12
85CC	8524	14
85CF	8535	6
85D1	5910	4
85D2	FA1F	4
85D6	8CE2	4
85DB	5BEB	4
85DD	82B8	2
85E2	8587	4
85E3	7F77	4
85E5	85AC	2
85E7	7DE9	4
85E7	857F	4
85EB	6F6D	4
85EC	96A4	4
85EE	6A35	14
85EF	6170	4
85F0	5289	4
85F3	7A3E	8
85F3	7A3F	10
85F3	85C1	8
85F4	8580	4
85F4	860A	7
85F8	854F	12
85FC	8431	10
85FC	857F	8
85FC	8610	8
85FD	6AEC	12
8601	843C	4
8602	854A	2
8603	6A64	8
8603	854A	10
8603	854B	4
8603	8602	14
8608	860B	4
8608	983D	4
860C	7C5E	4
860D	85AB	8
860D	85B0	8
860E	9A65	10
860F	7D45	14
860F	7D97	8
8612	8429	2
8615	84EC	14
861C	83CA	10
861F	852D	4
861F	96B1	4
8620	58BB	4
8620	8594	8
8624	82B1	2
8625	7C65	4
8626	96F6	4
8628	7E47	4
862A	58D8	4
862A	863C	8
862A	9E8B	4
862B	6FEB	4
862B	85CD	4
862C	5DCB	4
862E	7F7D	4
862F	8569	2
8631	8577	4
8631	985E	4
8632	5841	4
8634	83D8	4
8634	8451	4
8635	27139	4
863B	8629	4
863D	85DF	10
863E	8639	4
8643	7C64	4
8646	85DF	8
8647	61FD	4
8648	85C7	4
864A	6B12	4
864A	85E5	4
864B	91C1	4
864C	9F08	4
8651	616E	4
8655	51E6	2
8657	865A	2
8657	865B	2
865B	865A	2
865D	864E	10
865F	53F7	2
8661	943B	8
8665	622F	4
8666	864E	4
8668	5F6A	4
866A	5135	4
866D	86C1	6
866E	87E3	4
866E	87FB	4
8671	8768	2
8674	86B1	4
8675	86C7	2
867C	867B	4
867D	96D6	14
8684	868C	4
8686	6777	4
8686	86AB	4
8689	868A	2
868E	86B6	4
8692	5F64	6
8694	86B3	4
8697	86A8	4
8698	86D4	2
8699	86C9	4
869E	86DB	4
86A0	58B3	4
86A0	61A4	4
86A5	86DF	4
86AB	9B91	2
86AE	86FE	4
86B2	67B0	4
86B2	8677	4
86BB	7D2E	4
86BB	86CB	4
86BD	86ED	4
86BE	8DDB	4
86C2	8698	4
86C2	8DCB	4
86C8	86A8	4
86CA	8831	14
86CC	86C4	4
86D0	86B0	4
86D3	869D	12
86D3	87CB	8
86D6	868C	4
86D8	7662	4
86DD	870B	4
86E1	6829	4
86E7	9B4D	8
86E8	6822	4
86E8	86DE	4
86EA	9713	4
86EB	8DEA	4
86F6	8709	4
86F7	6C42	4
86FD	8C9D	2
86FF	86E4	4
8701	7401	4
8701	8712	4
8704	8703	10
870C	6890	4
8714	923F	8
8715	86FB	5
871B	8E1E	4
8720	7A1B	4
8722	87A0	4
8724	8725	4
8726	8753	4
8727	68D9	4
8728	8776	10
872A	7979	4
872B	68CD	4
872B	8757	4
872C	86B6	4
872D	9677	4
872F	868C	10
8730	871A	12
8733	6901	4
8735	870E	14
8736	87C0	4
8738	5805	4
8739	868B	8
873D	9B4E	8
8741	580A	4
8742	7248	4
8742	8766	4
8744	9B4D	12
8745	8695	8
8745	8836	8
8746	868C	4
8747	877F	4
8747	8805	14
8749	87EC	2
874B	881F	2
874F	5A77	4
8750	7441	14
8752	7DEC	4
8754	6977	4
875A	7331	4
875B	6972	4
875C	86FD	4
875E	6963	4
875E	870E	4
8761	8815	10
8762	983C	4
8767	745B	4
8769	8E35	4
876B	7DD2	4
876B	86EF	4
876C	6936	4
876D	8E36	4
876F	7328	10
876F	733F	10
8770	86D9	4
8771	867B	2
8773	73B3	4
8775	6101	4
8775	8765	4
8777	86B8	14
8777	8725	4
8779	55E2	4
8779	8734	4
877A	8E3D	4
877C	87BB	2
8782	870B	2
8785	869D	8
8785	87CB	8
8786	869D	8
8786	87CB	8
878A	880A	4
878E	878D	14
878E	9694	4
8791	55C5	4
8792	69A6	4
8795	8731	8
8795	87B5	8
8796	69BE	4
8798	87FB	8
8799	8827	8
8799	8839	10
879A	80FD	4
879B	5BB3	4
879B	868C	4
879C	273DA	4
879D	867A	4
87A1	8689	12
87A1	868A	14
87A1	87C1	8
87A2	86CD	2
87A4	937E	4
87A5	8E4C	4
87A7	86EF	2
87AA	5546	4
87AA	8E62	4
87B0	6A1A	4
87B2	81A3	4
87B4	8740	4
87B4	9673	4
87B6	87C1	4
87B7	868C	4
87B7	8731	12
87B7	87B5	8
87B8	617E	4
87B8	87C4	4
87B9	87D6	4
87BC	69FF	4
87C1	868A	2
87C3	69FE	4
87C5	45EA	12
87CA	8765	10
87CC	7481	4
87CC	87CB	8
87CD	68A8	4
87CD	870A	4
87D3	6A61	4
87D4	23638	4
87D7	8839	4
87DD	6E20	12
87DE	9C49	4
87E7	87DF	12
87E9	8E76	4
87EE	9C54	4
87F0	8828	14
87F1	8765	2
87F2	866B	2
87F4	87D6	12
87F8	8803	8
87F8	8821	10
87FC	6AA0	4
8800	87E6	4
8800	8810	8
8800	8CC7	4
8801	56AE	2
8802	8776	6
8804	87AD	4
8807	86CE	8
8807	8806	8
8807	8823	14
8808	8CCA	4
880C	6AA1	4
880E	87D2	2
880F	87F9	2
8812	7E6D	10
8817	6AC2	4
881D	6AD1	4
8820	871C	8
8820	9762	4
8825	5B7C	8
8825	5B7D	12
8825	6AF1	4
8826	6AE8	4
8827	8839	2
8829	870D	4
8829	9BFA	4
882A	9D3B	4
882B	8821	4
882C	8E98	4
882D	8702	8
882F	8731	8
882F	87B5	8
882F	8839	4
8833	6AFB	4
8837	883C	4
8838	6B0A	4
883A	8695	10
883A	8836	10
883B	86EE	2
883E	880B	4
883F	8743	6
8845	91C1	8
8847	8108	14
8847	8109	12
8849	54AF	8
8849	5580	10
8856	5DF7	10
8858	929C	2
885C	885F	8
885C	9053	10
885E	885B	2
885F	9053	2
8866	6746	4
8866	27614	4
8867	27614	4
886A	8898	12
886E	5DFB	4
886E	889E	5
8873	886F	4
8874	6795	4
8874	8882	4
8876	795E	4
887A	659C	4
887A	90AA	4
887C	679D	4
887C	88AB	4
8883	8482	8
8883	8515	14
8884	5996	4
8884	8956	14
8889	62D5	4
8889	8898	4
888A	9818	4
888C	888D	4
888E	5E7C	4
888F	4F50	4
888F	7950	4
8891	62DB	4
8893	7956	4
8894	67EF	4
8895	67FC	4
889D	4ED8	4
889D	9644	4
889F	5E19	8
889F	88A0	8
88A3	7D4F	4
88A5	7950	4
88A6	67EE	4
88A7	67B8	4
88A9	62C8	4
88AC	6BD3	8
88AC	80B2	14
88AC	88D5	8
88AE	7962	2
88AE	79B0	2
88B2	88A4	4
88B3	6818	4
88B5	887D	2
88B8	682B	4
88B9	8899	12
88BB	682D	4
88CC	88B7	8
88D0	6350	4
88D6	8897	6
88D7	68B3	4
88DA	88C5	4
88DD	88C5	2
88E0	88D9	14
88E9	890C	14
88EA	7979	4
88ED	892B	14
88EE	6919	4
88F6	88F4	12
88F6	88F5	12
88FA	63A9	4
88FF	6905	4
8900	797A	4
8903	8919	4
8905	7998	4
8905	88FC	8
8908	7A2E	4
8909	798A	4
890B	696A	4
890E	8896	8
890F	8896	8
8914	798F	6
8917	693B	4
891B	7E37	4
891B	8938	14
891D	894C	2
891F	69BB	4
8921	642D	4
8922	61D0	4
8922	61F7	4
8923	6995	4
8924	733F	4
892C	88F0	4
892D	88CA	14
892E	7E08	4
892F	5E2D	4
892F	8932	4
8932	88B4	2
8933	7E3A	4
893A	893B	8
893C	50CA	4
893F	69FD	4
8941	7E66	2
8943	8912	2
8946	5E5E	10
8947	8949	5
8948	64B0	4
894A	6A36	4
894B	68D8	4
894D	96D1	2
894D	96DC	2
894E	6A4E	4
8950	6A61	4
8951	6A33	4
8952	5E63	8
8952	5E64	8
8953	6A48	4
8958	6A9C	4
8959	6A7E	4
895B	7A60	8
8965	5E5E	10
896C	5E14	8
896C	64FA	4
896C	88D9	8
8971	6AF3	4
8976	6234	4
8978	6B11	4
8979	6B10	4
897D	8974	10
8980	897E	2
8982	8981	4
8985	8981	4
8989	7F87	2
898A	7F88	2
898C	89B3	14
898C	89C0	14
898E	4ED4	4
898E	8990	4
8990	899A	2
8990	89BA	2
8991	8996	4
8992	6D80	4
8992	770A	4
8994	8993	2
8999	8A3A	4
899B	8993	8
899B	8994	8
899D	4093	4
899E	774D	4
89A3	9B4F	4
89A4	89B7	4
89A5	9766	8
89A8	89AC	4
89A8	984E	4
89A9	7779	2
89AB	65C1	4
89AB	89AA	4
89AD	89AC	4
89AE	899A	4
89B1	66AB	4
89B1	89BD	4
89B7	89B0	2
89B9	5FAE	4
89BA	899A	2
89BB	89B0	14
89BB	89B7	8
89BD	89A7	2
89BE	5BE9	4
89C0	89B3	2
89D4	7B4B	2
89D5	89E6	8
89D5	89F8	8
89D7	89F6	10
89D9	4F0B	4
89DB	80C6	4
89DB	89E6	4
89DF	89E7	4
89DF	9BAD	4
89E0	89DC	4
89E1	80F3	4
89E2	6308	4
89E4	8106	4
89E7	89E3	2
89E8	6C5E	4
89EA	89E7	4
89EC	89E5	4
89EC	9BE2	4
89EE	89D2	4
89F0	4417	4
89F2	89E3	4
89F5	89E5	14
89F7	7910	4
89F8	89E6	2
89F9	89FD	8
89F9	89FF	10
89FA	7591	4
89FA	89DC	4
89FB	792B	4
89FD	89FF	2
89FE	71D5	6
8A06	53EB	12
8A09	8A0A	4
8A11	8A51	2
8A19	8A0A	12
8A1C	8A45	4
8A20	77E4	8
8A20	77E7	10
8A21	541F	2
8A27	7336	4
8A27	90F5	4
8A28	8A3C	4
8A29	8A2A	4
8A2B	4FE1	10
8A2E	7814	4
8A2E	8A10	4
8A30	8A17	4
8A32	8A37	4
8A37	4F38	2
8A38	548C	4
8A39	6035	4
8A39	9265	4
8A3D	8A6C	10
8A3F	8A3E	14
8A42	8A0E	4
8A44	8A75	4
8A49	5476	8
8A4A	80D6	4
8A4A	8A55	4
8A4B	546A	14
8A4B	5492	8
8A4C	9257	4
8A5A	8A5B	4
8A64	8B0A	14
8A68	54EE	8
8A6A	5F88	4
8A6F	8A9A	4
8A74	8A9A	4
8A74	8CC4	4
8A76	916C	8
8A78	8B0E	14
8A7D	784F	4
8A7D	8A10	4
8A81	7851	4
8A86	8A91	8
8A88	8AA3	14
8A8E	8AEB	4
8A94	8A95	4
8A96	54F1	8
8A96	602B	8
8A96	6096	8
8A9B	8A2D	4
8A9B	99F8	4
8A9C	5506	6
8A9D	8AD7	4
8AA2	8AAC	4
8AA5	8A70	2
8AA7	8F14	2
8AAA	8AAC	3
8AAB	9707	4
8AAF	5531	10
8AB1	8ADF	4
8AB4	60B0	14
8AB8	5F26	4
8ABA	4F86	4
8ABA	8A84	4
8ABD	8ADB	4
8AC1	555C	4
8AC5	5FCC	4
8ACA	97AB	2
8AD0	6106	2
8AD5	865F	8
8AD8	88F1	4
8AD8	8A72	4
8AD9	8A71	4
8AE3	558E	4
8AE5	8E35	4
8AE8	8F3B	4
8AE9	8B5C	14
8AEA	505C	8
8AEC	5553	10
8AEF	8ADE	4
8AEF	8E39	4
8AF2	54BD	6
8AF2	56A5	4
8AF5	5583	8
8AF5	5A1A	8
8AF5	5AD0	8
8AF9	8B01	4
8AF9	8CDC	4
8AFB	8B39	4
8AFB	9360	4
8AFD	9769	4
8B08	66B4	4
8B08	8B7D	4
8B09	6127	4
8B09	8A6D	4
8B0C	6B4C	2
8B0F	53DF	4
8B12	8E4C	4
8B13	55D4	12
8B15	557C	12
8B15	865F	8
8B18	8B5A	4
8B20	8B21	2
8B23	5629	8
8B23	8B41	8
8B23	8B43	12
8B24	78E6	4
8B24	8B5A	4
8B25	7E3D	4
8B27	7483	4
8B27	8B2B	4
8B29	8B00	8
8B29	8B28	14
8B2A	5546	14
8B2E	5616	12
8B2E	8CAC	4
8B2F	8A5B	12
8B30	55F9	8
8B32	8B5F	4
8B34	8AE2	6
8B35	8AE7	4
8B36	5EB6	4
8B3A	8D04	4
8B3D	8B6C	4
8B3F	5632	14
8B40	53B3	4
8B40	56B4	4
8B46	563B	2
8B47	5962	4
8B47	8AF8	4
8B49	8A3C	2
8B4B	8B95	14
8B4C	8A1B	2
8B50	5642	14
8B53	8B7F	8
8B55	8B28	4
8B57	7B54	6
8B5B	8B56	2
8B5D	7E69	4
8B60	7E75	4
8B61	8B9C	14
8B64	656B	4
8B65	53EB	4
8B68	6FC3	4
8B6A	85F9	14
8B6D	6BC0	8
8B6E	6B38	4
8B6E	8A71	12
8B6F	8A33	2
8B71	5584	2
8B73	7E7B	4
8B75	5BFE	2
8B75	5C0D	2
8B75	61DF	12
8B79	865F	8
8B7A	64EC	4
8B7B	56B6	4
8B7C	76E3	10
8B7D	8A89	2
8B7E	8B2D	8
8B80	8AAD	2
8B87	8AC2	14
8B88	8F63	4
8B89	8B74	4
8B8A	5909	2
8B8D	8AE4	10
8B90	8B8E	2
8B91	8AD6	4
8B91	9FA0	4
8B93	8B72	2
8B98	8EA1	4
8B9A	8B83	2
8B9B	56C8	14
8C3B	8A0A	4
8C3B	27BB3	4
8C3C	6D2A	4
8C3E	8C45	8
8C3F	6E13	2
8C40	6E13	10
8C40	6EAA	8
8C40	8C3F	14
8C43	5649	4
8C44	8B80	4
8C4D	85CA	4
8C4E	7AEA	2
8C50	8C4A	2
8C53	8276	8
8C53	8277	8
8C53	8C54	8
8C54	8276	2
8C54	8277	2
8C56	8C55	5
8C58	3E60	8
8C58	8C5A	10
8C5E	54EE	4
8C60	72D9	4
8C60	8C8A	4
8C65	5B69	4
8C65	8C69	4
8C67	8AA7	4
8C67	8C6C	4
8C6B	4E88	2
8C6C	732A	2
8C70	6BC5	4
8C71	891E	4
8C72	8B1C	4
8C74	8E62	6
8C77	6BAA	4
8C7C	8C94	2
8C7D	8872	4
8C7D	8C79	4
8C7E	8C7C	8
8C7E	8C94	8
8C7F	72D7	4
8C80	8A58	4
8C80	8C7C	4
8C83	8C8A	14
8C84	8084	4
8C84	8C8D	4
8C86	8C9B	8
8C88	72E2	8
8C88	8C89	12
8C8D	72F8	2
8C8E	730A	2
8C8F	88E8	4
8C90	72F3	8
8C91	8C6D	4
8C95	595A	4
8C96	8B1A	4
8C96	8C89	4
8C97	802C	4
8C97	8C98	4
8C9F	54E1	14
8CA3	5FD2	4
8CA3	8CB8	4
8CA5	822A	4
8CA6	73A9	14
8CA6	7FEB	8
8CAD	8CEA	2
8CAE	5F10	2
8CAE	8CB3	2
8CB1	8CA9	4
8CB1	8DDB	4
8CB3	5F10	2
8CB5	755A	4
8CB5	8CDB	4
8CBE	80DD	4
8CBE	8CE6	4
8CC9	460F	8
8CC9	6064	2
8CCD	8D13	2
8CD0	8127	4
8CD2	5962	4
8CD2	8CD6	14
8CD4	8CD3	14
8CD7	6899	4
8CDD	741B	2
8CDF	8146	4
8CE1	7D9A	2
8CE1	7E8C	2
8CE3	58F2	2
8CE5	7C8B	4
8CE5	7CB9	4
8CE7	5013	4
8CEB	9F4E	14
8CEC	5E33	2
8CEE	8D10	12
8CF0	5046	2
8CF3	54C9	4
8CF3	621D	4
8CF4	983C	2
8CF7	9F4E	10
8CF9	93B0	4
8D01	6557	10
8D0A	8CDB	2
8D11	8D1B	12
8D12	8CE2	2
8D15	8D16	4
8D17	5050	8
8D17	8D0B	8
8D19	8D12	4
8D1A	6727	4
8D1C	8CCD	8
8D1C	8D13	14
8D6F	7CD6	4
8D6F	9833	4
8D71	8D70	2
8D72	52AB	4
8D72	8D74	4
8D76	8D95	12
8D78	8D73	4
8D7A	8D81	4
8D7B	9BAE	14
8D7C	6B21	8
8D7C	8DA6	8
8D7E	8D77	4
8D7E	8FD1	4
8D7F	8D8A	2
8D7F	9045	10
8D7F	9072	10
8D80	67F9	4
8D80	8D73	4
8D82	8D81	10
8D83	8DCC	4
8D86	9045	8
8D86	9072	8
8D87	67C6	4
8D87	8D84	4
8D88	7AD9	2
8D89	670F	4
8D89	8D84	4
8D8B	8DA3	4
8D8B	8DA8	14
8D8E	682A	4
8D8E	8DA3	4
8D8F	8D8A	4
8D91	4816	8
8D91	6B21	8
8D91	8DA6	8
8D94	8DA3	4
8D96	77EC	4
8D96	8D95	4
8D97	4FC3	4
8D98	68B6	4
8D98	8D84	4
8D9A	901F	4
8D9B	8D81	4
8D9B	91D1	4
8D9C	8DA8	4
8D9C	9EB9	4
8DA1	8D99	4
8DA1	9032	4
8DA4	5B95	4
8DA4	8D85	4
8DA5	9052	4
8DA7	8D95	4
8DA7	8E36	4
8DA9	79A9	4
8DA9	8D85	4
8DAA	50D9	4
8DAD	6A35	4
8DAD	8DAF	4
8DAE	8E81	14
8DB4	722C	6
8DB6	80EF	4
8DBD	7D21	4
8DBD	8DD6	4
8DBF	8DCB	4
8DC1	722C	4
8DD0	73BC	4
8DD0	8DBE	4
8DD3	8DEC	4
8DD8	8E63	14
8DDC	8DCE	4
8DE0	5937	4
8DE2	8DA8	4
8DE4	9AB9	2
8DE6	8E70	8
8DE9	7D4F	4
8DE9	8DF5	4
8DED	7D73	4
8DED	8DEF	4
8DEE	86ED	4
8DEE	8DEC	4
8DFE	500F	4
8DFE	5010	4
8E00	9F6A	14
8E01	811B	8
8E03	8DD9	4
8E03	92B7	4
8E07	92C2	4
8E08	758E	2
8E0B	811A	10
8E10	8DF5	2
8E12	9036	4
8E13	8E74	4
8E15	8E36	4
8E1A	8AD6	4
8E1B	7766	4
8E1B	8DEC	4
8E1C	8E06	4
8E24	731D	4
8E24	8403	4
8E25	8E9E	4
8E28	8E2A	8
8E28	8E64	14
8E2B	63BD	4
8E2B	78B0	4
8E32	9041	14
8E32	906F	10
8E34	8E0A	2
8E3A	9375	4
8E3B	8778	4
8E3B	8E7B	4
8E3C	8E22	4
8E3E	8760	4
8E3F	8E59	4
8E43	8AFE	4
8E43	8E87	4
8E45	6942	4
8E45	8E0F	4
8E46	817F	12
8E4A	5FAF	2
8E4B	8E0F	2
8E4F	8E44	10
8E51	8EA1	12
8E57	6A1A	4
8E58	8DC8	4
8E5A	6491	4
8E5D	5C63	10
8E5E	8DEC	10
8E60	8DD6	2
8E66	7E43	4
8E67	7CDF	4
8E67	906D	10
8E68	8D81	4
8E6A	8075	4
8E6B	8E7B	4
8E71	50EE	8
8E71	5FB8	8
8E75	8E59	4
8E75	8E74	14
8E77	8E76	14
8E78	85FA	8
8E78	8E99	8
8E78	8EAA	14
8E79	8E0F	10
8E79	8E4B	10
8E83	8E84	10
8E86	5671	4
8E88	6A84	4
8E8C	511B	4
8E95	8E70	8
8E96	7E7C	4
8E99	8EAA	2
8E9F	9472	4
8EA0	8616	4
8EA0	8E84	4
8EA2	8E0F	10
8EA2	8E4B	10
8EA3	8E8D	4
8EA4	8E16	12
8EA5	7AC4	4
8EA6	8E72	4
8EAD	803D	10
8EB0	4F53	2
8EB0	9AD4	2
8EB2	8EB1	14
8EB3	8EAC	2
8EB4	8246	4
8EB4	8EAC	4
8EB6	88F8	2
8EB7	77EE	14
8EB8	8EB3	4
8EB9	97A0	4
8EBD	8758	4
8EBD	8EC0	4
8EBF	7CE0	4
8EBF	8EC8	4
8EC1	50C2	8
8EC2	8EAE	4
8EC3	56B2	2
8EC4	8077	10
8EC6	4F53	2
8EC6	9AD4	2
8EC9	5B2A	4
8ECE	8F4A	12
8ED0	8A0A	4
8ED0	8ED4	4
8ED3	8303	4
8ED7	8F03	4
8ED7	8F42	4
8ED9	9673	14
8EDE	869D	4
8EDE	8ECB	4
8EE0	8ED2	4
8EE1	9ED4	4
8EE3	8F5F	2
8EE4	547C	4
8EE4	8ED2	4
8EE5	80CA	12
8EE6	8EF9	4
8EE7	89DD	4
8EE7	8ECC	4
8EE9	62AC	4
8EE9	8EFA	4
8EEA	8ED4	4
8EEF	576A	4
8EEF	8ED2	4
8EF0	8F29	10
8EF2	86C4	4
8EF2	8F05	4
8EF3	9784	4
8EF4	8F0A	4
8EF5	99D9	4
8EF6	8EDB	12
8F00	8F5C	2
8F04	89E5	4
8F06	8F03	4
8F0B	756C	4
8F0C	8F1B	2
8F0D	8F05	4
8F0E	9798	4
8F0F	8F36	10
8F11	6343	4
8F11	8F05	4
8F15	8EFD	2
8F19	8F12	2
8F21	8F57	10
8F22	501A	4
8F24	873B	4
8F24	8F14	4
8F2D	8EDF	2
8F30	5718	4
8F30	66A2	6
8F31	8F57	4
8F31	918E	4
8F32	56E3	4
8F37	8F5F	10
8F3A	8F1C	3
8F3C	8F40	5
8F3D	755A	4
8F41	97B1	8
8F41	97DC	10
8F48	93C1	4
8F49	8EE2	2
8F4B	7489	4
8F4B	8F14	4
8F50	50D5	4
8F50	8F39	4
8F56	8262	4
8F56	8F4E	4
8F59	8264	4
8F5A	8F42	4
8F5B	5C0D	4
8F5B	8F4D	4
8F5C	8F00	2
8F5D	8F3F	10
8F60	6AD1	4
8F65	8F54	10
8F9D	8FA4	10
8FA0	7F6A	10
8FA1	8FAF	8
8FA2	8FA3	14
8FA7	5F01	2
8FA7	8FA8	2
8FA8	5F01	2
8FAC	6591	12
8FAC	73ED	4
8FAD	8F9E	2
8FAF	5F01	2
8FB3	8FB2	12
8FB6	8FB5	2
8FB9	8FBA	14
8FB9	9089	8
8FB9	908A	14
8FBE	9054	10
8FC1	9077	2
8FC3	8FC2	12
8FC7	904E	14
8FCC	900D	4
8FCC	9031	4
8FCF	9054	2
8FD8	9084	14
8FD9	9019	14
8FE1	9045	12
8FE1	9072	12
8FE7	7D33	8
8FE7	9673	14
8FEC	5321	14
8FEC	5F80	12
8FEF	9003	2
8FF3	5F84	14
8FF3	5F91	8
8FF3	9015	14
8FF4	56DE	2
8FF9	8DE1	2
8FFF	6D35	4
9007	8FC6	4
9008	8FE5	2
9011	8FF0	2
9012	9013	14
9012	905E	14
9015	5F84	2
9018	7AE2	8
901C	8FD5	4
9024	6C99	4
9025	56D8	8
9025	56DE	8
9025	5EFB	8
9025	5EFD	12
9025	8FF4	12
9025	2231E	8
902B	60D9	4
902C	8FF8	1
9030	6E38	8
9030	904A	14
9039	9054	2
903A	9060	14
903D	82E5	4
903D	9020	4
9040	968B	8
9040	968F	6
9040	96A8	12
9046	9013	4
9046	905E	4
9048	6E5C	4
904C	4FC9	8
904C	6115	8
904C	8FD5	8
905A	6EB2	4
905E	9013	2
905F	9045	14
905F	9072	12
906A	6EF2	4
906B	5AE9	4
9071	8938	4
9072	9045	2
9073	77EC	4
907B	4FC9	8
907B	6115	8
907B	8FD5	8
9086	6F84	4
9089	8FBA	2
9089	908A	2
908A	8FBA	2
908D	539F	4
9093	9127	4
9094	909B	4
9096	909B	4
909A	5A66	4
909E	90DF	4
90A4	52A4	4
90A4	90B1	4
90A5	6C88	2
90A7	48B5	4
90A7	5213	4
90A8	6751	2
90A9	706F	4
90A9	90EF	4
90AB	90A6	14
90AD	90C7	4
90AE	90F5	4
90B7	74E9	4
90B7	90AF	4
90B9	9112	14
90B9	9139	4
90BC	52BB	4
90BF	5BFA	4
90C2	52BE	4
90C2	90CA	4
90C4	90E4	2
90C6	52BC	4
90C6	90DC	4
90C9	90A2	7
90CB	8036	4
90CD	90A3	4
90D1	5960	4
90D1	912D	12
90D2	90CE	10
90D2	90DE	8
90D4	5EF6	4
90D6	9127	4
90DA	6554	4
90DA	90E8	4
90DE	90CE	2
90E0	7526	4
90E0	90EB	4
90E3	6E24	12
90E9	90C1	4
90EA	59BB	4
90EA	90E1	4
90EC	90C1	4
90EC	9752	4
90EE	5F6B	4
90EE	90FF	4
90F0	9139	8
90F1	90A2	4
90F3	5150	4
90F3	5152	4
90F6	90E8	2
90F9	81ED	4
90FA	9095	4
90FC	9123	4
90FC	97CC	4
9101	90B6	12
9103	9127	4
9107	4FAF	4
9107	503B	4
9109	90F7	5
9109	9115	5
910A	90F7	14
910A	9115	12
910B	53DF	4
910B	90EB	4
910C	5510	4
910C	9118	4
910E	606F	4
910E	90DE	4
910F	8FB1	4
9111	664B	4
9111	90FD	4
9115	90F7	2
911B	527F	4
911B	9134	4
911D	52E0	4
9124	66FC	4
9126	8A31	4
9128	66BC	4
9128	9095	4
912A	8CBB	4
912C	7232	4
912C	9122	4
9130	96A3	2
9133	9132	4
9133	9EFD	4
9135	90BE	4
9137	9146	2
9138	5922	4
913B	8F26	4
913C	9147	10
913E	6182	4
913F	8604	14
9140	71D5	4
9144	52F8	4
9144	911E	4
9145	913D	4
9150	914A	4
9151	914A	4
9155	6BE6	4
9155	9165	4
9159	659F	2
915F	6CBE	4
9160	914A	4
9167	916C	10
9168	622A	4
916B	9174	4
916E	9177	4
916F	8A63	4
916F	918B	4
9176	8AA8	4
9180	8AB0	4
9180	91AE	4
9184	7DAF	4
9184	914C	4
9186	76DE	10
9188	71C4	4
9189	9154	2
918B	9162	2
918C	918D	4
918E	9E79	2
918F	8AF8	4
918F	918B	4
9194	914B	2
9195	9187	10
9196	6E29	4
9196	919E	7
9198	69BC	2
9199	878B	4
9199	9158	4
919A	8B0E	4
919B	8343	4
919B	9174	4
919D	9147	4
91A4	91AC	2
91A5	93E2	4
91A7	8B33	4
91A9	7CDF	14
91AB	533B	2
91B7	533B	4
91B7	91AB	4
91B9	8F5C	4
91BB	916C	10
91BC	5BB4	2
91BE	91C4	12
91BF	91C4	8
91C0	91B8	2
91CB	91C8	2
91D3	91DA	10
91D5	91D8	4
91D6	5200	2
91E0	4E71	6
91E0	4E82	14
91E1	91DC	2
91E2	91D6	4
91EB	93F5	4
91EF	92E9	10
91F0	5263	8
91F0	5271	8
91F0	528D	8
91F0	5292	8
91F0	5294	8
91F0	91FC	8
91F0	2074F	8
91F4	927D	4
91FB	91DA	2
9202	6B3D	4
9206	925B	10
9207	9244	2
9208	91EC	4
9208	9239	10
920B	8A1B	4
920B	9335	4
9219	64D2	4
921A	930D	4
921A	939E	4
921B	934B	14
921F	91E3	14
9220	6BBD	4
9227	822A	4
9227	9217	4
9228	93BA	10
9229	7089	2
9229	7210	2
9229	946A	2
922C	9438	2
922D	89DC	4
922E	9268	8
9231	7720	4
9231	9280	4
923E	5B99	2
9241	73CD	14
9241	73CE	8
9241	93AE	4
9243	9244	2
924C	548C	12
9252	6CE8	4
9254	531D	4
9254	9245	4
9255	9245	4
925F	9239	14
9260	9348	2
9263	88AA	4
9263	9249	4
926A	91F1	14
926B	8DCF	4
926B	92E4	4
926D	924F	4
9272	9B32	6
927A	93D7	4
927A	990C	4
9281	921E	14
9282	91E7	4
9286	9251	4
9287	9311	4
928F	69CA	4
9290	88C2	4
9294	9261	4
9295	9244	2
929D	8C85	4
929E	921E	14
92A1	9237	4
92A2	9332	4
92A3	88BD	4
92A6	932E	4
92A9	928D	4
92AA	9BAA	4
92AC	6832	4
92AE	6B12	4
92AE	947E	14
92B2	91EC	2
92B3	92ED	3
92B5	93D7	4
92BD	929B	8
92BE	6C5E	4
92BF	9418	2
92C1	9462	10
92C4	9441	12
92C9	934A	4
92CA	88D5	4
92CA	925B	4
92D1	942B	12
92D4	633D	4
92DA	60A0	4
92DA	936A	4
92DB	9271	4
92DB	945B	12
92E6	8DFC	4
92E6	92F8	4
92E8	9244	2
92E8	9435	10
92EA	8217	2
92EB	7281	4
92EB	936B	4
92EE	925E	2
92EF	929B	4
92F1	927D	4
92F4	93AD	4
92F4	93AE	4
92FD	929A	4
92FE	7DAF	4
92FE	9264	4
9301	9299	4
9304	9332	2
9305	936B	4
9305	9ECE	4
9307	92D9	4
930C	5CB8	4
930C	927E	4
930E	924A	4
9312	9233	14
9316	936A	4
9317	92B9	4
931B	93FB	4
9322	92AD	2
932D	5F6B	4
9331	73CD	14
9331	73CE	12
9338	92CF	4
9339	92B7	4
934A	932C	2
934C	9291	4
934F	7DEF	4
935A	932B	2
935D	8026	4
935E	93AE	2
935F	924E	14
9362	9351	14
9363	924A	4
9366	91F6	12
9366	9247	12
9366	9248	8
9368	6223	6
936B	936C	2
9372	7DE1	4
9372	9315	4
9373	9451	2
9378	745A	12
9378	9237	8
9379	8AE0	4
9379	932F	4
937B	9349	4
937F	9319	10
9383	6D3E	4
9389	8E4B	4
9389	9315	4
938B	8F44	2
938E	92F9	4
938E	993C	4
9390	8B20	4
9391	9941	4
9392	8028	10
9393	8789	4
9393	93B0	4
9398	9B32	10
9399	3BB6	8
9399	69CA	12
9399	77DF	10
939C	76E4	14
93A0	525B	14
93A0	92FC	12
93A5	689D	4
93A5	938F	4
93AB	9441	8
93AD	93AE	6
93AF	8782	4
93B1	8F45	4
93B2	93DC	4
93B3	81EC	4
93B3	9371	4
93B6	9233	2
93B7	746A	4
93B8	942B	14
93BB	7463	4
93BB	9396	7
93C0	78E0	4
93C1	9396	2
93CE	7562	12
93CE	7BF3	8
93D2	93D0	4
93D2	9C3A	4
93D4	9404	4
93D5	93D6	4
93DA	617C	8
93DA	621A	12
93DB	92FF	4
93DC	943A	2
93E0	92D2	12
93E3	8E60	4
93E3	934D	4
93E5	92B9	2
93E9	93E8	14
93EA	825A	4
93EA	932F	4
93EB	68A8	4
93EB	9371	4
93EC	7F45	14
93ED	87CB	4
93ED	28ACD	4
93EE	7CE0	4
93EE	93DE	4
93F3	931A	6
93F4	7490	4
93F8	28ACD	8
93FC	7B56	4
93FC	9445	4
93FD	92B9	2
93FE	7E56	4
93FF	9397	14
93FF	9453	8
9400	5331	14
9406	589C	4
940A	935A	12
940B	6E6F	4
940B	935A	4
940C	8C6B	4
9411	9365	14
9412	9445	4
941A	930F	2
941C	9413	14
941D	8E76	4
941E	8028	10
9420	8B5C	4
9421	9244	2
9421	9435	2
9429	71E7	4
942A	8263	4
942A	9462	4
942C	925E	6
942D	7907	4
942E	938C	10
9430	936C	4
9435	9244	2
9437	9371	6
9439	934B	12
943C	9396	4
943E	9434	6
943F	93E1	2
9442	91BA	4
9442	937E	4
9443	929A	10
9444	92F3	2
9446	5C0D	4
9447	5264	6
9447	5291	14
9449	9240	6
944B	93E8	4
944D	7F4C	4
944D	93E7	4
944E	5331	14
944F	5BE7	4
944F	6AB8	4
9452	9451	2
9456	9416	4
9457	74C8	4
9457	9365	4
9458	6AD1	12
945A	947D	2
945B	9271	2
945C	97FF	8
945C	9909	8
945D	84EC	4
9464	924B	4
9465	826A	4
9469	9C77	4
946A	7089	2
946A	7210	2
946C	9373	8
946C	9451	14
946C	9452	8
9473	9375	12
9474	89FF	4
9476	81DF	4
9478	58D8	4
9478	93D7	4
9482	6529	4
9578	9577	2
957A	9579	4
957A	98EB	4
957B	9244	4
957B	9579	4
957C	8086	4
957D	8086	4
957D	9410	4
9581	9582	4
9585	9580	14
9587	9589	2
9590	6F64	4
9592	9593	3
9595	9589	4
9599	9B27	2
959A	958D	4
959C	95A4	4
95A0	958F	2
95A7	5DF7	2
95A7	9B28	2
95AE	5EAD	4
95AE	5EF7	4
95AF	6C99	4
95AF	95CA	4
95B0	9593	4
95B1	95B2	3
95B4	95C3	2
95B5	8EAA	4
95B7	6BBA	12
95B7	715E	8
95B8	58FC	4
95B8	95AB	4
95C0	95A7	4
95C0	9B28	6
95C1	8912	4
95C1	8943	4
95C4	8981	4
95D7	95A2	6
95D7	95DC	10
95DB	95B6	4
95DB	97BA	8
95DC	95A2	2
95E3	7576	4
95E3	95D3	4
95E3	97BA	8
9620	5DE9	4
9623	5C79	4
9625	852D	8
9625	9634	8
9625	9670	10
9625	9682	8
9626	661C	8
9626	6698	8
9626	9633	8
9626	967D	10
9627	9661	14
9629	5347	4
9629	965E	10
962B	574F	14
962B	576F	8
962C	5751	2
962D	542E	4
962D	962C	4
962F	5740	2
9630	962F	4
9631	7A7D	10
9633	967D	2
9634	9670	2
9638	9628	10
9638	9698	8
963E	5DBA	12
9643	661E	4
964A	5815	4
964A	79FB	4
964E	54AE	4
9652	579D	8
9655	965C	8
9655	965D	14
9656	57C8	8
9656	5CFB	8
9657	5CED	10
9659	5A20	4
965A	658C	4
9660	6355	4
9666	3800	2
9666	5CF6	2
9666	96AF	2
966B	5561	4
966D	5D0E	4
966F	6DEA	4
9671	97A0	4
9677	9665	2
9679	6607	6
967F	965C	10
9680	5839	4
9681	5830	10
9681	693B	8
9682	9670	2
9684	5824	2
968C	667B	2
968C	6697	4
9690	96A0	4
9690	96B1	12
9693	5815	14
9693	58AE	8
9693	96B3	12
9696	5862	8
969E	6556	4
969F	9699	10
96A6	57E4	8
96A8	968F	2
96AA	967A	2
96AB	58B3	14
96AB	6FC6	4
96AC	5B2D	4
96AE	8E8B	8
96AF	3800	2
96AF	5CF6	2
96B1	96A0	2
96B2	9A2D	2
96B5	8667	4
96B8	96B7	2
96BD	96CB	2
96BF	5F0B	14
96C3	96C9	4
96C8	8411	4
96CA	9D1D	8
96CA	9E1C	8
96CF	96DB	14
96CF	9DB5	4
96D0	8650	4
96D3	9310	4
96D4	9310	4
96D4	96B9	4
96D5	9D70	2
96D7	2A082	4
96D9	53CC	2
96DC	96D1	2
96DD	96CD	2
96DE	9D8F	2
96DF	5DB2	8
96E1	9DDA	4
96E4	9DFD	14
96E5	96D1	4
96E5	96DC	4
96E6	96C6	14
96E6	20371	8
96E7	96C6	14
96E7	20371	8
96ED	5C8C	4
96EE	96FB	4
96F1	6EC2	10
96F1	9736	8
96F4	7FCC	4
96F4	96EF	4
96F5	9719	4
96F8	751E	4
96F8	96EA	4
96FA	9727	8
96FC	5B95	4
96FD	96E9	4
96FF	6641	4
96FF	970F	4
970B	840B	4
970B	970E	4
970C	595D	4
970C	9704	4
9710	6CD3	4
9712	9634	8
9712	9670	14
9712	9682	4
9715	98E9	4
9717	96F6	14
9718	9708	4
971A	9727	10
971B	4A29	8
971B	970A	2
971B	9748	10
971F	9714	4
9720	541F	4
9720	96F6	4
9725	8499	4
9726	5F6C	4
9726	9716	4
9729	5ED3	4
972B	9724	4
972C	7570	4
972C	973B	4
972E	9736	4
972F	7C26	4
972F	973B	4
9734	9746	14
9735	857A	4
9736	6EC2	2
9737	967D	4
9738	8987	2
973A	8587	4
973C	9749	4
973C	993C	4
973F	9727	12
9740	6FDB	6
9741	96F7	2
9743	970D	8
9745	8CBB	4
9745	9746	4
9748	970A	2
974A	973B	8
974B	9742	4
974C	5B9D	14
974C	5BF3	8
974C	5BF6	14
974E	9DB4	2
974F	9DB4	2
9750	96F7	4
9750	9741	4
9751	9752	3
9758	975C	8
975C	9759	2
975D	5929	14
975F	60B2	4
9763	9762	10
9764	76B0	2
976C	91EC	4
976F	978B	4
9772	52D2	4
9772	887F	4
9775	7D10	14
9779	9786	2
977D	7D46	8
9780	9F17	10
9782	7A2D	14
9787	8335	6
9788	97B3	8
9789	9F17	10
978A	8A70	4
978C	978D	14
978E	8271	4
978E	97AE	4
9793	9172	4
9793	978B	4
9794	8F13	4
9794	9785	4
979B	742B	14
979D	92FF	4
979D	9798	4
97A4	5E6B	4
97A5	557D	4
97A5	97B3	4
97A7	97A6	12
97A9	9798	14
97AA	936A	4
97B0	97DE	14
97B1	97DC	2
97B5	978B	10
97BB	93E4	4
97BD	5C69	12
97BD	6A47	8
97BD	6A4B	4
97C0	97C9	12
97CD	7D31	8
97CF	8466	4
97D2	9798	14
97D6	97A3	4
97D6	97D8	4
97DA	97E1	4
97DD	97B2	10
97E4	896A	10
97E4	97C8	8
97EF	97F1	10
97F0	85A4	4
97F2	9F4F	2
97F5	97FB	2
97F8	9022	8
97F9	9360	12
97FC	9022	8
97FD	4A04	4
97FD	8AF3	4
97FE	8B26	4
9809	9824	4
980B	9867	12
9815	78A9	4
9816	6CEE	2
981B	7A4E	4
981C	9837	8
981D	980D	4
981F	981E	4
981F	984D	14
9822	9821	4
9825	9824	2
9827	8FFD	4
9828	982B	4
9829	9811	4
982A	985E	4
982C	9830	2
9834	7A4E	2
9836	9821	4
9839	983D	3
983A	983D	14
983E	9AED	10
983F	9AED	14
9840	690E	4
9841	5B9A	4
9841	9802	4
9842	8CF4	4
9842	983C	4
9843	985E	4
9848	8927	12
9849	6B3D	4
9849	9837	4
984A	9824	8
984A	9825	8
984F	9854	2
9850	8AE2	4
9856	56DF	2
985B	985A	2
985C	8B1B	4
985F	984F	4
985F	9DDA	4
9860	7FF2	4
9860	9834	4
9861	9854	4
9864	582F	4
9864	9859	4
9868	5DFD	6
9869	5294	4
986D	511A	2
986E	8CD3	4
986E	985A	4
986F	9855	2
9872	986B	4
98A9	5F6A	4
98AC	98B0	4
98B3	522E	4
98B5	98B6	4
98B7	98C6	2
98B9	97D9	4
98B9	98C3	4
98BD	51F1	4
98BD	98C4	4
98BE	98BC	4
98BF	5E06	2
98C0	98C2	4
98C1	7FEB	4
98C3	98C4	2
98C7	98C6	2
98C8	98C6	2
98C9	907C	4
98C9	98C3	4
98CC	51EE	8
98CC	98A8	10
98CD	98A8	4
98DC	7FFB	2
98DD	98DB	4
98E4	98DF	4
98E4	98FC	14
98E6	9958	8
98EC	4105	8
98EC	990A	6
98EE	98F2	2
98F0	98EF	2
98F1	98E7	2
98F5	923C	4
98F5	98F0	4
98F7	924F	4
98F7	990C	4
98F8	9955	14
98F9	98FD	4
98FA	8CB2	4
98FA	9908	4
98FB	992E	12
98FF	98F3	4
9900	9903	4
9901	7A14	4
9901	98EA	12
9904	98F4	4
9906	929A	4
9906	9924	4
990B	4105	12
9918	4F59	2
991A	80B4	2
9920	9905	2
9923	9183	4
9923	98E9	4
9925	8F29	4
9925	9908	4
9929	9918	4
9929	9AB8	4
992A	8F2D	4
992A	9912	4
992D	9360	4
992D	9949	4
9930	9958	12
9933	7CD6	2
9936	991A	4
9939	7CD6	10
9939	9933	8
993F	6EB2	4
9944	7CD6	8
9944	9933	8
9947	98EB	8
994A	7E56	4
994A	8F4D	4
994F	9910	4
9953	6A56	4
9953	9917	4
9956	7A62	4
9956	9951	4
995A	9941	4
995D	78E8	4
9961	947D	4
999C	99A3	4
999D	82FE	10
999F	999E	2
99A0	8C3D	4
99A4	8B01	4
99A4	99A5	4
99A7	919E	4
99A7	99A5	4
99AB	99A8	4
99AF	99FB	14
99B0	99D2	2
99B1	99C4	10
99B6	99BC	4
99B7	99BC	4
99B8	99C8	4
99BB	9217	4
99BF	9A62	2
99C0	9B77	4
99C2	9D07	4
99C8	99C6	2
99CB	99D8	4
99CC	99D5	4
99CC	9D1B	4
99CD	9B83	4
99CD	298C6	4
99CE	9A5F	4
99CF	99D4	4
99D6	99FC	4
99D7	8EEB	4
99D7	99ED	4
99DE	99DD	2
99E0	9A2E	12
99E1	55CE	4
99E1	7F75	12
99E3	9A11	4
99E4	8F0A	4
99E4	9A03	4
99E6	9A30	14
99E9	99D0	4
99EB	99C9	8
99EF	86DB	4
99F2	99B4	2
99F5	9A2E	8
99F6	8DFC	4
99F7	89EB	4
99FA	6716	4
99FA	9A20	4
9A00	8A90	4
9A07	99FC	4
9A08	99E2	1
9A09	99FB	4
9A09	9BE4	4
9A0D	9A28	4
9A10	9A13	10
9A10	9A57	10
9A14	9A20	4
9A15	8170	4
9A15	9A43	4
9A17	9A19	12
9A18	9A44	14
9A1B	99F9	4
9A1B	29E49	4
9A1C	99FB	4
9A1C	9C09	4
9A1D	8171	4
9A1F	8F38	4
9A1F	9A1A	4
9A21	817A	4
9A26	9A44	4
9A2A	635C	4
9A2A	641C	4
9A2C	5D4A	4
9A2F	9A02	4
9A34	99F8	4
9A34	9F39	4
9A37	9A12	2
9A39	9A0F	14
9A39	9A6A	8
9A3C	8F46	4
9A3C	9A6A	4
9A3D	6174	4
9A3D	9A2E	4
9A45	99C6	2
9A46	8E55	4
9A48	9A55	4
9A48	9C4A	4
9A49	9A62	4
9A50	9413	4
9A51	9A2E	8
9A53	8E6D	4
9A57	9A13	2
9A58	9A3E	2
9A59	9C63	4
9A5B	99C5	2
9A5E	9AD5	4
9A60	91BC	4
9A61	807E	4
9A63	9A30	14
9A66	5B40	4
9A67	97A0	4
9A68	89FF	4
9A68	9A55	4
9AB1	9AAF	4
9AB3	9781	4
9AB3	9AB0	4
9AB5	4F53	10
9AB5	8EB0	8
9AB5	8EC6	8
9AB5	9AD4	10
9ABA	8A6C	4
9ABA	9ABC	4
9ABD	817F	12
9AC2	4BCA	12
9AC2	9ABC	4
9AC7	5686	8
9AC7	9AB9	12
9AC7	9AD0	12
9AC8	8180	10
9AC9	78BA	4
9AC9	9AC4	4
9ACD	561B	4
9AD3	9AC4	2
9AD4	4F53	2
9AD7	9871	10
9AD9	9AD8	3
9ADD	5D97	4
9AE1	5B8C	8
9AE1	9AE0	12
9AE4	9AF9	10
9AE8	5B8C	8
9AE8	9AE0	12
9AE9	9B22	2
9AEE	9AEA	2
9AEF	9AE5	2
9AF0	5243	4
9AF0	9AE2	2
9AF3	9AE6	10
9AF6	9AE5	4
9AF8	9AE5	4
9AFA	9B20	8
9AFE	9AEF	4
9B00	5243	10
9B02	9B22	2
9B04	9AE2	10
9B07	9AE6	4
9B0A	5DDB	4
9B11	84B9	4
9B11	9AF4	4
9B14	7BF7	4
9B15	9B18	4
9B17	34BC	4
9B1B	9B23	8
9B1E	9B1F	4
9B21	9B03	4
9B24	66E9	4
9B24	9B1F	4
9B26	95D8	2
9B26	9B2D	10
9B2A	95D8	2
9B2A	9B2D	2
9B2C	9B2D	5
9B2D	95D8	2
9B30	6B1D	12
9B30	9B31	14
9B34	91DC	8
9B34	91E1	8
9B38	993E	4
9B3B	7CA5	2
9B3E	9B43	4
9B3F	9B43	4
9B46	9B43	4
9B48	81CA	8
9B4A	9998	4
9B4A	9B43	4
9B52	98C3	4
9B53	4C20	4
9B57	919C	10
9B59	807B	4
9B5C	9B5E	4
9B5F	8221	4
9B60	9B79	4
9B63	9C6E	2
9B67	822A	4
9B69	9B9E	4
9B6D	9EFF	8
9B70	99BC	4
9B70	9BAB	4
9B72	9C78	2
9B7A	8EFB	4
9B7B	9240	4
9B7C	9C08	4
9B7D	86B6	10
9B7E	9B83	4
9B81	9B6C	4
9B82	9B76	4
9B86	9C6D	8
9B88	9B91	4
9B89	9BDB	10
9B8B	9C37	8
9B8C	9BC0	14
9B95	9B8E	4
9B9C	9B96	4
9B9D	9C76	8
9BA1	929A	4
9BA1	9BE1	4
9BA3	9BFD	4
9BA5	99F1	4
9BB5	9BE2	4
9BB6	9C19	4
9BB7	9BF7	8
9BBA	9B93	4
9BBB	9B66	8
9BBD	99FC	4
9BBD	9BEE	4
9BBE	9BD8	2
9BC2	7526	8
9BC2	7A4C	12
9BC4	9BB2	4
9BC5	92CC	4
9BC5	9C41	4
9BC8	9C37	8
9BCB	9BCA	14
9BD5	9A0F	4
9BD5	9BAA	4
9BD7	9C76	8
9BD9	9BE8	4
9BDA	60B8	4
9BDA	9BD8	4
9BDC	9C08	12
9BDE	6B78	4
9BE0	9C0A	4
9BE9	8F2A	4
9BEC	9C7A	12
9BED	824B	4
9BED	9C1B	4
9BF6	9BC7	14
9BF6	9C00	8
9BF9	9B8F	10
9BFB	8772	4
9BFB	9BEF	4
9BFC	9BEE	12
9C01	817A	4
9C01	9C09	4
9C03	29E15	4
9C05	9AC3	4
9C05	9BC9	4
9C07	97A3	4
9C07	9C4A	4
9C0E	9375	4
9C0E	9C31	4
9C17	8774	4
9C17	9BDB	4
9C1B	9C2E	2
9C1F	9B74	14
9C20	9A37	4
9C2B	9C45	4
9C2C	9BF1	4
9C32	9F07	2
9C33	52D2	4
9C34	9EF4	4
9C38	9A45	4
9C3F	9BFD	4
9C40	66C1	4
9C40	9C32	4
9C42	93D8	4
9C42	9C23	4
9C49	9F08	2
9C4B	9BF1	4
9C4C	29EC4	4
9C4D	9C15	4
9C51	9C09	14
9C54	9C53	2
9C55	78FB	4
9C55	9C69	4
9C56	9C65	8
9C59	82D7	14
9C5E	9C25	8
9C60	81BE	2
9C62	81CA	10
9C62	9BF5	8
9C62	9C3A	12
9C64	9C14	4
9C66	8805	4
9C6C	81D1	4
9C6C	9C69	4
9C71	8823	4
9C71	9C45	4
9C73	792B	4
9C73	9C08	4
9C74	97C8	4
9C74	9C65	4
9C79	9A69	4
9CE8	52F3	4
9CEA	9CF0	4
9CEC	9CE7	2
9CED	969D	4
9CEE	9D8F	6
9CEE	9DC4	14
9CEE	9E1B	8
9CEF	9CF3	7
9CEF	9D6C	4
9CF1	9D08	4
9CF5	9D07	14
9CF8	96C7	8
9CF8	9CEB	4
9CFA	9D02	4
9CFB	9812	4
9CFB	9D12	4
9CFD	9E07	4
9CFE	9D28	4
9D00	6A22	4
9D01	9D02	4
9D03	9D02	2
9D04	5339	4
9D05	9D43	4
9D08	96C1	2
9D0A	4CC4	4
9D0C	9CF3	14
9D0D	9CF6	4
9D0E	9DD7	2
9D0F	2A01A	4
9D13	2A02F	4
9D14	9D17	4
9D16	9D1F	4
9D19	96C9	12
9D1A	9CE6	4
9D1C	4CC4	8
9D1C	9DBF	8
9D1C	9DC0	8
9D20	86CB	4
9D21	96CE	12
9D22	5E7C	4
9D24	9B97	4
9D25	9D2A	12
9D27	9D2A	4
9D29	9D02	4
9D2D	9D32	4
9D2E	9D9A	4
9D31	9D41	4
9D33	9DC3	8
9D35	689F	14
9D36	9D60	4
9D38	6A22	4
9D39	7FD4	4
9D3A	9D5C	8
9D3C	9DFA	10
9D3D	9D11	8
9D40	9D5F	4
9D44	9D1F	2
9D49	9E1E	12
9D4B	9D07	4
9D4C	99FC	4
9D4C	9D03	4
9D4D	9E1B	12
9D4E	9D8F	4
9D4F	9D64	4
9D56	9D7E	4
9D57	9D99	4
9D5A	9D06	4
9D5B	9838	4
9D5E	9D5D	2
9D63	9D5C	2
9D67	9D18	4
9D68	9D60	4
9D6A	4A04	8
9D6E	71C4	4
9D6E	9D32	4
9D70	96D5	2
9D71	57F6	4
9D71	9D44	4
9D74	9D1D	4
9D75	9D63	4
9D75	231B6	4
9D76	9D09	2
9D78	6B39	4
9D79	9E1D	12
9D7B	9DC3	8
9D7D	53D5	4
9D7E	9DA4	2
9D7F	9ADC	4
9D80	9A0F	4
9D81	9D89	4
9D82	9DC1	12
9D83	9DC1	8
9D85	753E	4
9D88	9E1A	4
9D8C	9D73	4
9D90	9DF8	12
9D94	9DF8	4
9D95	4A04	10
9D9B	9D32	4
9D9C	29FCE	4
9D9E	9D73	4
9D9F	9D7C	4
9DA0	90FE	4
9DA0	9DD7	4
9DA2	9D8F	4
9DA3	6241	4
9DA5	9D73	4
9DA8	96C9	4
9DAA	9D02	8
9DAA	9D03	8
9DAA	9D59	8
9DAD	9D0B	12
9DAE	974F	8
9DAE	9DB4	8
9DB0	9D51	4
9DB3	9C24	4
9DB4	974D	8
9DB4	974E	8
9DB4	974F	8
9DB5	96DB	2
9DB6	9D8A	4
9DB7	9D60	4
9DBE	7FF0	4
9DBE	2A082	12
9DC4	9D8F	2
9DC5	2A190	4
9DC8	9DC9	12
9DCD	689F	4
9DCF	9DC6	2
9DD0	6668	4
9DD1	9D17	4
9DD2	750E	4
9DD2	9D6F	4
9DDB	9118	4
9DDB	9D8A	4
9DDC	6578	4
9DDC	9E1A	4
9DDD	9DE3	4
9DE1	9D50	8
9DE1	9DE6	4
9DE2	53A5	4
9DE2	9DF9	4
9DE4	56C5	4
9DE4	9D9A	4
9DE8	83EF	4
9DE8	9DA4	4
9DEA	9D2C	8
9DEA	9DAF	14
9DEC	9DCF	4
9DEC	9EC3	4
9DF0	71D5	10
9DF1	7FFA	4
9DF1	9D6B	4
9DF3	9DF4	8
9DF5	5C60	4
9DF5	9D73	4
9DF6	9E07	4
9DF7	8E72	4
9DFB	9D89	4
9DFC	9DF4	8
9DFF	9E0A	12
9E00	9DA1	4
9E01	9A58	4
9E03	72A0	4
9E03	2A01A	4
9E05	6581	4
9E05	9DE3	4
9E06	865E	4
9E06	9E15	4
9E08	9134	4
9E08	2A190	4
9E09	694A	4
9E0B	5BE7	4
9E0E	9D2C	8
9E0E	9DAF	10
9E0F	8499	4
9E0F	9E1B	4
9E10	9D6B	8
9E13	757E	4
9E13	9D2B	4
9E13	9F3A	8
9E16	974D	8
9E16	974E	8
9E16	974F	8
9E16	9DB4	8
9E17	8B8B	4
9E1C	9D1D	2
9E76	9E78	4
9E76	9F62	4
9E77	9F62	4
9E7D	5869	2
9E81	9EA4	2
9E83	9E85	8
9E84	9EA4	10
9E86	7C97	4
9E86	9EA4	4
9E87	9E95	8
9E89	7C0F	4
9E8A	9E8B	4
9E8F	9E95	8
9E90	9E9F	4
9E94	548E	4
9E99	7BB4	4
9E9A	971E	4
9E9A	9E9B	4
9E9C	9E8B	4
9EA1	973D	4
9EA2	7F9A	14
9EA3	9E9F	4
9EA5	9EA6	2
9EA7	4E7E	4
9EAB	9EAA	7
9EAB	9EBA	4
9EAC	9EA9	2
9EAF	9EB4	2
9EB1	9EA9	14
9EB1	9EAC	8
9EB1	9EB8	8
9EB2	89AA	4
9EB2	9EB5	4
9EB3	2A38C	8
9EB5	9EAA	2
9EB7	8C4A	4
9EB7	9022	4
9EBD	9EBC	2
9EC0	63AB	4
9EC2	7CDC	4
9EC2	8561	4
9EC3	9EC4	2
9EC7	9EDE	4
9ECB	714C	8
9ECF	7C98	2
9ED1	9ED2	2
9ED3	5F0B	4
9ED6	65E2	4
9ED7	9EDC	4
9ED8	9ED9	2
9EDA	9163	4
9EDA	9EDC	4
9EDE	70B9	2
9EE2	99FF	4
9EE3	9EF4	4
9EE6	7579	4
9EE6	9EDF	4
9EE8	515A	2
9EF1	9EDB	10
9EF3	9DD6	4
9EF3	9EE7	4
9EFA	7C89	4
9EFA	9EFB	4
9EFE	9EFD	14
9F00	9EFF	4
9F01	9F03	4
9F03	4D77	2
9F04	86DB	12
9F05	8718	14
9F06	4D77	4
9F0A	8E84	4
9F11	9F0E	10
9F11	231C4	8
9F18	6DF5	4
9F1D	6DF5	4
9F1D	9F17	4
9F1E	95B6	12
9F1E	97BA	8
9F21	9F20	2
9F23	9ED8	4
9F24	99BC	4
9F25	9B43	4
9F26	8C82	10
9F27	99DD	4
9F28	9B97	4
9F29	9F41	4
9F2E	8247	4
9F30	9F2C	4
9F33	9F39	4
9F34	9F39	8
9F35	63EC	4
9F35	9F37	4
9F36	9F37	4
9F38	938C	4
9F38	9F37	4
9F40	750E	4
9F42	550F	4
9F44	76B6	8
9F45	55C5	2
9F47	76B6	8
9F48	9F46	4
9F49	9F46	4
9F4A	6589	2
9F4B	658E	2
9F4C	81CD	4
9F4C	9F4E	4
9F4D	6589	4
9F4D	8CC7	4
9F50	6589	6
9F50	9F4A	14
9F52	6B6F	2
9F59	9764	4
9F59	9F63	4
9F5A	9F70	10
9F5B	566C	4
9F5C	5470	4
9F61	9F62	2
9F64	9F67	4
9F65	7D4F	4
9F65	9F66	4
9F71	9F6A	8
9F74	9F57	4
9F78	7E0A	4
9F78	9F70	4
9F79	5DEE	4
9F79	9F67	4
9F7B	9F5F	4
9F7C	9F6D	14
9F7E	737B	4
9F7E	9F67	4
9F8D	7ADC	2
9F8E	9F90	14
9F92	7ADC	2
9F92	9F8D	10
9F93	6727	4
9F98	8B8B	4
9F9C	4E80	2
9F9D	79CB	2
9F9E	9C49	8
9F9E	9F08	8
9FA1	5439	8
9FA2	548C	2
9FA4	8AE7	12
9FAC	92FC	2
9FB1	56DA	10
9FBC	74BF	16
9FC4	6881	10
9FC4	6A11	8
9FC6	7953	1
9FCB	79A7	16
9FEE	5E2D	14
F900	8C48	32
F901	66F4	32
F902	8ECA	32
F903	8CC8	32
F904	6ED1	32
F905	4E32	32
F906	53E5	32
F907	9F9C	32
F908	9F9C	32
F909	5951	32
F90A	91D1	32
F90B	5587	32
F90C	5948	32
F90D	61F6	32
F90E	7669	32
F90F	7F85	32
F910	863F	32
F911	87BA	32
F912	88F8	32
F913	908F	32
F914	6A02	32
F915	6D1B	32
F916	70D9	32
F917	73DE	32
F918	843D	32
F919	916A	32
F91A	99F1	32
F91B	4E82	32
F91C	5375	32
F91D	6B04	32
F91E	721B	32
F91F	862D	32
F920	9E1E	32
F921	5D50	32
F922	6FEB	32
F923	85CD	32
F924	8964	32
F925	62C9	32
F926	81D8	32
F927	881F	32
F928	5ECA	32
F929	6717	32
F92A	6D6A	32
F92B	72FC	32
F92C	90CE	32
F92D	4F86	32
F92E	51B7	32
F92F	52DE	32
F930	64C4	32
F931	6AD3	32
F932	7210	32
F933	76E7	32
F934	8001	32
F935	8606	32
F936	865C	32
F937	8DEF	32
F938	9732	32
F939	9B6F	32
F93A	9DFA	32
F93B	788C	32
F93C	797F	32
F93D	7DA0	32
F93E	83C9	32
F93F	9304	32
F940	9E7F	32
F941	8AD6	32
F942	58DF	32
F943	5F04	32
F944	7C60	32
F945	807E	32
F946	7262	32
F947	78CA	32
F948	8CC2	32
F949	96F7	32
F94A	58D8	32
F94B	5C62	32
F94C	6A13	32
F94D	6DDA	32
F94E	6F0F	32
F94F	7D2F	32
F950	7E37	32
F951	964B	32
F952	52D2	32
F953	808B	32
F954	51DC	32
F955	51CC	32
F956	7A1C	32
F957	7DBE	32
F958	83F1	32
F959	9675	32
F95A	8B80	32
F95B	62CF	32
F95C	6A02	32
F95D	8AFE	32
F95E	4E39	32
F95F	5BE7	32
F960	6012	32
F961	7387	32
F962	7570	32
F963	5317	32
F964	78FB	32
F965	4FBF	32
F966	5FA9	32
F967	4E0D	32
F968	6CCC	32
F969	6578	32
F96A	7D22	32
F96B	53C3	32
F96C	585E	32
F96D	7701	32
F96E	8449	32
F96F	8AAA	32
F970	6BBA	32
F971	8FB0	32
F972	6C88	32
F973	62FE	32
F974	82E5	32
F975	63A0	32
F976	7565	32
F977	4EAE	32
F978	5169	32
F979	51C9	32
F97A	6881	32
F97B	7CE7	32
F97C	826F	32
F97D	8AD2	32
F97E	91CF	32
F97F	52F5	32
F980	5442	32
F981	5973	32
F982	5EEC	32
F983	65C5	32
F984	6FFE	32
F985	792A	32
F986	95AD	32
F987	9A6A	32
F988	9E97	32
F989	9ECE	32
F98A	529B	32
F98B	66C6	32
F98C	6B77	32
F98D	8F62	32
F98E	5E74	32
F98F	6190	32
F990	6200	32
F991	649A	32
F992	6F23	32
F993	7149	32
F994	7489	32
F995	79CA	32
F996	7DF4	32
F997	806F	32
F998	8F26	32
F999	84EE	32
F99A	9023	32
F99B	934A	32
F99C	5217	32
F99D	52A3	32
F99E	54BD	32
F99F	70C8	32
F9A0	88C2	32
F9A1	8AAA	32
F9A2	5EC9	32
F9A3	5FF5	32
F9A4	637B	32
F9A5	6BAE	32
F9A6	7C3E	32
F9A7	7375	32
F9A8	4EE4	32
F9A9	56F9	32
F9AA	5BE7	32
F9AB	5DBA	32
F9AC	601C	32
F9AD	73B2	32
F9AE	7469	32
F9AF	7F9A	32
F9B0	8046	32
F9B1	9234	32
F9B2	96F6	32
F9B3	9748	32
F9B4	9818	32
F9B5	4F8B	32
F9B6	79AE	32
F9B7	91B4	32
F9B8	96B8	32
F9B9	60E1	32
F9BA	4E86	32
F9BB	50DA	32
F9BC	5BEE	32
F9BD	5C3F	32
F9BE	6599	32
F9BF	6A02	32
F9C0	71CE	32
F9C1	7642	32
F9C2	84FC	32
F9C3	907C	32
F9C4	9F8D	32
F9C5	6688	32
F9C6	962E	32
F9C7	5289	32
F9C8	677B	32
F9C9	67F3	32
F9CA	6D41	32
F9CB	6E9C	32
F9CC	7409	32
F9CD	7559	32
F9CE	786B	32
F9CF	7D10	32
F9D0	985E	32
F9D1	516D	32
F9D2	622E	32
F9D3	9678	32
F9D4	502B	32
F9D5	5D19	32
F9D6	6DEA	32
F9D7	8F2A	32
F9D8	5F8B	32
F9D9	6144	32
F9DA	6817	32
F9DB	7387	32
F9DC	9686	32
F9DD	5229	32
F9DE	540F	32
F9DF	5C65	32
F9E0	6613	32
F9E1	674E	32
F9E2	68A8	32
F9E3	6CE5	32
F9E4	7406	32
F9E5	75E2	32
F9E6	7F79	32
F9E7	88CF	32
F9E8	88E1	32
F9E9	91CC	32
F9EA	96E2	32
F9EB	533F	32
F9EC	6EBA	32
F9ED	541D	32
F9EE	71D0	32
F9EF	7498	32
F9F0	85FA	32
F9F1	96A3	32
F9F2	9C57	32
F9F3	9E9F	32
F9F4	6797	32
F9F5	6DCB	32
F9F6	81E8	32
F9F7	7ACB	32
F9F8	7B20	32
F9F9	7C92	32
F9FA	72C0	32
F9FB	7099	32
F9FC	8B58	32
F9FD	4EC0	32
F9FE	8336	32
F9FF	523A	32
FA00	5207	32
FA01	5EA6	32
FA02	62D3	32
FA03	7CD6	32
FA04	5B85	32
FA05	6D1E	32
FA06	66B4	32
FA07	8F3B	32
FA08	884C	32
FA09	964D	32
FA0A	898B	32
FA0B	5ED3	32
FA0C	5140	32
FA0D	55C0	32
FA0E	96D9	4
FA10	585A	32
FA11	5D0E	2
FA12	6674	32
FA15	51DE	32
FA16	732A	32
FA17	76CA	32
FA18	793C	32
FA19	795E	32
FA1A	7965	32
FA1B	798F	32
FA1C	9756	32
FA1D	7CBE	32
FA1E	7FBD	32
FA20	8612	32
FA22	8AF8	32
FA23	8D73	14
FA25	9038	32
FA26	90FD	32
FA29	6417	4
FA29	969D	4
FA2A	98EF	32
FA2B	98FC	32
FA2C	9928	32
FA2D	9DB4	32
FA2E	90DE	32
FA2F	96B7	32
FA30	4FAE	32
FA31	50E7	32
FA32	514D	32
FA33	52C9	32
FA34	52E4	32
FA35	5351	32
FA36	559D	32
FA37	5606	32
FA38	5668	32
FA39	5840	32
FA3A	58A8	32
FA3B	5C64	32
FA3C	5C6E	32
FA3D	6094	32
FA3E	6168	32
FA3F	618E	32
FA40	61F2	32
FA41	654F	32
FA42	65E2	32
FA43	6691	32
FA44	6885	32
FA45	6D77	32
FA46	6E1A	32
FA47	6F22	32
FA48	716E	32
FA49	722B	32
FA4A	7422	32
FA4B	7891	32
FA4C	793E	32
FA4D	7949	32
FA4E	7948	32
FA4F	7950	32
FA50	7956	32
FA51	795D	32
FA52	798D	32
FA53	798E	32
FA54	7A40	32
FA55	7A81	32
FA56	7BC0	32
FA57	7DF4	32
FA58	7E09	32
FA59	7E41	32
FA5A	7F72	32
FA5B	8005	32
FA5C	81ED	32
FA5D	8279	32
FA5E	8279	32
FA5F	8457	32
FA60	8910	32
FA61	8996	32
FA62	8B01	32
FA63	8B39	32
FA64	8CD3	32
FA65	8D08	32
FA66	8FB6	32
FA67	9038	32
FA68	96E3	32
FA69	97FF	32
FA6A	983B	32
FA6B	6075	32
FA6C	242EE	32
FA6D	8218	32
FA70	4E26	32
FA71	51B5	32
FA72	5168	32
FA73	4F80	32
FA74	5145	32
FA75	5180	32
FA76	52C7	32
FA77	52FA	32
FA78	559D	32
FA79	5555	32
FA7A	5599	32
FA7B	55E2	32
FA7C	585A	32
FA7D	58B3	32
FA7E	5944	32
FA7F	5954	32
FA80	5A62	32
FA81	5B28	32
FA82	5ED2	32
FA83	5ED9	32
FA84	5F69	32
FA85	5FAD	32
FA86	60D8	32
FA87	614E	32
FA88	6108	32
FA89	618E	32
FA8A	6160	32
FA8B	61F2	32
FA8C	6234	32
FA8D	63C4	32
FA8E	641C	32
FA8F	6452	32
FA90	6556	32
FA91	6674	32
FA92	6717	32
FA93	671B	32
FA94	6756	32
FA95	6B79	32
FA96	6BBA	32
FA97	6D41	32
FA98	6EDB	32
FA99	6ECB	32
FA9A	6F22	32
FA9B	701E	32
FA9C	716E	32
FA9D	77A7	32
FA9E	7235	32
FA9F	72AF	32
FAA0	732A	32
FAA1	7471	32
FAA2	7506	32
FAA3	753B	32
FAA4	761D	32
FAA5	761F	32
FAA6	76CA	32
FAA7	76DB	32
FAA8	76F4	32
FAA9	774A	32
FAAA	7740	32
FAAB	78CC	32
FAAC	7AB1	32
FAAD	7BC0	32
FAAE	7C7B	32
FAAF	7D5B	32
FAB0	7DF4	32
FAB1	7F3E	32
FAB2	8005	32
FAB3	8352	32
FAB4	83EF	32
FAB5	8779	32
FAB6	8941	32
FAB7	8986	32
FAB8	8996	32
FAB9	8ABF	32
FABA	8AF8	32
FABB	8ACB	32
FABC	8B01	32
FABD	8AFE	32
FABE	8AED	32
FABF	8B39	32
FAC0	8B8A	32
FAC1	8D08	32
FAC2	8F38	32
FAC3	9072	32
FAC4	9199	32
FAC5	9276	32
FAC6	967C	32
FAC7	96E3	32
FAC8	9756	32
FAC9	97DB	32
FACA	97FF	32
FACB	980B	32
FACC	983B	32
FACD	9B12	32
FACE	9F9C	32
FACF	2284A	32
FAD0	22844	32
FAD1	233D5	32
FAD2	3B9D	32
FAD3	4018	32
FAD4	4039	32
FAD5	25249	32
FAD6	25CD0	32
FAD7	27ED3	32
FAD8	9F43	32
FAD9	9F8E	32
20000	5475	2
20001	4E03	2
20003	4E14	10
20003	51E0	8
20007	4E14	10
20008	4E18	10
20008	5775	8
2000B	4E08	2
2000D	4E16	2
2000D	4E17	1
20010	866B	8
20010	87F2	8
20012	5E73	10
20014	5B52	2
20018	5929	10
20019	9E97	10
2001A	4E0D	10
20020	7B95	10
20021	5929	10
20029	6C40	10
2002D	5E73	10
2002E	7B95	10
2003B	9EFF	10
20045	51E6	10
20045	8655	10
20048	541B	10
2004A	723D	10
20055	58FC	10
20057	596D	10
20061	535C	10
20064	56DB	10
20066	4E2D	10
20067	4E2D	10
20069	4E2D	10
2006E	53D4	10
20070	4E56	10
20071	4E8A	8
20071	4E8B	10
20074	4E80	6
20074	9F9C	14
2007D	4E38	10
2007E	594F	2
2007F	4E39	10
20082	7D42	10
20087	5C6E	8
20087	5DE6	10
2008D	4E07	2
2008D	842C	10
2008F	4E73	10
20095	77E2	10
20095	7B36	8
20096	5F1F	10
2009C	4E4F	10
2009E	4E4E	10
200A0	91C6	10
200A4	5806	2
200A8	7255	8
200A8	7A93	8
200A8	7A97	10
200A8	7ABB	8
200A9	6C0F	10
200AC	5384	10
200AE	8FB0	10
200AF	4E56	10
200B2	68D7	10
200B3	63D4	8
200B3	7DCF	2
200B3	7E3D	10
200B5	7528	10
200B6	70CF	10
200B7	5E78	10
200B9	5782	10
200B9	57C0	8
200BA	601D	10
200BD	754F	10
200BE	574F	10
200BF	624B	10
200C4	6108	10
200CB	53B7	2
200CB	80B1	2
200CF	4E29	10
200CF	723F	8
200D0	4F1A	2
200D0	6703	10
200D1	4E5A	2
200D1	96A0	2
200D1	96B1	2
200D2	4E5F	2
200D5	5DDE	10
200DE	793C	2
200DE	79AE	10
200DF	4E5F	10
200E0	4E11	10
200E0	4E12	8
200E4	8352	10
200E5	6319	2
200E5	64E7	10
200E5	8209	8
200E7	98DB	10
200ED	59CB	10
200F0	5099	10
200F2	622A	10
200F3	9035	8
200F3	9997	10
200F6	4E71	10
200F6	4E82	10
200F6	7064	8
200FC	601D	10
200FE	4E80	2
200FE	9F9C	10
20104	4E7E	10
20107	916A	8
20108	9130	10
20108	96A3	10
2010A	4E7E	10
2010B	4E7E	10
2010E	4E43	2
20112	5782	10
20113	5DDE	10
20114	5E7B	10
20115	4E43	10
20117	5468	10
20119	4E89	2
20119	722D	10
2011B	4E88	2
2011B	8C6B	10
2011D	4E88	2
2011D	8C6B	10
2011E	4E0A	10
2011F	4E0B	10
20121	4E94	10
20122	4E98	10
20122	4E99	8
20123	4E98	10
20123	4E99	8
20124	7D14	10
20124	7DC7	8
20128	6046	10
20128	6052	10
2012C	68D7	14
2012D	4E98	10
2012D	4E99	8
20130	8001	10
20135	8056	10
20137	4E9D	10
20137	6589	2
20137	9F4A	10
20139	4E9F	10
20139	710F	8
20143	4EA6	10
20145	672B	10
20153	76F4	8
20153	900C	8
20154	514B	10
20156	4EA8	8
20156	70F9	10
20158	4EAD	3
20159	4EAE	3
2015E	4E57	10
2015E	4E58	10
2015F	4E57	10
2015F	4E58	10
20160	4EAB	10
20160	9AD8	8
20161	514B	10
20162	4EB3	3
20169	5B70	10
2016A	8052	10
2016B	52DD	10
2016C	5BC7	4
20170	5F58	10
20177	90ED	8
20182	8870	10
20187	5965	10
20187	5967	10
20187	5DB4	8
20189	68C4	10
2018A	58FC	10
2018C	5EB8	10
2018F	8870	10
2019D	342E	8
2019D	8944	10
201A3	5BE1	10
201A4	4E01	10
201A4	4ECB	2
201A6	4E4D	10
201A9	4EC8	4
201A9	6C4E	4
201AA	4EAB	8
201AA	9AD8	10
201AD	9670	2
201AF	4F5C	10
201AF	505A	8
201B4	9599	8
201B4	9B27	10
201B6	5FF1	4
201B8	4FAE	10
201B9	65BD	10
201BA	9853	8
201BC	5CA1	10
201C2	500B	10
201CA	74DC	10
201D9	525B	10
201DA	7532	10
201DB	4ECF	2
201DB	4F5B	10
201DC	65BD	10
201DD	525B	10
201DE	4F0E	14
201EE	547D	10
201F2	4F11	10
201F4	4EF7	10
201FE	4F11	10
201FF	7676	10
20201	4F82	10
20203	4FDD	10
20204	5BA6	10
20207	5919	10
20209	4F83	8
2020B	620E	8
2020C	865E	10
2020D	5099	10
2020E	4F88	10
2020F	5039	2
2020F	5109	10
20210	4F38	10
20211	5149	14
20222	6028	10
20227	5F79	10
20228	4F5C	10
20228	505A	8
2022E	4F01	10
2022F	5175	10
20232	4F78	10
20233	8F9F	10
20234	61DD	8
20234	75F4	2
20234	7661	10
20237	4FFE	10
20239	6538	2
2023B	4FD7	8
2023C	9806	10
2023D	4F0A	10
2023E	5BB0	10
2023F	5F79	10
20252	7ADC	2
20252	9F8D	10
20254	5175	10
20255	4F7F	10
20256	4F94	10
20261	5F8F	8
20261	965F	10
20265	80E4	14
20266	5919	10
20268	5227	10
20268	52AB	10
2026D	76D7	2
2026D	76DC	10
2026E	5026	10
20273	5FA1	10
2028A	98DF	10
2028A	98E0	8
2028A	2967F	8
2028B	7ADC	2
2028B	9F8D	10
20291	500D	10
20296	4F8B	10
202A7	4E26	2
202A8	50CE	10
202A9	50CE	8
202AA	6A39	8
202AB	4F9A	2
202AB	5F87	2
202B0	581D	4
202B1	5019	10
202B3	4FBF	10
202B4	4F82	10
202B6	5AB5	8
202B8	8F9F	10
202BA	852D	8
202BA	9634	8
202BA	9670	10
202BA	9682	8
202BB	4FDD	10
202BE	777D	2
202D1	98DF	10
202D2	547D	10
202D3	7235	10
202DB	4FEE	8
202DB	8129	10
202DD	7D17	10
202DD	7DF2	8
202E2	53DF	8
202E3	501A	10
202E9	5FA9	8
202EA	5BA6	10
202EB	5019	10
202EC	5036	16
202ED	500D	10
202EE	58FD	10
202EE	5BFF	10
202F3	777D	2
202F4	5013	10
202F6	9169	10
202F9	4F9A	10
202F9	5F87	10
202FE	5B9D	2
202FE	5BF6	10
20300	4FDD	10
20308	4F96	10
20318	512A	6
20318	590F	8
20318	6630	8
2031C	5FAF	10
20321	9001	10
20322	4FD7	8
20329	51ED	10
2032F	5137	10
20335	88CA	2
20336	82B1	10
20336	83EF	8
20337	57F7	10
20337	77E3	8
20339	5F8F	8
20339	965F	10
2033A	8870	10
2033E	7FA9	10
2033F	5022	10
20344	6A39	8
20358	4ED0	8
20358	5098	10
2035E	7D5B	10
2035E	7E27	8
2035F	53EF	10
2036C	502C	10
20371	96C6	2
20372	6E20	8
20373	55CC	2
20374	6106	10
20376	5112	10
20378	8846	8
2037A	590F	10
2037B	5114	10
20383	5098	10
20398	79BD	8
2039A	4F96	10
2039B	723D	10
203A2	8208	10
203A7	5070	16
203AF	8569	10
203AF	862F	8
203B0	617C	10
203B0	621A	8
203B1	6106	10
203B2	5046	10
203B3	4F59	2
203B8	55C7	10
203BA	5080	10
203BB	9041	8
203BC	50C4	10
203BD	60F8	8
203BF	736C	2
203C1	5316	10
203C2	5730	10
203C4	5075	10
203D4	8E59	10
203D7	50DA	10
203E1	96F6	14
203E3	7C5E	10
20409	7BC0	10
2040A	7AEA	2
2040A	8C4E	6
2040C	7F77	6
2040E	6E80	2
2040E	6EFF	10
2041A	5137	10
20422	73A9	8
20422	7FEB	10
20423	61A8	10
20424	5080	10
20425	5104	10
20426	5080	10
20427	511A	8
20428	6106	10
2043A	983B	8
20442	4F60	8
20442	511E	8
20442	723E	10
2044A	513C	2
2044E	50C4	10
20457	4ED9	8
20457	50CA	8
20457	50F2	8
20469	77CD	10
2046A	56C2	2
2046B	50D0	10
20472	50C9	2
20476	65E1	8
20477	9577	10
2047A	5929	10
2047B	9577	10
2047D	5145	10
2047D	514B	2
2047E	6B7B	10
2047F	9577	10
20481	6B7B	10
20483	5155	10
20484	5140	8
20484	674C	2
20485	5155	10
20486	5150	10
20486	5152	10
2048A	5155	10
2048B	5147	10
2048C	7F8C	10
2048C	7F97	8
2048D	81FE	10
20496	582F	14
20496	5C2D	6
2049E	9EFF	10
204A8	51C9	10
204A8	6DBC	2
204B0	5B32	10
204B0	5B7F	8
204B1	50FB	10
204C6	5162	10
204DD	4ED0	1
204DF	4E4F	10
204E0	97AD	8
204E1	77E2	10
204E1	7B36	8
204E5	97AD	8
204F1	9047	10
204F3	5168	10
204F4	5168	10
204F8	4E57	2
204F8	4E58	10
20500	6273	8
20500	6500	8
20501	5225	10
20503	516E	10
20504	4E5F	8
20506	6B79	8
20506	6B7A	8
20507	4E4B	10
20508	4E2D	10
2050A	9577	10
2050B	7B95	10
2050F	5171	10
20510	7B95	10
20512	6B6F	2
20512	9F52	10
20513	5178	10
20514	4E0E	2
20514	8207	10
20516	6319	2
20516	64E7	10
20516	8209	8
20517	4E2D	10
20518	9AF4	10
20519	51AC	10
2051A	5F03	10
2051A	68C4	2
2051B	7B95	10
2051C	5764	10
2051D	7B95	10
2051F	596A	10
20523	978F	8
20525	517C	14
20527	5764	10
20527	5DDB	8
20530	5178	10
20531	7570	10
20538	671F	10
20539	6668	10
2053D	4EBA	2
2053D	5EB8	8
2053E	7D42	10
2053F	7530	2
2053F	7F51	10
2053F	7F52	8
20540	540C	4
20540	7F51	8
20540	7F52	8
20541	518A	3
20542	518D	10
20543	7F51	8
20548	7F51	8
2054B	518A	10
2054B	518C	8
2054B	7B27	8
2054D	5B98	10
20550	518A	10
20550	518C	8
20551	4E39	10
20552	96E8	10
20554	80AF	10
20556	6772	1
20558	96E8	10
2055A	5183	10
2055B	5BB3	10
2055E	6B21	10
20560	665F	1
20562	7235	10
20564	5195	1
20564	51A4	2
20568	66C1	10
2056C	5192	10
20572	96E8	10
20575	4EA2	10
20579	5929	14
2057A	5BB9	14
20585	5BA5	16
20587	51A5	10
20587	669D	8
2058A	53DA	10
2058C	51A0	10
20594	5BB6	10
20594	7A81	8
2059C	7159	10
205A0	53E4	10
205A3	7159	10
205A5	5BF5	10
205A7	871C	10
205B1	51B1	10
205B1	51B4	8
205B1	6C8D	8
205B2	6C7E	16
205B7	6CC2	14
205B9	593E	10
205C2	6D1B	4
205CE	8358	2
205CE	838A	10
205D7	51BD	10
205DA	3CC3	8
205DA	6DEC	8
205DC	6E05	10
205E2	51BD	10
205E6	99AE	10
205F2	51CC	10
205FE	723D	4
20600	51AC	10
20604	5370	10
20605	51DC	2
20607	6DB8	8
20612	6DB8	8
20617	51AC	10
20621	51DB	8
20621	51DC	10
20624	51B7	10
20629	65E0	8
20629	6A46	8
20629	7121	10
2062D	5141	3
20631	51EE	8
20631	5919	4
20631	98A8	8
20632	5927	10
20635	5919	14
20636	5426	10
20637	6C38	10
20638	65E1	8
2063A	5145	2
2063D	6C11	10
2063E	5546	10
20641	51ED	4
20647	591C	10
20648	51EE	8
20648	98A8	10
20649	59CB	10
2064A	51EE	8
2064A	98A8	10
2064B	382F	8
2064B	4EE5	10
20650	4E0D	10
20651	591C	10
20657	51EE	8
20657	98A8	10
20658	7235	10
20659	51A0	10
2065A	51E6	10
2065A	8655	10
2065C	57F7	10
2065F	52DD	10
20660	723D	10
20662	8627	8
20665	51ED	10
20665	51F4	8
2066D	5B50	10
20674	51F5	1
20675	53E3	10
20677	56DF	10
20677	9856	8
20678	7518	10
2067A	6B63	10
2067A	758B	8
2067B	738B	10
2067F	7518	10
20681	56DF	10
20681	9856	10
2068E	56F3	10
2068E	5716	10
2068F	81FF	8
20691	9762	10
20692	6B6F	2
20692	9F52	10
20696	66F2	10
20697	51FD	10
20697	51FE	8
20699	7B04	10
2069B	584A	10
2069B	96A4	8
2069D	4E43	10
206A3	5200	10
206A6	4F3C	2
206A9	525D	10
206A9	5265	8
206AA	4ECE	10
206AA	525D	8
206AA	5265	8
206AA	5F93	2
206AA	5F9E	2
206AB	5208	10
206AC	525D	10
206AC	5265	8
206B0	523B	10
206B7	523A	2
206B8	9264	10
206BF	93DF	10
206BF	28A71	8
206C1	7528	10
206C2	5275	2
206C3	5229	2
206C4	5208	10
206C4	82C5	8
206C9	5229	2
206CD	622A	10
206CE	920E	8
206CE	9264	10
206CF	5DDE	10
206D0	5236	10
206D2	5233	2
206D7	5227	8
206D7	52AB	10
206DB	5272	10
206E0	525C	10
206E7	525D	10
206E7	5265	8
206EC	5211	3
206EE	5275	8
206EF	5236	10
206F0	5225	10
206F1	5217	10
206F3	523B	10
206F4	5239	10
206F7	5272	10
206F9	522A	10
20702	522A	10
20706	521D	10
20707	523B	10
20713	5254	10
20714	5236	10
20717	90C4	10
20717	90E4	2
2071A	5211	10
2071B	525B	10
2071C	522E	10
2071D	5DE5	10
20728	52BE	10
20734	5212	8
20736	8133	10
20736	8166	10
20737	65AD	2
20737	65B7	10
20738	5264	2
20738	5291	10
2073A	5217	10
2073B	5283	2
2073E	5282	8
20740	5275	10
20741	5236	10
20742	7737	10
20742	7760	8
20743	6DF5	14
20745	65AD	2
20745	65B7	10
20752	5256	10
20762	95B9	10
20763	524D	10
20763	526A	8
20763	6B6C	8
20766	5236	10
20767	52E0	10
20778	52D9	6
2077D	7574	8
2077D	7587	10
2077E	525B	10
20781	7B56	10
20783	97A8	2
2078B	5247	10
2078C	5256	10
2078D	543B	10
2078F	5227	10
2078F	52AB	10
20790	5249	10
2079D	8322	10
207A5	5298	8
207A6	7B56	10
207A7	9761	8
207A8	622E	10
207AA	7352	4
207AA	8C6A	8
207AB	523B	10
207B0	527F	8
207B0	52E6	8
207B0	6284	8
207B0	9214	8
207B7	5283	10
207BB	5239	2
207BD	526A	8
207BD	7FE6	10
207C7	5269	10
207C7	5270	10
207D0	524F	8
207D0	5275	10
207D1	7F70	10
207D1	7F78	8
207D4	5247	10
207D8	527F	8
207D8	52E6	8
207D8	6284	8
207D8	9214	8
207DF	7F70	10
207DF	7F78	8
207E6	745F	4
207ED	5247	10
207EF	527F	10
207EF	52E6	8
207EF	6284	8
207EF	9214	8
207F1	5283	14
207F5	5287	10
207FA	9700	2
207FB	5247	10
207FE	527F	8
207FF	527F	8
20806	5263	10
20806	528D	8
20806	5292	10
20806	5294	8
20806	91FC	8
2080C	88C2	2
20810	6FE1	10
20821	5254	10
20823	9761	10
20826	526F	10
20827	527D	10
20832	529B	10
20842	5F3C	10
20843	5DE6	2
2084D	52C1	14
20853	9038	10
20855	52C1	10
2085F	8D73	2
20860	52C5	8
20860	52D1	10
20860	6555	8
20866	5E74	10
20866	79CA	8
20879	6B8B	10
20879	6B98	10
2087C	52D6	10
2087C	52D7	8
2087D	501E	10
2087D	52CD	10
2087F	5175	10
2088E	8205	14
2088F	52B5	10
20895	7352	4
20896	52C9	10
20897	6575	10
208A7	52DD	10
208AF	52E0	2
208B2	61C8	2
208B6	52E6	10
208BC	52DB	8
208BC	52F2	10
208BC	52F3	10
208C1	52B4	2
208C1	52DE	10
208C6	527D	8
208C8	6523	10
208CD	7FF0	10
208CE	5E7C	10
208CF	4E10	8
208D4	5782	10
208D9	65EC	10
208DA	65EC	10
208DE	8ECD	14
208DF	7AE3	8
208DF	8E06	8
208DF	9021	8
208E1	65EC	10
208E3	4E10	8
208E5	51A2	10
208E5	585A	8
208E6	8ECD	8
208E7	82BB	10
208E7	84AD	8
208E8	519D	8
208E8	5B9C	10
208E9	7D04	10
208EA	80CA	10
208EF	84AF	2
20908	9CF3	10
20909	7D76	10
2090B	8671	10
2090B	8768	10
2090E	5315	1
2090E	5316	2
20910	9577	10
20910	9578	8
20911	57F7	8
20911	77E3	8
20911	8CE2	8
20912	65BD	10
20914	65E8	10
20915	57F7	8
20915	77E3	8
20915	8CE2	8
20917	57F7	8
20917	77E3	8
20917	8CE2	8
20918	57F7	8
20918	77E3	10
20918	8CE2	8
20919	53A9	2
20919	5ECF	10
2091A	5353	10
2091B	771E	10
2091B	771F	2
2091C	57F7	8
2091C	77E3	8
2091C	8CE2	8
2091E	5353	10
2091F	5353	10
20922	4E18	10
20922	5775	8
20923	6B21	10
20924	771E	2
20925	6FE1	10
2092A	4E00	10
2092A	5F0C	8
2092C	531A	10
2092F	676F	10
20931	7C20	10
20933	7C20	10
20935	751F	10
20940	676F	2
20940	686E	10
20942	67E9	10
20942	67FE	8
20942	6A78	8
20944	751A	10
2094A	7B95	10
2094E	5E37	2
20953	531A	10
2095A	5F40	10
2095B	5E37	10
20963	7C69	8
20969	7B95	10
2096B	7C69	8
2096C	67E9	10
2096C	67FE	8
2096C	6A78	8
2096F	62B5	10
20971	6708	10
20974	6DE6	10
2097B	75BE	10
20980	4FDD	10
20982	5932	10
20982	672C	2
20983	5345	10
20984	5349	1
20985	5E74	10
20985	79CA	8
20987	4EA5	10
2098C	5EB6	8
2098D	5932	10
2098D	672C	2
20991	53D4	10
20993	4E15	10
20994	4E16	10
20994	4E17	8
20995	5DE9	8
20998	5DE9	8
20999	652F	10
2099A	5E74	10
2099A	79CA	8
2099B	5175	10
2099C	5EB6	8
209A1	5E78	2
209A2	5354	14
209A4	5358	10
209A4	55AE	10
209AC	4E56	2
209B4	8ECA	10
209B5	5E2B	10
209B6	9769	10
209B8	7387	10
209C8	6566	10
209CE	4E71	2
209CE	4E82	10
209CF	4E71	2
209CF	4E82	10
209D1	58CC	2
209D1	58E4	10
209D2	4E5E	8
209D2	6C14	8
209D3	525D	10
209D3	5265	8
209D7	5F04	8
209D7	630A	8
209D8	8654	10
209DC	897F	10
209DE	5146	10
209E0	900C	2
209E1	5C02	2
209E1	5C08	10
209E1	76F4	2
209E2	53C0	10
209E3	8FD1	10
209E4	4E43	10
209E5	9E97	10
209EA	5363	10
209F2	8861	10
209F3	514B	10
209F4	900C	10
209F6	524B	10
209F6	5C05	8
209F7	900C	2
209F8	6EF7	8
209F8	9E75	10
209F9	514B	10
209FA	8654	10
209FB	514B	10
209FC	7C9F	10
209FD	8861	10
20A00	8C9E	10
20A02	6211	10
20A07	4E57	10
20A07	4E58	10
20A0B	5363	2
20A0D	537F	2
20A10	536C	10
20A10	536F	8
20A12	5F3C	2
20A14	6291	10
20A19	5FA1	12
20A1B	6028	10
20A1C	5140	8
20A1C	674C	2
20A1D	6028	10
20A1E	537F	10
20A1F	5377	10
20A1F	5DFB	10
20A1F	7CFA	8
20A1F	7CFE	8
20A27	8FC1	8
20A27	9077	8
20A29	9077	8
20A2E	4EC4	10
20A2F	3762	8
20A2F	5B87	10
20A30	5973	10
20A31	8FB0	10
20A34	5C46	8
20A36	4FAF	10
20A37	8FB0	10
20A44	6240	10
20A4A	65E8	10
20A4B	65A5	10
20A4B	8204	8
20A4C	5E2D	10
20A4D	5FDC	10
20A4D	61C9	10
20A56	5E9A	10
20A59	5CE8	10
20A59	5CE9	8
20A5B	5E2D	10
20A5C	731B	10
20A5D	623F	10
20A5E	3AD7	8
20A5E	539A	10
20A5F	8FB0	10
20A60	4EAC	8
20A60	4EB0	8
20A60	539F	10
20A60	6E90	8
20A64	539F	14
20A64	6E90	8
20A69	4EC4	2
20A6C	6584	10
20A6D	6DF3	10
20A6E	76FE	10
20A6F	5B58	10
20A70	3AD7	8
20A70	539A	10
20A71	74B9	10
20A78	994B	10
20A7A	91D0	10
20A7B	6BB5	10
20A7C	76D7	2
20A7C	76DC	10
20A7D	5EB6	10
20A84	53B2	10
20A89	5D6F	10
20A89	5D73	8
20A8A	5EC9	10
20A8B	539A	10
20A8C	5EB6	10
20A8D	6182	10
20A9B	5EB6	10
20A9C	5EB6	10
20A9D	5960	10
20A9E	539D	10
20AA5	539F	14
20AA5	6E90	8
20AA8	5EDB	10
20AA8	913D	8
20AAB	4F10	8
20AAD	5ED2	2
20AB0	539F	14
20AB0	6E90	8
20AB3	864E	10
20AB9	750D	10
20ABF	8823	8
20AC8	7F7D	8
20ACE	521D	10
20AD0	4EAC	8
20AD0	4EB0	8
20AD0	539F	10
20AD0	6E90	8
20AD4	80B1	10
20AD5	5DE8	10
20AD5	6998	8
20AD5	77E9	8
20AD9	7A79	10
20ADA	725F	10
20ADE	514A	8
20ADE	514C	10
20ADF	53BB	10
20AE0	5F92	10
20AE4	541D	10
20AE4	608B	8
20AE5	53BB	10
20AE6	5E1D	10
20AE9	4E89	2
20AE9	722D	10
20AEA	516D	10
20AEB	83EF	10
20AEC	5E7D	10
20AED	53C2	2
20AED	53C3	10
20AF0	4E09	8
20AF0	53C2	2
20AF0	53C3	10
20AF1	4E9D	8
20AF1	6589	10
20AF1	9F4A	10
20AF5	53C2	2
20AF5	53C3	10
20AF9	5358	8
20AF9	55AE	8
20AFA	5E74	10
20AFB	755A	10
20AFC	4E9D	10
20AFC	6589	2
20AFC	9F4A	10
20B00	755C	10
20B02	659D	10
20B07	5F03	10
20B07	68C4	2
20B0E	9F4E	10
20B10	81CD	10
20B11	53BB	10
20B18	97F2	8
20B18	9F4A	8
20B18	9F4F	8
20B1A	5B84	10
20B1B	6BB3	8
20B1C	6273	8
20B1C	6500	8
20B1E	53CE	1
20B1E	5EFE	2
20B1F	53B6	8
20B1F	53B7	10
20B1F	80B1	10
20B21	4EEE	8
20B21	5047	8
20B21	53CD	10
20B26	7847	8
20B27	53CE	2
20B27	6536	10
20B29	20B1D	10
20B2D	602A	10
20B2D	6060	8
20B2F	5E0C	10
20B31	76AE	10
20B32	53DF	8
20B38	6C92	8
20B39	5E0C	14
20B3A	53CB	10
20B3B	5949	10
20B3C	5954	10
20B3F	5175	10
20B40	82E5	10
20B41	5F97	10
20B47	755D	2
20B4A	53DA	10
20B4C	6851	10
20B4C	6852	8
20B4D	66F4	10
20B4E	5553	10
20B4F	4E8B	10
20B54	5742	8
20B54	962A	10
20B55	594F	10
20B56	6562	10
20B5B	5F01	10
20B61	594F	10
20B63	3E60	8
20B63	8C5A	8
20B67	53D7	10
20B68	6851	10
20B68	6852	8
20B70	91D0	8
20B71	5289	10
20B72	63DA	10
20B73	5EB7	10
20B75	58FD	10
20B75	5BFF	2
20B76	85A6	10
20B7B	5EB8	10
20B81	6BBA	10
20B89	53E1	10
20B89	777F	8
20B8B	50AC	10
20B8D	635C	2
20B8D	641C	10
20B8E	5DEB	10
20B91	97A0	10
20B93	5909	2
20B93	8B8A	10
20B95	6182	10
20B97	4E71	2
20B97	4E82	10
20B98	658E	8
20B98	9F4B	8
20B9A	53E3	10
20B9B	65E8	10
20B9E	5401	10
20BA1	53EA	14
20BA2	53F3	10
20BA3	543E	10
20BA5	53EC	10
20BA6	53EC	14
20BAA	53EB	10
20BB1	5401	10
20BB2	5401	10
20BB7	5409	7
20BC1	8DB3	10
20BC9	4E9F	10
20BC9	710F	8
20BCA	5401	10
20BCC	541D	10
20BCC	608B	8
20BCF	5403	10
20BD1	820C	10
20BD2	5316	10
20BD5	751A	10
20BD7	553C	8
20BDA	8352	10
20BDD	8A46	2
20BDE	8A46	2
20BEE	54C1	10
20BF5	5449	10
20BF6	5474	10
20C06	5403	10
20C09	662D	2
20C0C	6CAB	8
20C0E	76AE	10
20C13	5473	2
20C14	8B00	10
20C14	8B28	8
20C17	547C	10
20C1B	90DC	10
20C1D	546C	10
20C1E	590D	8
20C25	82E5	10
20C32	8FF0	10
20C36	738B	10
20C38	54BD	10
20C4E	8A46	2
20C56	8A0A	8
20C57	7C11	8
20C57	7C14	8
20C57	84D1	10
20C62	568A	10
20C67	8846	8
20C69	541B	10
20C6C	5468	10
20C6D	541B	10
20C6F	5750	10
20C70	541B	10
20C70	5468	4
20C71	8A46	2
20CAA	5443	8
20CAD	5466	10
20CAF	8AA8	10
20CB2	541D	10
20CB2	608B	8
20CB3	547B	10
20CB8	5583	10
20CB8	5A1A	8
20CB8	5AD0	8
20CBC	56D3	8
20CBC	9F67	10
20CC4	4A29	8
20CC4	970A	10
20CC4	9748	10
20CC5	554F	10
20CC6	54C9	10
20CC8	541D	10
20CC8	608B	8
20CEB	580B	10
20CEC	53E4	4
20CEC	59D1	4
20CEF	53F7	10
20CF1	8A0A	8
20CF7	547F	10
20CF9	5647	10
20CFA	541D	10
20CFA	608B	8
20CFB	541D	10
20CFB	608B	8
20D03	54ED	10
20D21	839E	10
20D22	58F0	10
20D22	8072	10
20D27	568C	10
20D29	7B95	10
20D2C	558B	10
20D2E	5674	10
20D30	6B27	10
20D30	6B50	10
20D31	80E1	2
20D32	6C93	2
20D34	553C	8
20D3D	541D	10
20D3D	608B	8
20D40	5E2B	10
20D41	8B8E	10
20D41	8B90	8
20D4A	5584	10
20D51	5474	10
20D52	5550	10
20D53	7384	10
20D62	7103	8
20D62	8D6B	10
20D65	609F	10
20D72	54FF	10
20D75	5535	10
20D77	542E	10
20DAE	5584	4
20DAE	559C	14
20DB0	595D	10
20DB3	5553	14
20DB5	675E	10
20DBA	54FD	10
20DBB	5066	4
20DBB	54A0	14
20DBC	53EB	10
20DBF	8B9E	2
20DC6	548B	10
20DCC	559E	10
20DCE	58FD	8
20DD4	55AA	10
20DD5	5439	10
20DD7	8AFA	10
20DD8	557E	10
20DDA	55C4	8
20DDB	7B95	10
20DDC	82DF	10
20DDD	559F	10
20DDF	583A	8
20DDF	754C	10
20DDF	754D	8
20DF0	5716	8
20DF8	5581	8
20DFB	6F02	10
20DFD	7B56	10
20E00	54AC	10
20E30	5466	10
20E35	53EB	10
20E36	55AA	10
20E38	5507	2
20E3B	553C	10
20E3F	65AD	2
20E3F	65B7	10
20E40	6F60	2
20E44	9837	8
20E45	54C4	10
20E48	513A	2
20E49	5617	10
20E49	751E	8
20E4E	70CB	10
20E4F	566A	10
20E4F	8B5F	10
20E54	5510	2
20E57	54F3	2
20E59	55AB	2
20E5B	54B3	10
20E5F	8B07	10
20E67	5546	10
20E68	6B82	10
20E69	7FA3	14
20E69	7FA4	10
20E8E	7F75	10
20E8F	557B	10
20E93	5540	10
20EA4	54F2	10
20EA4	5586	8
20ED6	661F	10
20ED6	76A8	8
20ED8	56BC	10
20EDA	8B28	10
20EDB	55FE	8
20EE3	55FE	10
20EE9	8A82	10
20EED	58F7	8
20EED	58FA	8
20EED	58FC	2
20EEE	55C7	10
20EEF	54F3	10
20EF0	961C	10
20EF3	55FD	2
20EF8	55E3	2
20F15	5504	10
20F1C	56D3	8
20F1C	9F67	10
20F23	555C	10
20F65	54BD	10
20F67	54A5	10
20F6B	5C88	8
20F6B	8C3A	8
20F6C	5462	10
20F71	8B07	10
20F74	5598	10
20F78	56C2	10
20F7A	569A	10
20F7E	5674	2
20F7F	5471	8
20F81	56C8	10
20F82	55C7	10
20F83	5546	10
20F84	5584	10
20F85	8981	10
20F88	6E38	10
20F88	904A	8
20F8A	553E	10
20F8B	89DC	10
20FA6	60B2	10
20FA7	755C	2
20FAF	56C2	10
20FB0	54BD	10
20FCA	55AB	10
20FCB	7CA4	10
20FCD	5538	2
20FD0	8B3E	2
20FD2	559D	10
20FD9	5486	10
20FDA	558B	10
20FE2	6D8E	8
20FE2	7FA8	10
20FE5	559F	10
20FE6	569A	10
20FE7	5546	10
21010	4F47	10
21010	7ADA	8
21012	5610	10
21013	4A29	8
21013	970A	10
21013	9748	10
2103D	559D	10
21041	559D	8
21043	8CFE	10
21050	55CC	10
21052	55AB	10
21068	5BFE	10
21068	5C0D	10
21069	97F5	8
21069	97FB	10
2106C	569A	10
2106D	5504	10
21098	5486	8
2109D	8AAD	10
2109D	8B80	10
2109E	56C8	10
210A4	55AA	10
210A5	5606	10
210A5	6B4E	8
210A6	5546	10
210A7	55AA	10
210A8	569A	10
210B6	78A3	10
210E0	5426	10
210E1	56A8	2
210E3	6226	10
210E3	6230	10
210E8	563B	10
210EB	53B3	10
210EB	56B4	10
210EC	5546	10
210ED	6B4C	10
210ED	8B0C	8
210EF	5510	10
21108	99A8	10
2110A	5403	10
21119	8CFE	10
2111A	5546	10
2111B	5668	10
2111C	56CA	16
21120	5598	10
2113B	61FF	2
21154	513C	10
2115A	569A	10
2115D	513C	10
2115F	5546	10
21161	8AE4	10
2116E	53B3	2
2116E	56B4	10
21170	5608	10
21174	53B3	10
21174	56B4	10
21176	9A2B	10
21178	8271	10
2117E	53B3	2
2117E	56B4	10
2118E	9766	10
21190	8271	10
21192	8271	10
211A0	65E5	10
211A1	8D77	10
211A7	7255	8
211A7	7A93	8
211A7	7A97	8
211A7	7ABB	8
211A8	826F	10
211B2	76EE	10
211B5	58FC	8
211B5	68B1	8
211B5	95AB	8
211B6	5E55	8
211B6	6A21	10
211B6	6A45	8
211B6	7CE2	8
211B8	65E5	10
211BB	56FD	2
211BB	570B	10
211BC	6302	8
211BC	639B	8
211BC	6DF5	10
211BC	6E0A	8
211BC	6E15	8
211BE	518F	10
211BF	56FD	2
211BF	570B	10
211C1	65E5	10
211C3	9091	10
211C7	518F	14
211C9	7B0F	10
211CA	5703	10
211CB	6DF5	10
211CC	56D8	8
211CC	56DE	10
211CC	5EFB	8
211CC	5EFD	8
211CC	8FF4	8
211CC	2231E	8
211CD	753B	10
211CD	756B	10
211CE	56F6	8
211CE	56FD	10
211CE	5700	8
211CE	570B	10
211D4	5A41	10
211D5	56FD	2
211D5	570B	10
211D7	65E5	10
211DB	76F4	10
211DB	900C	8
211E1	76EE	10
211E2	9762	10
211E3	53E4	10
211EA	7A96	10
211F2	5B2D	10
211F4	56F3	2
211F4	5716	10
211F6	90C3	8
211F9	6708	10
211FD	7159	10
211FE	5192	10
21207	56F3	2
21207	5716	10
2120B	58FC	8
2120B	68B1	8
2120B	95AB	8
2120D	96F6	10
2120E	65E5	10
21211	56F6	8
21211	56FD	10
21211	5700	8
21211	570B	10
21215	5708	10
21215	570F	10
21216	56F3	2
21216	5716	10
21218	5192	10
21219	56EE	10
2121A	7F6A	10
2121F	770B	10
21224	5712	10
21224	8597	8
2122A	6E80	2
2122A	6EFF	10
2122D	7344	10
21231	56EE	2
21237	7A1B	10
21238	56EE	10
21239	56FF	10
2123D	571F	2
2123F	659F	10
2123F	9159	8
21244	671B	8
21244	8056	10
21248	5728	10
2124A	57FA	10
21252	6258	4
21258	5C01	10
21259	588D	10
2125A	5C01	10
2125D	57FA	10
2125F	58EE	2
2125F	58EF	11
2126C	577B	10
2126E	7F51	8
21271	574D	10
21272	5747	14
21273	577B	10
21275	5146	10
21276	577B	10
2127B	57E3	2
21286	577B	10
21287	577B	10
21288	577B	10
2128B	5C01	10
2128E	5750	10
2128F	81F3	14
21299	5750	10
2129E	576A	10
212A3	4E18	10
212A3	5775	8
212A4	580B	10
212A5	5146	10
212A6	57A2	10
212AC	5751	10
212AC	962C	8
212AE	8881	10
212B4	6CE5	10
212B7	57A0	10
212BA	5F25	8
212BA	5F4C	8
212BA	6D0B	10
212BA	7030	8
212BD	5C01	10
212BE	5B85	10
212D7	2146D	2
212DB	4453	8
212DB	53F0	2
212DB	81FA	10
212DE	695C	8
212DE	80E1	10
212E0	5821	10
212EE	58BA	10
212EF	6872	4
212F0	582F	14
212F2	5750	10
212F3	57A0	10
212F4	57C8	8
212F4	5CFB	8
212F5	57FA	10
212F7	6C99	10
212F7	7802	8
212F8	58BA	10
21301	578B	10
21306	756C	10
21306	756D	8
21306	7572	8
21315	583D	10
21315	5CA1	2
21316	5751	10
21316	962C	8
21317	57B8	10
21318	9664	8
21319	5806	10
2131F	5793	10
21327	6DE4	10
21328	57E4	10
21329	5854	6
2132B	53F0	2
2132B	81FA	10
2132C	4453	8
2132C	53F0	2
2132C	81FA	10
2132E	57F9	10
21330	6CE5	10
21331	58BA	10
21333	57DF	10
21334	57F4	10
21338	57E4	10
21351	5730	10
21353	577B	10
21354	577C	10
21365	67F4	10
21365	7826	8
21369	577C	10
2136C	7766	10
2136D	58BE	10
2136E	5782	10
2136E	57C0	8
21371	81E7	10
21373	588D	10
21374	91CD	10
21375	5CFB	8
2137A	91CD	10
2137C	5857	2
2138E	58FB	10
2138E	5A7F	10
2138E	805F	8
21390	57F6	10
21390	84FA	8
21395	87FB	10
213AF	58DE	8
213B2	53F0	2
213B2	5802	8
213B2	81FA	10
213B5	7826	10
213B6	761E	10
213B8	83EB	10
213BD	90DB	10
213C2	5EDB	10
213C7	5730	10
213D7	591A	10
213D7	591B	8
213E9	6566	8
213F2	588D	10
213F4	57A0	10
213F6	58B3	14
21409	53F0	2
21409	81FA	10
2140E	58F7	10
2140E	58FA	10
21410	580B	10
21411	7766	10
21415	57E4	10
2141B	5879	10
2141B	58CD	8
2141F	58BA	10
21421	57ED	10
21422	7CDE	10
21423	4F0F	8
21426	5815	10
21426	58AE	10
21426	96B3	8
21429	821C	10
2142A	5875	8
2142B	5B50	10
2143E	57DE	8
2143E	5824	10
2143E	9684	8
21449	4F0F	8
2144A	57F5	10
2144F	58D4	10
2145E	96A7	12
2145F	7AA9	8
21460	57F4	10
21462	581E	10
21463	5800	8
21463	7A9F	10
21464	88F8	10
21466	66FC	10
21477	58D2	10
2147A	671B	8
2147A	8056	10
21482	6BC0	10
21483	58BA	16
21486	5861	10
21488	5800	8
21488	7A9F	8
21489	81E7	10
2148B	589D	2
2148E	9014	10
21492	719F	10
21493	6ABB	8
21496	588D	10
214A3	5890	10
214A4	81E7	10
214A8	6BAF	10
214B0	5730	10
214B2	5875	2
214BF	5730	10
214D1	57FB	10
214DA	58BE	10
214DB	58D1	10
214E3	57FB	10
214E4	584A	10
214E4	96A4	8
214EC	5730	10
214F1	58C5	10
214F2	584C	8
214F5	5BC5	10
214F6	569A	10
214FC	58D1	10
21502	585E	10
21502	5BE8	8
21508	521D	10
2150A	587E	10
2150B	58A9	10
2150B	58AA	8
2150F	58C5	10
21518	5875	2
21519	9E81	8
21519	9EA4	10
2151A	5875	10
2151D	58F0	8
2151D	78EC	10
2151E	5984	10
2151F	51ED	10
21524	7C11	8
21524	7C14	8
21524	84D1	10
21525	58F7	10
21525	58FA	10
21526	58F7	10
21526	58FA	10
2152C	8F09	10
2152F	3402	8
2152F	559C	14
21530	590F	10
21533	58F7	10
21533	58FA	10
21536	58FC	10
21537	9F13	10
21539	58F1	2
21539	58F9	10
2153B	4D77	8
2153B	86D9	10
2153B	9F03	8
2153C	4453	8
2153C	53F0	2
2153C	81FA	10
2153E	58F1	2
2153E	58F9	10
21546	61FF	10
2154B	58F1	2
2154B	58F9	10
2154C	58F1	10
2154C	58F9	10
2154D	58F1	2
2154D	58F9	10
2154E	8827	10
2154E	8839	10
21551	5114	10
21553	4E9D	8
21553	6589	10
21553	9F4A	10
21555	5B66	10
21555	5B78	10
21555	6588	8
21556	5905	8
21556	5906	10
21558	7262	10
2155A	8990	8
2155A	899A	10
2155A	89BA	10
2155B	9EC3	10
2155B	9EC4	10
2155C	5C48	10
2155D	5F99	10
2155F	592D	10
2155F	9EA6	4
21563	9577	10
21568	590D	8
2156F	8981	10
21572	52DD	10
21574	5FA9	8
21579	8981	10
2157A	5FA1	10
2157B	590F	10
2157B	6630	8
2157C	5A5A	10
2157D	5A5A	10
2157E	590F	10
2157F	5914	8
2157F	8641	8
21580	5A5A	10
21581	97A0	10
21584	5916	10
21585	536F	8
21585	5918	8
21585	9D1B	8
21586	5919	4
21587	591A	10
21587	591B	8
21588	591A	10
2158A	5919	10
2158B	4EA6	10
2158D	591C	10
21595	5919	10
21596	537F	10
21596	90F7	8
21596	9115	8
21597	70CF	10
2159F	87AD	8
215A9	591A	10
215A9	591B	8
215B0	79FB	10
215B4	606D	10
215B8	5924	10
215BF	5925	10
215C3	70CF	10
215D2	592C	10
215D3	7ACB	10
215D5	4EA6	10
215DD	5937	10
215DF	4ECB	10
215E0	5185	10
215E1	9752	10
215E2	5938	10
215E2	672C	8
215F4	5938	10
215F4	672C	8
215FA	8ECD	10
215FD	8ECD	10
215FE	5449	10
215FF	5449	10
21602	5957	10
21606	5938	10
21606	672C	8
2160B	4E26	8
2160B	7ADD	8
21620	7262	10
21624	5944	10
21629	5764	10
21629	5DDB	8
2162B	7A4F	14
2162B	7A69	14
21632	5E55	8
21632	6A21	10
21632	6A45	8
21632	7CE2	8
21635	58F1	10
21635	58F9	10
21636	594F	10
21637	5957	10
21639	5944	14
2163A	57F7	10
2163A	77E3	8
2163B	8861	10
2163C	745F	10
21641	723D	10
21647	6B20	2
21647	7F3A	2
21648	5831	10
21649	8861	10
2164A	771E	10
2164A	771F	2
2164C	6CF0	10
2164E	6648	8
2164E	768E	10
2164F	8861	10
21655	57F7	10
21655	77E3	8
21657	5969	2
2165A	8F09	10
2165C	596A	10
2165D	97CB	10
2166B	4ED0	8
2166B	5098	10
21678	596A	10
21679	594F	10
2167A	8F09	10
2167B	65E0	8
2167B	6A46	8
2167B	7121	10
21681	5F0A	10
21686	6B20	2
21686	7F3A	10
21686	7F3C	8
21686	21647	10
21688	97CB	8
21689	745F	10
2168C	7D50	10
2168F	55AA	10
21690	596D	10
216A7	59A3	10
216B8	59BB	2
216B9	5974	4
216BB	5996	4
216BD	597D	2
216BE	59DD	2
216CD	48B5	2
216CD	9116	2
216CE	59A5	10
216D9	5466	4
216F7	59C9	10
216F9	7CB2	10
21704	5A9F	10
21708	59BB	10
2170A	80DA	8
2170C	59BB	10
2170D	5AC9	10
2170E	596A	10
2171B	59BB	10
2171C	59CD	8
2171C	8A15	10
2171F	598A	10
2171F	59D9	8
21729	59DE	10
2172D	59FB	10
21730	5A41	10
21737	5B2A	10
21738	5C62	10
2173D	59BB	10
2174C	5A20	10
2174E	5978	10
2174E	59E6	8
2174E	59E7	8
2174F	5B2A	10
21751	5983	10
2175E	5983	10
21764	5A41	10
21765	5A9F	10
21768	5A41	10
21769	5996	10
21769	7945	8
2176A	5A5A	10
21790	8058	10
21793	599D	10
21793	7CA7	8
21794	5A41	10
217A4	5AE5	10
217A9	48B5	2
217A9	9116	2
217D1	5589	4
217D4	6B32	10
217D6	5A46	10
217E6	5A1C	10
21810	5B0B	10
21816	66AD	4
2181E	FA13	4
21822	622E	10
21838	58FB	8
21838	5A7F	10
21838	805F	8
21842	6A23	4
2184B	5A41	10
21855	21706	8
21859	5AA0	8
21859	60F0	2
2185A	5A9A	10
2185B	76DB	10
2185C	9E97	10
2185F	60A9	10
2185F	60F1	10
2187C	5A41	10
2187E	5A9A	10
2187F	5AE1	10
21883	5AFA	3
21889	5B2C	10
21893	5AA7	10
21894	5B34	10
21897	8981	10
2189B	5B4C	10
218A3	5B34	14
218B5	7A88	10
218C6	5AF5	10
218CD	5B34	14
218D0	9F17	10
218D1	5B2A	10
218D5	5B2A	10
218E9	5A46	10
218F0	5B19	10
218F1	60F8	8
218F3	5B45	10
218FF	8944	10
21900	48B5	2
21900	9116	2
21901	5B2A	10
2190F	5A9F	10
21918	5B2D	10
2191A	5AD6	10
21923	5B4C	10
21924	9460	10
21925	5135	10
21928	5B4C	10
21938	8276	10
21938	8277	10
21938	8C54	8
2193C	5B51	8
2193E	5B6B	10
2193F	5B54	10
21940	4FDD	2
21940	5B5F	8
21943	597D	10
21945	5B58	10
21946	597D	10
21947	5B5B	10
21949	5B5D	2
2194F	54F1	8
2194F	602B	8
2194F	6096	10
21950	4F7F	10
21951	8822	10
21957	5B55	10
2195B	6B8A	10
2195C	5B57	10
2195D	5B73	10
2195E	5B5B	10
21968	3B1C	8
21968	6649	8
2196A	4FE1	10
2196D	5B75	2
21977	7280	10
2197A	59EA	10
21983	60F8	8
2198B	5B6F	10
21991	69FB	10
21997	5B7A	10
21998	5B7A	10
219A0	5B63	10
219A1	5835	10
219A3	5B7C	8
219A3	5B7D	8
219A9	539A	10
219B9	5B98	10
219BD	7F54	10
219BE	5BB6	8
219BE	7A81	10
219BF	7D42	10
219C3	5B87	2
219C7	5B83	16
219C8	3762	8
219C8	5B87	10
219CB	8CA7	10
219CC	5B84	10
219CE	8CD3	10
219CF	7F54	10
219D6	5B9F	2
219D6	5BE6	2
219D8	5BC2	10
219DA	5BB6	10
219DA	7A81	8
219DC	5B85	10
219E2	5B8D	8
219E2	8089	10
219E3	5B8F	2
219E3	5B95	4
219E4	5BC2	10
219EA	5B85	2
219EB	5B84	10
219ED	5371	4
219EF	5BC2	10
219F0	5B9F	2
219F0	5BE6	2
219F1	5BB3	10
219FA	5B98	10
219FB	82E5	10
21A02	5BE4	10
21A03	6C42	2
21A04	7F45	2
21A06	519D	8
21A06	5B9C	10
21A07	97FF	10
21A07	9909	8
21A08	5BA3	10
21A09	6BEB	10
21A0A	8654	10
21A0B	51A5	10
21A0B	669D	8
21A0E	53DF	8
21A0F	8ECD	10
21A13	6817	10
21A14	5BB0	10
21A1A	5BC3	1
21A1C	5BC2	10
21A1E	5BDD	2
21A1E	5BE2	10
21A22	5C45	2
21A25	51A6	12
21A25	5BC7	12
21A26	5BDD	2
21A26	5BE2	10
21A27	5BB0	14
21A28	53DF	8
21A34	5BE7	10
21A34	752F	8
21A36	51A5	10
21A3C	53DF	8
21A3D	7701	8
21A3E	7159	10
21A40	7BC6	10
21A41	89AA	10
21A45	5BB6	10
21A45	7A81	8
21A48	82D7	10
21A49	56AE	10
21A4F	8CD3	16
21A59	5BB6	10
21A59	7A81	8
21A5F	5BC5	10
21A66	5BA3	10
21A67	5B9D	10
21A67	5BF3	8
21A67	5BF6	10
21A68	5BE9	10
21A6A	5BC5	10
21A6D	7CA4	10
21A77	5BB4	10
21A7B	5BD6	8
21A7B	6D78	10
21A7F	585E	10
21A7F	5BE8	8
21A80	519D	8
21A80	5B9C	10
21A81	557D	2
21A82	91D0	10
21A83	5965	10
21A83	5967	10
21A83	5DB4	8
21A84	8CAF	10
21A86	97FF	10
21A86	9909	8
21A8E	5922	10
21A8E	68A6	8
21A8F	5BA3	10
21A93	5B9D	10
21A93	5BF3	8
21A93	5BF6	10
21A96	5B93	8
21A96	5BC6	10
21A9B	8CD3	10
21A9F	60FA	10
21AA1	7ABE	10
21AA4	5BB0	10
21AA5	56AE	10
21AB4	5BBF	10
21ABE	5BD3	12
21ABF	5965	10
21ABF	5967	10
21ABF	5DB4	8
21AC4	7A76	10
21AC5	8CD3	10
21AC6	58BB	8
21AC6	7246	10
21AD2	5BDD	2
21AD2	5BE2	10
21ADC	5BD2	10
21ADE	8E30	10
21AE9	585E	10
21AE9	5BE8	8
21AED	97A0	10
21AEE	5BD2	10
21AEF	5BE5	2
21AF7	5B9D	10
21AF7	5BF3	8
21AF7	5BF6	10
21AFE	5BD2	10
21B05	985A	2
21B11	5BE4	8
21B12	5BF1	10
21B13	5BDD	10
21B13	5BE2	10
21B1A	64E0	10
21B1B	5BE7	10
21B1D	7B49	10
21B1F	53D4	14
21B20	7235	10
21B27	53D4	10
21B28	5951	10
21B2A	8010	10
21B2C	522A	10
21B2E	57A8	8
21B2E	5B88	10
21B2F	8CB6	10
21B30	5C0B	10
21B31	4EAC	10
21B31	4EB0	8
21B31	539F	8
21B31	6E90	8
21B34	57A8	8
21B34	5B88	10
21B36	5C0B	8
21B39	9053	10
21B3B	5C0B	10
21B3D	527D	10
21B3E	6A39	10
21B41	622E	10
21B46	5C0A	10
21B48	5289	10
21B4A	5BFE	2
21B4A	5C0D	10
21B4C	8CBF	10
21B4E	5C0E	10
21B51	5C0E	10
21B52	6CBB	10
21B53	527D	10
21B55	793A	10
21B57	5C12	3
21B57	723E	2
21B59	8CB4	10
21B5D	7C73	10
21B5F	4E9B	10
21B60	5F53	10
21B60	7576	10
21B69	7B46	10
21B6B	53D4	10
21B6F	9EBC	10
21B6F	9EBD	10
21B74	9699	2
21B79	5999	2
21B79	7385	10
21B7D	9699	2
21B80	7701	10
21B81	5351	10
21B8E	51C9	10
21B8E	6DBC	2
21B90	5C0F	10
21B95	858F	10
21BA1	9EBC	10
21BA1	9EBD	8
21BA7	66C1	8
21BB1	9699	10
21BC1	5C22	1
21BC2	5C22	2
21BC2	5C23	1
21BC9	53C8	10
21BCA	5C22	8
21BCA	5C24	10
21BCE	5C28	2
21BCE	7ADC	8
21BCE	9F8D	8
21BE5	867A	10
21BE9	75DF	10
21BED	5C22	8
21BED	5C23	8
21BED	5C29	10
21BED	5C2B	8
21BF2	5C29	10
21BF2	5C2B	8
21BF6	5C31	10
21BF7	51A6	8
21BF7	5BC7	10
21C12	5C30	10
21C14	5C31	10
21C15	5C30	8
21C17	5C31	10
21C1C	5C31	10
21C23	5C38	10
21C24	6B79	10
21C24	6B7A	8
21C25	5937	2
21C29	826F	10
21C2A	8C5A	10
21C2C	8EAB	10
21C2D	592D	10
21C2E	6B79	10
21C2E	6B7A	8
21C2F	8C55	10
21C31	5C3C	10
21C36	770B	10
21C38	5C50	10
21C3B	76AE	10
21C3C	5C3B	10
21C40	514B	10
21C41	5C4E	10
21C42	81C0	8
21C48	5C40	10
21C4D	9AB8	10
21C4E	80A9	10
21C52	81C0	8
21C53	5C3E	10
21C54	65E8	10
21C55	5C3E	10
21C5D	7280	10
21C60	514B	10
21C62	7AE2	10
21C64	5C3F	10
21C65	8127	8
21C66	5C63	2
21C67	5C3B	10
21C68	8F9C	10
21C72	5C3E	10
21C74	5C3F	10
21C7A	7D47	10
21C82	6B82	10
21C83	5C4B	10
21C8C	5C3C	10
21C91	5C4E	10
21C92	5C48	10
21C94	5C4E	10
21C96	5C4E	8
21C96	77E2	8
21C96	7B36	8
21C98	5C3F	10
21C99	54BD	10
21C9C	6241	2
21C9D	62FD	10
21C9D	66F3	2
21C9E	8F9C	10
21C9F	5C65	10
21CA0	7834	10
21CA1	5F82	10
21CA3	5905	8
21CA3	964D	10
21CA9	5C41	10
21CA9	259D4	8
21CAC	5C48	10
21CAF	594F	10
21CB1	594F	10
21CB2	9774	8
21CB2	97BE	8
21CB3	6EBA	10
21CB4	5F99	10
21CB5	5C3E	10
21CB6	5C48	10
21CBB	7FA3	10
21CBB	7FA4	10
21CC5	6112	2
21CC6	89B0	2
21CC8	821C	10
21CC9	821C	10
21CCD	7D47	10
21CD0	5C65	8
21CE1	594F	10
21CEB	697C	10
21CEB	6A13	10
21CEC	5EEC	10
21CFF	4E4B	10
21CFF	829D	8
21D00	4E30	10
21D01	53C0	10
21D02	6500	10
21D04	5E02	10
21D0B	6BCE	2
21D0B	6BCF	10
21D0C	7532	10
21D0F	9752	10
21D10	9752	10
21D11	9752	10
21D13	601D	10
21D15	6BCE	2
21D15	6BCF	2
21D16	5357	10
21D18	5E78	10
21D1B	6BD2	10
21D1C	613C	10
21D1C	614E	10
21D1D	594F	10
21D1F	5357	10
21D21	672C	10
21D24	624B	10
21D25	79BB	2
21D26	718F	10
21D26	71FB	8
21D27	55AA	10
21D28	594F	10
21D29	672C	10
21D2C	62DC	10
21D2C	62DD	2
21D30	6248	10
21D31	6248	10
21D32	5371	10
21D33	5CB3	2
21D33	5DBD	10
21D38	5371	10
21D3C	5C8A	10
21D3E	5C7A	3
21D41	5371	10
21D4F	53C0	10
21D53	5DB8	14
21D5A	754D	4
21D5E	5CEF	14
21D5E	5CF0	10
21D6E	5CBB	10
21D6F	6B65	10
21D6F	6B69	10
21D70	6D41	10
21D73	82AC	16
21D79	5CB3	10
21D79	5DBD	8
21D7A	5CA3	10
21D7C	70AD	14
21D7E	8C37	10
21D84	5486	4
21D85	5761	10
21D87	5B93	8
21D87	5BC6	10
21D8A	9641	10
21D8D	5009	10
21D92	5CAA	2
21D93	5CB3	2
21D93	5DBD	10
21D9C	37C1	2
21DA4	7528	10
21DA9	583D	8
21DA9	5CA1	10
21DAC	583D	8
21DAC	5CA1	10
21DB3	5CB3	2
21DB3	5DBD	10
21DB6	5CF0	2
21DB8	5C71	10
21DC5	5CEF	10
21DC5	5CF0	10
21DC7	5CA1	10
21DC9	9752	10
21DCC	5D29	10
21DD2	5CB3	10
21DD2	5DBD	10
21DDB	5CB8	8
21DE6	5C8A	10
21DE7	5D1F	10
21DE8	9658	8
21DE9	5782	10
21DE9	57C0	8
21DEA	51DD	10
21DEE	4F7F	10
21E01	5782	10
21E01	57C0	8
21E13	7F8C	10
21E13	7F97	8
21E16	37F4	10
21E16	5D6C	2
21E1E	574E	10
21E20	5806	10
21E21	5CC7	2
21E27	5CB7	10
21E27	6C76	8
21E2C	5806	10
21E35	5D22	10
21E43	5D1A	10
21E46	6BD2	10
21E4A	57A0	10
21E4B	5CB7	10
21E4B	6C76	8
21E4F	5CA1	2
21E4F	5D17	10
21E54	5D29	10
21E6B	5770	10
21E6E	5D26	10
21E7A	5CED	10
21E7D	7F8C	10
21E7D	7F97	8
21E92	6182	10
21E99	6CC9	10
21E99	6D24	8
21E99	6E76	8
21EA1	76C8	10
21EB2	57C8	8
21EB2	5CFB	8
21EB6	585E	10
21EB6	5BE8	8
21EBE	5806	10
21EBF	5D1A	10
21EC5	3800	8
21EC5	5CF6	8
21EC5	5D8B	10
21EC5	5D8C	8
21EC5	5DB9	8
21ECB	5800	8
21ECB	7A9F	10
21ECD	5CE8	10
21ECD	5CE9	8
21ECE	5DB2	8
21ED5	6B73	10
21ED7	5DD3	10
21EF2	7766	10
21EF4	57C8	8
21EF4	5CFB	10
21EFE	6C11	10
21F0B	37E2	8
21F0B	5D0E	10
21F0B	5D5C	8
21F0B	FA11	8
21F10	5CB7	10
21F10	6C76	8
21F14	5D06	10
21F15	57C8	8
21F15	5CFB	8
21F18	594F	10
21F19	5D0B	8
21F1D	58B3	10
21F25	6F97	10
21F3C	6F6E	10
21F48	5800	10
21F48	5D1B	8
21F48	7A9F	8
21F53	5D6F	10
21F53	5D73	8
21F54	6B6F	10
21F54	9F52	10
21F58	8DEF	14
21F61	5DC9	10
21F64	5D99	10
21F65	5CE8	10
21F65	5CE9	10
21F6C	5DBC	10
21F7A	5CB3	10
21F7A	5DBD	10
21F7D	718F	10
21F7D	71FB	8
21F86	5CC9	10
21F8D	5B9F	2
21F8D	5BE6	10
21F91	5D6F	10
21F91	5D73	8
21FA7	5DB2	8
21FB7	78CA	10
21FC1	5DCD	8
21FC6	5DCD	8
21FCC	66C6	8
21FCC	6B74	2
21FCC	6B77	10
21FD5	5DD8	8
21FD8	5D92	10
21FE3	5DC9	10
21FE6	5764	2
21FE6	5DDB	1
21FE7	707D	10
21FE7	707E	8
21FED	5764	10
21FED	5DDB	8
21FEE	342C	8
21FEE	4E91	8
21FEE	20AD3	10
21FF1	5DE0	10
21FF3	9F20	2
21FF3	9F21	3
21FF7	9095	10
21FF8	7B95	10
21FF9	5B50	10
21FFA	8133	2
21FFA	8166	2
21FFB	4E51	8
21FFB	8846	10
21FFD	5DE1	10
22000	7ADC	10
22000	9F8D	10
22002	5DE4	10
22003	8F09	10
22007	5B50	10
22008	5B50	10
22009	5B50	10
2200E	6CB3	2
2200E	6CBA	8
22010	5B73	10
22011	5DE8	10
22011	6998	8
22011	77E9	8
22012	5DF1	10
22013	5DE8	10
22013	6998	8
22013	77E9	8
2201C	5DE9	8
2201C	978F	8
2201D	65B0	10
22020	5DEE	10
22021	96B3	10
22023	5DEB	10
22029	5DEE	10
2202F	521D	10
22034	5384	10
22037	537A	8
22039	6715	10
2203F	537A	10
22043	8E8B	10
22044	57F7	8
22044	77E3	8
22044	8CE2	8
22045	5DFD	10
2204C	5DFD	10
22050	5BC5	10
22052	5E06	2
22053	4EA5	10
22053	8C55	10
22054	5F5C	8
22054	5F5D	10
22059	5E03	10
2205B	6BBA	10
22066	6787	4
22068	5C39	10
2206B	5E0C	10
2206D	4E07	2
2206D	842C	10
22070	79B9	8
22073	4EA5	10
22074	7CFB	10
2207A	4E55	8
2207A	864E	10
2207C	891A	8
22082	9599	8
22082	9B27	10
22087	5E1D	10
2208B	4EAC	10
2208B	4EB0	8
2208B	539F	8
2208B	6E90	8
22091	62ED	10
22096	5E2B	10
2209A	5353	10
2209F	5C39	10
220A5	88C2	8
220A6	5353	10
220AB	5C39	10
220AC	5C39	10
220AE	5E19	10
220AF	4EA6	10
220B2	7D8C	2
220B4	5E5F	10
220B8	5E2F	10
220B8	5E36	10
220BD	88D9	10
220C1	5C39	10
220C2	5C39	10
220C6	88D9	10
220CB	5E2B	10
220D6	5E6C	10
220D9	51A0	10
220DA	890C	10
220E8	4FAF	10
220F2	7DD9	10
220F5	5C39	10
220F6	7E9B	10
220F7	725F	10
220F9	5C39	10
22106	7B56	10
22109	3E60	8
22109	8C5A	10
2210B	7E08	2
2210F	4E07	10
22115	79BD	8
22116	7570	10
22117	7D45	10
22117	7D97	8
22118	9010	10
2211B	5E6C	10
22125	8084	10
2213B	7E56	8
2213E	76DF	10
2213F	69D6	10
2213F	6A50	10
22142	5E6C	10
2214D	69D6	10
2214D	6A50	10
22152	8892	2
22153	5E6D	10
22154	891A	8
22159	5E58	10
2215B	7ADC	10
2215B	9F8D	10
2215E	7DA0	10
2215E	7DD1	10
22161	8964	2
22162	635C	2
22162	641C	2
22166	5E30	10
22166	6B78	10
22166	7688	8
22168	5E30	10
22168	6B78	10
22168	7688	8
22171	5E6C	10
22178	5333	2
2217D	5E56	2
22187	99F1	10
22189	2634C	8
2218A	6C40	14
2218D	81FF	10
2218E	5E78	10
22191	53D4	10
22192	6226	2
22192	6230	10
22199	5E77	10
2219B	5E75	10
221AF	7384	10
221AF	7CF8	10
221B0	6C10	8
221B2	5E7C	10
221BB	5E7E	10
221BC	5E7E	10
221BF	7DE6	10
221C0	6CE5	10
221C3	7CF8	2
221C3	7D72	10
221C6	7DE6	10
221CA	7D39	10
221CD	65B7	8
221CD	7D76	10
221CF	5F5D	10
221D1	5E7D	10
221D4	6709	10
221D6	5B73	10
221D7	5EC8	8
221D9	5ED9	10
221DC	5EE1	10
221DD	5E95	10
221E3	5969	10
221EA	756A	10
221ED	5FDC	6
221ED	61C9	14
221EF	5E9C	10
221FA	6243	10
221FB	77E5	10
221FC	9B3C	10
22217	5E7C	10
22218	9E7F	2
2221F	7AE2	10
22225	89AA	10
2223A	5EE9	10
2223B	758C	8
2223F	6216	10
22240	6F0F	10
22248	58BB	8
22248	7246	10
22256	9E7F	10
22256	22218	8
22259	5EB6	10
22260	5B87	10
22261	7AE2	10
22263	5B9F	2
22263	5BE6	10
2226C	9EDF	8
22274	50B4	10
22276	8150	10
22283	761E	2
22286	66A6	8
22286	66C6	8
22286	6B74	10
22286	6B77	10
2228A	5EB5	10
2228E	745F	10
22299	936B	10
22299	936C	10
2229D	6062	10
222AA	5EB7	10
222AD	79E9	10
222B4	5969	10
222B5	9F3B	10
222BB	907C	10
222C0	8A3E	10
222C1	5ECF	8
222D1	5EE1	10
222D4	5969	8
222DC	8731	8
222DC	87B5	8
222E6	55C7	10
222E8	5EDB	10
222E8	913D	8
222EA	864E	10
222ED	53B2	10
222EF	5EC9	10
222F0	5EE1	10
222FD	5ED3	10
22300	893B	10
22302	5EC8	8
22305	913D	16
22307	3CD2	8
22307	6CD5	8
22307	704B	8
22309	5EC8	8
2230B	5EE1	10
22311	7CDC	10
22313	5ED3	10
2231B	5F81	10
2231D	8D81	10
2232C	4E5D	10
2232D	7B49	10
2232F	583A	8
2232F	754C	10
2232F	754D	8
22331	4E0E	2
22331	8207	10
22334	5DFD	10
22335	6212	10
22338	5F08	10
2233A	7B97	10
2233C	627F	10
2233E	5F08	10
2233F	7540	10
22342	9F3B	10
22343	5954	14
22344	601D	10
22345	5950	10
22346	5951	8
2234D	5F01	10
2234E	8A70	2
2234E	8AA5	10
2234F	20509	8
22350	7D42	10
22352	20509	8
22354	5F07	10
22357	8A00	10
22358	5F01	10
22359	5F01	10
2235C	5C0A	10
2235D	8803	8
2235D	8821	10
2235E	68C4	10
22360	5951	10
22362	5965	6
22362	5967	14
22362	5DB4	8
22367	7F6E	10
2236C	8A00	10
2236E	5DEB	10
2236F	8208	10
22372	9075	10
22373	5DFD	10
22377	66A6	2
22377	66C6	10
22377	6B77	8
22378	64CE	10
2237A	5F0B	10
2237B	620E	8
22381	6B66	10
22387	707D	10
22387	707E	10
2238A	5F11	10
2238D	5F11	10
22390	4E8C	10
22390	5F0D	8
22391	6234	10
22392	77F0	10
22393	5F11	10
22397	4E43	2
22397	5F13	1
2239A	5F3E	10
2239A	5F48	10
2239C	53CA	2
2239C	5F13	1
2239D	5F3E	2
2239D	5F48	10
2239F	7BC0	10
223A2	5F15	10
223A3	5F14	10
223A4	5C04	10
223A5	5377	8
223A5	5DFB	8
223A5	7CFA	8
223A5	7CFE	10
223A6	6BB3	10
223A7	4E43	10
223A8	540A	8
223A8	5F14	10
223AB	5F3E	10
223AB	5F48	10
223AC	5F3E	2
223AC	5F48	10
223AE	6C10	10
223AF	5937	10
223B1	540A	8
223B1	5F14	10
223B9	592C	8
223BA	5F26	10
223C7	5F3C	10
223D2	5782	2
223D3	54C2	10
223D6	7FBF	10
223E6	65CF	8
223E9	4E43	10
223EF	7307	4
223F1	5F2D	8
223F2	5F3D	10
223F8	5F26	10
223FC	5F3D	10
223FD	70BA	10
223FD	7232	10
22400	5F3C	10
22401	5F26	10
22405	5F31	8
22407	5F3D	10
22408	5F3C	10
2240B	5F1B	10
2240C	9917	10
2240F	5F1B	10
22413	93D8	10
2241D	5F3C	10
22421	5F3C	10
22424	5F3C	10
22427	6AA0	10
22428	7092	10
2242D	559C	10
2242F	7FB2	10
22434	9CF3	10
22439	9958	10
2243A	7092	10
2243B	5F34	10
2243C	7151	10
2243C	716E	10
22440	5F25	10
22440	5F4C	10
22441	5F47	10
22441	7C2B	8
22443	5F25	2
22443	5F4C	2
2244C	7FAE	8
2244C	7FB9	8
2244D	7CA5	2
2244D	9B3B	10
22450	5F53	3
22450	7576	2
22451	591A	10
22451	591B	8
22451	82BB	8
22452	597D	10
22454	7587	10
22455	52E0	10
22456	65E9	10
22457	5F54	10
22458	9B45	10
22459	9B45	10
2245A	7533	10
2245B	9B3D	10
2245C	7574	8
2245C	7587	10
22463	5F58	10
22464	5F59	10
22464	732C	8
22464	875F	8
22468	8086	10
22469	8084	10
2246A	3E83	8
2246A	72D7	10
2246B	76BA	10
2246D	5F59	10
2246D	732C	8
2246D	875F	8
2246F	5F59	8
2246F	732C	8
2246F	875F	10
22470	591A	10
22470	591B	8
22471	5F5C	8
22471	5F5D	10
22472	5F5C	8
22472	5F5D	10
22473	4417	8
22473	732A	10
22473	8C6C	8
22475	7FFB	10
22477	5F59	10
22477	732C	8
22477	875F	8
22478	8C6A	10
22479	58F7	10
22479	58FA	10
2247D	90A3	10
2247F	56CA	10
22483	65BD	10
22484	5DE5	10
22488	5F62	10
2248A	5F66	10
2248F	88DC	10
22491	7965	10
22495	8AF8	10
22496	5F67	14
22497	99AC	10
2249B	5909	10
2249B	8B8A	10
2249C	5F6A	10
2249F	5909	2
2249F	8B8A	10
224A0	99AC	10
224A1	687C	10
224A1	6F06	2
224A4	6EB7	10
224A5	4E29	10
224A6	5909	2
224A6	8B8A	10
224A7	99AC	10
224AA	5909	2
224AA	8B8A	10
224AB	5C0B	10
224AC	5F71	10
224AD	5909	10
224AD	8B8A	10
224B3	6A39	10
224B4	79A1	10
224B8	8272	10
224BE	4E29	4
224BF	72AF	10
224C2	5F92	10
224C5	5F93	10
224C5	5F9E	10
224C8	4F9A	8
224C8	5F87	10
224C9	4EEE	4
224C9	8FD4	10
224CA	5F99	10
224D3	4F5C	10
224D5	5198	10
224E9	4EFB	10
224EA	7AE2	10
224ED	4FCA	6
224ED	9021	8
224F2	543E	2
224F4	9000	8
224F6	901A	10
224F7	5FA1	10
224F8	5F80	10
224F8	5F83	8
224FC	5F88	10
224FD	5FAF	10
224FE	4FD7	10
22500	4FB5	10
22503	5C65	10
22509	5F84	2
22509	5F91	10
2250C	4FFE	2
2250D	4F7E	10
2250E	5F80	10
2250F	5F8C	10
22510	5F87	10
2251C	4FEE	10
2251C	8129	8
22528	5F97	10
22535	9058	10
22536	5F97	10
22547	50B1	10
2254F	8E55	10
2254F	2032B	8
22552	5FA9	8
2255B	5FA9	8
2255C	5FA1	10
2255F	50B2	8
2255F	6160	10
22567	5FAE	10
22570	50D4	4
22570	9075	10
22571	9060	10
22576	5FA9	8
22577	86C7	10
22579	5FB9	10
2257C	9084	10
2257E	907F	10
22583	50D5	10
22589	5FB9	10
2258D	8861	3
22592	6182	2
22597	7AE6	10
2259C	885D	10
225A2	8FB2	10
225A3	50C4	10
225A5	9761	8
225AB	5FCD	2
225AD	6028	10
225B6	6050	10
225B9	6084	10
225BB	611B	2
225C1	5FF5	10
225CC	6015	10
225CD	5FD7	10
225D0	5FF1	10
225D1	5FF1	10
225D4	6110	10
225D5	6010	10
225D6	6041	10
225D8	5FFD	14
225EE	5147	8
225EE	605F	10
225F1	5FD7	10
22602	6012	10
22605	67D4	4
22606	6046	8
22606	6052	10
22607	601B	14
22608	6028	10
22609	67D9	4
2260A	4F38	2
2260D	5F3C	2
2260D	602B	8
2260E	611E	2
2260E	61E6	2
22611	81E3	10
22612	6029	10
22613	8B00	10
22613	8B28	8
22614	6028	10
22616	6028	10
22620	6050	10
22623	6015	10
22623	606F	2
22626	5FEB	10
2262A	602A	10
2262A	6060	8
22637	5FE1	10
2263B	6089	10
2263F	838E	2
22643	6068	10
22644	606D	10
22646	606F	10
22649	60A9	10
22649	60F1	10
2264A	6063	10
2264C	72C2	10
2264D	6089	10
2264E	6176	10
22656	606C	10
22662	6050	10
22674	611B	2
22675	541D	8
22675	608B	10
22676	5978	8
22676	59E6	10
22676	59E7	8
22677	6050	10
22679	60D5	2
2267B	7C9B	2
2267B	8085	10
2267D	6094	10
22683	52A3	10
22687	72C2	10
22688	606D	14
22689	6068	10
2268A	6089	10
2268D	5BC2	10
2268F	60C5	10
22690	60A0	14
226A6	54F1	8
226A6	602B	8
226A6	6096	8
226B0	60A9	3
226B0	60F1	2
226C1	601B	10
226C2	60BC	10
226C5	6019	10
226C7	8B8E	10
226C7	8B90	8
226C8	6017	8
226CB	6081	10
226D0	60F5	10
226D1	6010	8
226D4	5B3E	8
226D4	61F6	8
226D7	5026	10
226DA	8FB1	10
226E2	6046	10
226E2	6052	10
226E3	6EC5	10
226E4	609F	10
226E7	60DF	10
226E9	60B6	10
226EA	6028	10
226EB	60AA	10
226EB	60E1	10
226EC	5B93	8
226EC	5BC6	10
226ED	611B	10
226F3	5FB3	2
226F3	5FB7	2
226F3	60B3	2
2270E	6167	2
22716	5FB3	2
22716	5FB7	2
22716	60B3	10
22724	611B	10
22725	4E5D	8
22725	9CE9	8
2272B	60FA	10
2272F	8B00	8
2272F	8B28	10
22732	62CF	8
2273A	54C0	10
2273D	60B8	10
2274A	6182	10
2274E	6047	10
2274F	60AA	10
2274F	60E1	10
22750	6106	10
22750	8AD0	8
22751	6176	10
22754	60FB	10
22755	6089	10
2276B	6199	16
2276D	6050	10
2276E	61B2	10
22772	6101	10
2277C	60F8	16
2278E	618A	10
22791	60F0	10
22798	6182	10
2279B	60F8	8
2279D	585E	8
2279D	5BE8	8
227A2	6176	10
227A3	500F	8
227A3	5010	8
227A7	6042	10
227A9	61B2	10
227AB	60D5	10
227AF	6075	2
227AF	60E0	10
227B0	610D	10
227B1	5AC9	10
227C3	6050	10
227DC	6182	10
227DD	6147	10
227E0	61A4	10
227E1	618A	10
227EA	6168	8
227EC	6170	10
227EE	61E3	2
227F2	8FB1	10
227F9	8FB1	10
227FB	8D67	8
227FC	511A	10
227FD	6155	10
22800	5FB3	2
22800	5FB7	2
22800	60B3	10
2281C	54F1	8
2281C	602B	8
2281C	6096	8
2281E	50E1	8
2281E	6075	10
2281E	60E0	10
22821	61C6	10
22831	8D67	8
22834	6190	10
22835	60DD	10
22836	60A3	10
2283E	6112	8
2283E	6187	8
2283E	61A9	10
22842	6113	2
22846	61C7	10
2284A	6106	10
22854	61FC	10
22855	60D5	10
22856	60E8	2
22856	6158	10
22857	840C	10
22857	8420	8
22858	6075	2
22858	60E0	10
22859	60A3	10
22862	60F0	10
22873	60F7	10
22873	8822	2
22878	7707	10
2287B	61AB	8
2287D	60DC	10
2287E	7707	10
22894	6162	10
22899	6144	10
2289A	6112	10
228A0	60F0	2
228A1	50B2	8
228A1	6160	10
228A2	6128	10
228A3	61C8	10
228A5	60FB	10
228A6	8F61	10
228A7	8B8E	10
228A7	8B90	8
228CD	618A	10
228D5	61DD	10
228D5	7661	8
228D6	60F0	10
228DB	606B	2
228DB	615F	10
228E2	52F0	10
228F6	6190	10
228FE	6469	10
22903	615D	10
22908	60C7	10
2290A	5FB3	2
2290A	5FB7	2
2290A	60B3	10
2290F	566B	10
22911	585E	8
22911	5BE8	8
22912	60A3	10
22913	5FE2	8
22913	609F	10
2292C	61A4	10
2292D	61CD	10
22933	6192	10
22940	60A0	8
22941	6075	2
22941	60E0	10
22943	4F4F	10
22952	52B4	2
22952	52DE	10
22953	61DF	10
2295B	585E	8
2295B	5BE8	8
2295C	585E	8
2295C	5BE8	8
2295E	5FE1	10
22960	609A	8
22961	6153	10
22967	9858	10
22969	8F61	10
2296F	61B9	10
2297B	6015	10
2297C	61C6	10
22989	7A7A	10
22990	6211	10
22992	2298F	8
22993	6211	10
22995	57F7	8
22995	77E3	10
22996	6211	10
22999	6216	10
2299B	9998	2
2299E	6229	10
2299F	582A	2
229A0	6211	10
229A1	611F	10
229A2	5F1F	10
229A3	66F3	10
229A6	620E	8
229A7	77DB	10
229A8	52C7	10
229A8	52C8	8
229A9	6210	10
229AB	617C	8
229AB	621A	10
229AC	6212	10
229B6	6212	10
229B9	6EC5	10
229C1	6B73	10
229C6	582A	2
229CA	68E8	10
229CB	8822	10
229CC	56FD	2
229CC	570B	10
229D4	8822	10
229D5	4F10	8
229D8	934B	10
229DF	77DB	10
229E1	6B73	10
229E2	621F	10
229E8	8822	10
229EC	8822	10
229F5	622A	10
229F6	547C	8
229F7	6451	10
229F8	8822	10
229F9	7A62	10
229FE	71BE	10
229FF	8535	10
229FF	85CF	10
22A07	6234	10
22A09	77F0	10
22A0A	57DF	10
22A0B	54F1	8
22A0B	602B	8
22A0B	6096	8
22A0D	97F6	10
22A0E	8822	10
22A10	6222	10
22A11	81E7	10
22A12	57F4	10
22A13	5F11	10
22A19	71BE	10
22A1A	6234	10
22A1E	8B58	10
22A23	8822	10
22A29	5384	10
22A32	623F	10
22A34	5DF5	4
22A37	6240	10
22A3E	623B	2
22A3E	623E	10
22A41	5C40	10
22A4D	8F9C	10
22A59	4A29	8
22A59	970A	2
22A59	9748	10
22A5D	4A29	8
22A5D	970A	2
22A5D	9748	10
22A65	5931	10
22A66	4E2E	2
22A68	5DE7	2
22A6C	5229	2
22A89	5F15	10
22A8A	6251	8
22A8A	6534	8
22A8A	6535	8
22A90	627F	10
22A92	53CE	8
22A92	5EFE	10
22A93	8201	10
22A94	62B5	10
22AA5	7269	4
22AB8	6365	2
22ABA	629C	10
22ABA	62D4	10
22ABB	627F	10
22ABC	6493	10
22ABD	5C06	10
22ABD	5C07	10
22ABF	8F9C	10
22AC0	727D	10
22AE5	9077	10
22AE6	62CD	10
22AF0	6429	10
22AF6	62DC	10
22AF6	62DD	2
22AF9	6295	10
22AFC	63BB	8
22AFC	6414	8
22AFD	6291	10
22AFE	6307	10
22B03	6291	10
22B2C	537A	10
22B32	8377	10
22B38	62EC	10
22B39	6311	10
22B40	65CB	10
22B47	6460	10
22B47	7DCF	2
22B47	7E3D	2
22B49	633F	10
22B49	63D2	10
22B49	63F7	8
22B4A	63FA	10
22B4A	6416	10
22B4B	6308	10
22B4C	63FA	10
22B4C	6416	10
22B4D	63E3	10
22B4F	64E3	2
22B52	63BB	8
22B52	6414	8
22B53	62F6	10
22B64	5DE9	8
22B85	7540	8
22B88	626E	10
22B8A	624E	2
22B8B	62EF	10
22B8C	62EE	2
22B91	645D	10
22B92	6425	10
22B93	63A3	10
22B95	63F2	10
22B97	8155	2
22B98	6365	10
22B98	8155	8
22B98	22AB8	8
22B99	62F3	10
22B99	6B0A	8
22B9A	634D	4
22BA0	62DC	10
22BA0	62DD	2
22BA3	4E71	2
22BA3	4E82	10
22BA4	628A	10
22BA7	7540	2
22BAE	6291	10
22BEA	577C	10
22BF1	635C	14
22BF1	641C	14
22BF2	8155	10
22C01	6476	10
22C03	62D7	10
22C04	63EE	10
22C05	64B0	10
22C08	65C5	10
22C0E	6406	10
22C14	633F	10
22C14	63D2	10
22C14	63F7	8
22C15	9077	10
22C17	6303	10
22C1A	63E3	10
22C1B	62DC	10
22C1B	62DD	2
22C40	63EB	10
22C45	6377	10
22C47	62D7	10
22C60	7AE6	10
22C64	3A73	8
22C65	57FD	8
22C65	6383	8
22C66	64FF	10
22C67	6279	10
22C6C	63AC	2
22C6F	64E5	10
22C6F	652C	8
22C72	8201	10
22C73	63EE	10
22C75	5949	10
22C79	629B	8
22C7B	635C	10
22C7B	641C	10
22C7C	63D6	8
22C7F	6276	10
22C95	63C6	10
22C96	632B	10
22C98	63A2	10
22CB3	649A	10
22CB9	7B1E	10
22CBB	64AE	10
22CC0	6469	10
22CC4	7487	4
22CC5	63A3	10
22CC9	6285	8
22CC9	62D8	10
22CCD	50CA	4
22CCE	62DC	10
22CCE	62DD	10
22CD0	5236	10
22CD8	63FA	10
22CD8	6416	10
22D21	727D	10
22D23	5897	10
22D23	589E	10
22D24	6491	8
22D24	6A56	8
22D2D	7D76	10
22D37	646F	10
22D39	6376	10
22D3B	6492	10
22D3D	62DC	10
22D3D	62DD	2
22D3F	6389	10
22D43	60E3	8
22D43	63D4	10
22D43	7E3D	8
22D44	63AA	10
22D4D	78D4	8
22D4F	3B8D	8
22D4F	63C3	10
22D4F	6816	8
22D4F	68E7	8
22D4F	68F2	8
22D4F	724B	8
22D57	530A	8
22D57	63AC	8
22D83	7169	8
22D85	63F2	10
22D86	63B2	10
22D86	63ED	10
22D88	64E3	10
22D8A	6434	10
22D8F	647D	10
22D95	3B8D	8
22D95	63C3	10
22D95	6816	8
22D95	68E7	8
22D95	68F2	8
22D95	724B	8
22D96	63C4	10
22D9C	64C1	10
22D9D	6377	10
22DB5	6398	10
22DC7	6436	10
22DC8	5800	8
22DC8	7A9F	10
22DCB	647D	8
22DCC	62D3	10
22DCE	62DC	10
22DCE	62DD	2
22DD8	6434	10
22DD9	7B9C	10
22DDA	644E	2
22DDB	62E0	10
22DDB	64DA	10
22DDC	7AE6	10
22DDD	60E3	8
22DDD	63D4	10
22DDD	7E3D	8
22DE4	64EF	8
22DF6	644E	2
22DFC	6413	2
22DFD	6982	10
22DFD	69E9	8
22DFD	69EA	8
22E02	647D	10
22E03	64D0	10
22E04	3B8D	8
22E04	63C3	10
22E04	6816	8
22E04	68E7	8
22E04	68F2	8
22E04	724B	8
22E05	6500	10
22E07	64FA	10
22E08	6458	10
22E25	7C12	8
22E28	62D3	2
22E2A	63BB	8
22E2A	6414	8
22E2C	58CA	8
22E2C	58DE	8
22E2E	64AB	10
22E30	6422	10
22E4E	64FE	8
22E4F	8201	2
22E50	64D8	10
22E53	6260	10
22E53	6268	8
22E57	64BB	10
22E6C	64C1	10
22E6D	64C1	10
22E70	647D	10
22E72	6343	2
22E75	62F6	10
22E82	64BB	10
22E8B	6524	10
22E8C	64AB	10
22E95	64FE	8
22E96	6518	10
22E9E	6777	8
22E9E	6B1B	10
22E9E	2383D	8
22EA0	64C1	10
22EA2	64C2	10
22EA6	6434	8
22EB4	6365	8
22EB4	22AB8	8
22EB6	652F	10
22EC3	8C49	8
22EC4	8F9C	10
22EC8	591A	2
22ECD	6559	10
22EDB	9B6F	10
22EDD	5909	10
22EDD	8B8A	10
22EDE	6563	10
22EE6	6563	10
22EE9	65BD	10
22EEA	6532	2
22EEB	65BD	8
22EEF	5B66	14
22EEF	5B78	14
22EEF	6588	8
22EF3	6276	10
22EFB	5553	10
22F05	6559	10
22F09	65BD	8
22F0A	65BD	8
22F0D	62D9	10
22F0E	4F5C	10
22F0E	505A	8
22F0F	8FFB	10
22F18	65BD	10
22F1B	630C	8
22F1C	8D66	10
22F1D	990A	10
22F1E	355E	8
22F1E	5237	10
22F21	6BBA	10
22F22	6BBA	10
22F22	715E	8
22F25	5F3C	10
22F28	6532	10
22F2A	6566	10
22F2F	6BBA	10
22F3B	59A5	10
22F3E	559F	2
22F3F	6562	10
22F40	8D66	10
22F41	990A	10
22F45	6BBA	10
22F46	6BBA	10
22F49	51A6	8
22F49	5BC7	10
22F58	6BBA	10
22F5E	64BB	10
22F5F	52C5	2
22F5F	6555	10
22F60	5FB4	10
22F60	5FB5	10
22F61	5FB4	10
22F61	5FB5	10
22F64	6562	10
22F65	594F	10
22F6E	6BBA	10
22F6F	6BBA	10
22F70	5A66	10
22F7A	6BBA	10
22F7E	6585	16
22F7F	6562	10
22F83	6B8B	2
22F83	6B98	2
22F86	63E9	10
22F88	6BBA	10
22F8C	6BC0	10
22F8D	6556	10
22F8D	9068	8
22F8E	60F7	2
22F8E	8822	2
22F8F	630C	10
22F93	7A46	10
22FA0	656C	10
22FAD	6577	14
22FAD	65C9	12
22FB0	5FBD	10
22FB4	64BB	10
22FB5	6554	10
22FB6	52DD	10
22FB7	5FB4	10
22FB7	5FB5	10
22FB9	8087	10
22FBE	6577	2
22FC9	7A46	10
22FCA	754B	10
22FCC	5910	8
22FCF	647D	8
22FD1	7A83	2
22FD1	7ACA	10
22FD2	8CAB	10
22FD4	6BBA	10
22FD8	6570	8
22FD8	6578	8
22FD9	6570	10
22FD9	6578	10
22FDB	657A	10
22FDB	99C6	2
22FDB	9A45	2
22FE2	4E71	10
22FE2	4E82	10
22FE5	64AD	10
22FE8	6563	10
22FE9	656C	10
22FEA	6575	10
22FEB	6574	10
22FEC	7A46	10
22FEE	4E71	10
22FEE	4E82	10
22FEE	7064	8
22FF3	4E82	8
22FF3	5FA1	8
22FF7	6563	10
22FF9	6BBA	10
22FFE	64CD	10
23007	6581	8
23009	64CD	10
2300E	6BBA	10
23015	6557	10
23016	656C	10
2301A	5914	12
2301A	8641	8
23024	58CA	8
23024	58DE	8
23026	6566	10
2302A	6255	2
2302A	62C2	10
2302C	6B39	10
2302C	9A0E	8
2302D	6570	10
2302D	6578	10
2302E	6518	10
23035	5909	10
23035	8B8A	10
23043	5B66	2
23043	5B78	10
2304B	5FAE	10
2304E	8A89	2
2304E	8B7D	10
23059	9326	10
2305C	7E35	8
2305D	5F69	10
23067	71EE	16
2306B	4EB9	10
2306C	6597	10
23071	659F	10
23071	9159	8
2307D	9B41	16
2308A	71A8	10
23091	6597	10
23094	6790	10
23095	65AF	10
23095	6F8C	8
2309F	6298	10
230A0	8FD1	10
230A1	65B2	10
230A1	65B5	8
230A1	20807	8
230A2	65AD	2
230A2	65B7	10
230A6	525E	10
230A7	5257	10
230AA	65B2	10
230AA	65B5	8
230AA	20807	8
230AB	6298	10
230AD	8662	10
230AF	8A93	10
230B0	9F0E	8
230B1	65AD	10
230B1	65B7	10
230B2	6298	10
230B6	8A93	10
230B9	6298	10
230BA	65B0	10
230C1	65B8	10
230C2	65B2	10
230C2	65B5	8
230C2	20807	8
230C3	65B2	10
230C3	65B5	8
230C3	20807	8
230C6	65B2	10
230C6	65B5	8
230C6	20807	8
230CA	9F0E	10
230CB	65B2	10
230CB	65B5	8
230CB	20807	8
230CF	65B2	10
230CF	65B5	8
230CF	20807	8
230D0	8CB8	10
230D1	65AB	8
230D4	65AD	10
230D4	65B7	10
230D9	65C1	10
230DA	822A	8
230DE	623F	10
230DF	65C1	10
230E2	65C2	8
230E2	65CC	10
230E6	52FF	2
230E8	65C5	10
230EA	6EC2	10
230EA	9736	8
230EF	65C3	10
230F5	7D33	8
230F5	9673	10
230FB	7D33	8
230FB	9673	10
230FC	65C3	10
23100	65C2	8
23100	65CC	8
23101	53D7	10
23106	6556	8
23106	65C5	10
2311E	5E5F	10
23122	5E62	10
23128	7948	10
23138	798D	8
2313B	6DBF	8
2313C	660F	14
2313E	660F	10
23140	3AD6	8
23140	65E8	10
23141	5E12	8
23141	888B	10
23146	671F	10
23148	51AC	10
2314A	660C	10
2314B	8C46	10
2314C	65E8	10
2314E	6664	10
23150	65FB	10
23156	7680	10
23156	7681	10
2315B	6603	10
2315C	7686	14
2315E	53A5	10
23162	666C	10
23163	8C46	10
23166	6603	10
23167	803C	10
2316F	663C	2
2316F	665D	10
23171	65F9	8
23171	6642	10
23172	53A5	10
23173	6603	10
23179	662A	10
2317C	65E9	10
2317D	6622	10
23181	80E5	10
23184	661C	8
23184	6698	8
23184	9633	8
23184	967D	10
23189	539A	10
2318A	6625	10
23193	6635	10
23193	66B1	8
2319A	4F88	10
2319B	665A	8
2319B	6669	8
2319B	6697	10
2319B	231B6	8
2319C	6627	10
2319E	662F	10
231A0	9B3C	10
231A5	6643	16
231A7	660A	10
231A8	9F20	10
231AB	660C	10
231B6	665A	2
231B6	6669	2
231B7	6641	10
231B8	6562	10
231B9	7573	10
231B9	7582	8
231B9	7589	8
231B9	758A	10
231BA	5BB5	10
231BB	6634	10
231BC	51AC	10
231BE	660F	10
231BF	6665	10
231BF	7696	2
231C0	6661	2
231C0	6662	8
231C3	8202	2
231DA	6659	10
231E5	6645	10
231EA	66DC	10
231EE	6670	10
231EE	6673	10
231EF	6634	10
231F0	69D1	4
231F0	7F67	4
231F1	660E	10
231F1	6719	8
231F3	671E	8
231F3	671F	10
231F4	76DF	4
231F6	6C92	10
231F6	6CA1	2
231FA	500E	8
231FA	8146	10
23206	3B1C	8
23206	6649	10
23206	664B	10
23209	7763	10
2320D	7573	10
2320D	7582	8
2320D	7589	8
2320D	758A	10
2321F	63DA	10
23224	6625	10
23227	65FA	2
23227	6680	10
23229	7D42	10
2322A	985E	10
23231	66A2	2
23236	6645	2
23247	5247	10
23248	660F	10
2324A	6681	2
2324A	66C9	10
23256	6645	10
2326C	7167	10
2326D	8499	10
23270	5F59	10
23270	732C	8
23270	875F	8
2327A	5510	10
2327B	667A	10
23281	8D05	4
23282	7D42	10
23283	52D9	10
23285	6E07	2
23285	6E34	10
23295	7167	10
23299	66AB	10
2329A	66C4	10
2329A	71C1	8
2329B	66F9	10
2329B	66FA	8
232A1	3B0E	10
232A1	9855	2
232A1	986F	2
232A3	65A5	8
232A3	6F5F	8
232A3	8204	10
232A3	85C9	8
232A3	9D72	8
232A4	8FB2	10
232A5	66E0	10
232A6	6614	10
232A7	6716	8
232A7	6717	8
232A8	6625	10
232B4	66B4	10
232BD	5CB7	8
232BD	6C76	10
232C9	71E0	10
232CC	66C4	8
232CC	71C1	8
232CF	66B4	10
232D0	7740	8
232D0	8457	10
232D3	66C4	10
232D3	71C1	8
232D7	590F	10
232D7	6630	8
232E5	6606	10
232EF	660F	10
232F3	66B4	2
232F4	66B4	2
232F7	663F	8
232F7	66E0	10
23307	3B1C	8
23307	6649	10
23307	664B	10
23308	66DD	2
23318	66BE	10
2331F	6624	10
23323	826F	10
23326	4E89	10
23326	722D	10
23329	826F	10
2332D	4F1A	2
2332D	6703	10
2333C	66F9	10
2333C	66FA	8
2333D	7C0B	10
23344	97CB	10
23348	8C4A	2
23348	8C50	10
23354	78A3	10
23358	66F9	10
23358	66FA	8
23358	6703	8
2335C	9ECC	10
2335D	821F	10
2335E	670D	10
2335F	80AF	8
23360	671F	10
23361	671E	8
23361	671F	10
23362	671B	8
23362	8056	8
23363	671F	10
23364	4543	8
23364	852D	8
23364	9634	8
23364	9670	10
23364	9682	8
23365	7708	4
23367	670F	10
2336C	8229	8
2336C	8239	10
2336E	6714	10
23375	78D0	10
23377	6717	8
23378	8987	2
23378	9738	10
23379	6715	10
2338C	6ED5	10
2338D	671D	10
2338E	51CC	10
23394	73FE	4
2339C	5B55	8
233A3	6648	8
233A3	768E	10
233A3	76A6	8
233AD	8FB2	10
233B4	6AF1	2
233B5	5B5B	2
233BC	4FDD	10
233BE	44B3	8
233BE	6736	14
233BF	44B3	8
233BF	6736	10
233C1	67D0	2
233C2	6BBA	10
233C3	652F	10
233C4	6839	10
233CC	675E	1
233CC	6777	4
233D0	6753	2
233D3	6747	2
233D4	56F0	10
233D4	95AB	8
233D7	677C	8
233D8	67CE	10
233DC	68C9	10
233DD	6795	14
233F2	62A6	8
233F2	79C9	10
233FB	44B3	8
233FB	6736	10
233FD	679A	10
233FE	6750	10
23401	523A	10
23407	8012	10
23408	67F9	10
23408	67FF	2
2340A	6832	8
2340C	68B3	10
2340D	6A5B	10
23435	801C	8
23436	67B4	8
23437	67B4	8
23438	3B87	8
23438	681D	2
23439	6912	10
23440	6747	10
23444	68FA	10
23468	65E0	8
23468	6A46	8
23468	7121	10
2346A	6834	10
2346D	67F5	10
2346F	6843	10
23470	3BC3	8
23470	687C	10
23470	6F06	2
23471	67D3	10
23478	6850	2
2347E	8650	10
2347F	67B9	10
23486	69B7	2
23486	6ADD	8
23488	6789	10
23489	6977	10
234A8	6839	10
234AB	6885	10
234AB	6973	8
234AB	69D1	8
234AD	683D	10
234AF	6853	10
234B0	6834	10
234B6	674E	10
234BC	6761	10
234BC	689D	10
234C1	681E	10
234C5	69CF	8
234C9	6377	2
234CC	6855	8
234D6	6785	10
234D8	69B7	10
234D9	6912	10
234DC	68B3	10
234DE	3BB6	8
234DE	69CA	10
234DE	77DF	8
234DF	76F4	10
234DF	900C	8
234E0	67F3	10
234E0	6801	8
234E1	7DB1	10
234E9	755A	10
234EA	68C4	10
2350E	6960	10
23512	3BB6	8
23512	69CA	10
23512	77DF	8
23514	671E	10
23514	671F	2
23515	4E57	2
23515	4E58	10
23533	67DD	14
2353F	6ABB	8
23543	5076	8
23543	79BA	8
23548	6A1D	10
23549	67B8	10
2354A	681D	2
2354B	6954	8
23550	6851	10
23550	6852	8
23551	695A	10
23552	6A39	10
23553	5B50	10
2357F	68D7	10
23580	6897	8
23581	69BC	10
23582	6AF1	10
23587	76F4	10
23587	900C	8
2358A	4F8B	8
235AB	6996	8
235AC	6A5B	2
235B1	6A36	10
235B4	76F4	10
235B4	900C	8
235BD	68AB	10
235BF	8077	8
235C2	695A	10
235E5	68D8	10
235F3	6A39	10
235F4	6817	10
235F5	525B	10
23610	68D8	10
23612	5E79	10
23612	69A6	10
23615	68A3	2
2361C	62AC	8
2361C	7B1E	10
23621	686B	10
23626	9EDF	8
23627	67CE	8
2362B	6903	10
2362D	67D9	10
23630	4E98	8
23630	4E99	8
23633	69F2	10
2363A	6A4B	2
2363B	837C	8
2365B	86C7	10
2365C	69B7	10
23661	723E	10
23673	68B3	10
2367E	6A3E	10
23683	6854	10
23688	69EE	10
23689	6A1B	10
2368A	682D	8
2368A	6ABD	8
2368B	6930	2
2368D	6A8D	10
23690	6ABD	2
23691	68BC	8
23691	6AAE	10
23694	8204	2
23697	69BA	10
236A3	754A	8
236A3	8015	10
236A4	6A39	10
236A6	5F36	10
236A8	65E0	8
236A8	6A46	8
236A8	7121	10
236AD	6908	8
236D6	6832	8
236D6	23465	8
236D8	69AD	10
236D9	85AC	2
236D9	85E5	10
236DA	6A64	2
236F5	68E4	2
236FF	6AF2	10
23700	6A3E	10
23703	6962	10
23708	79E6	10
23725	6A84	10
23727	3DC0	8
23727	7162	10
23743	7B9C	10
23749	5C0D	4
23754	67DD	10
23757	6838	10
23759	6776	10
2375B	8657	8
2375B	865A	10
2375B	865B	10
23774	6500	10
23777	68BC	8
23777	6AAE	10
23779	68BA	8
23779	9E93	10
2377B	89F4	10
2377E	699B	2
23780	6A80	2
2378B	6AA3	14
2378B	8262	8
23791	750D	10
23796	8521	10
23798	6774	10
2379A	69CE	10
2379B	68D5	8
2379B	6936	8
2379E	6734	10
2379E	6A38	8
237A3	83AB	8
237A4	65E0	8
237A4	6A46	8
237A4	7121	8
237B5	845A	10
237C4	67DD	8
237C5	6979	10
237CE	90A3	10
237D2	7121	2
237E5	6A8D	10
237E8	6A3B	10
237F6	6A35	10
237F9	69EE	10
237FB	6A8D	10
23804	6AFA	10
23804	6B1E	8
23810	6901	10
23810	69E8	8
23819	6A19	10
2381B	894D	8
2381B	96D1	8
2381B	96DC	8
2381E	6442	2
2381E	651D	2
2381F	68A3	2
23820	5121	10
23821	67DA	10
2382E	65E0	8
2382E	6A46	8
2382E	7121	10
2383B	97DB	8
2383D	6B1B	2
23843	8F3E	8
2384C	6AF1	10
2384C	8616	8
2384D	68D8	10
23858	69FD	10
2385B	67E9	10
2385B	67FE	8
2385B	6A78	8
2385E	6A90	10
23866	56A2	8
23866	56CA	10
2386A	56CA	10
2386B	7235	10
23873	592A	10
23877	6817	10
23878	6B1D	8
23878	9B31	10
2387A	85DF	2
2387C	5544	2
2387C	6817	8
23880	5F1E	10
23882	5401	8
23898	547B	10
238A8	6B27	10
238A8	6B50	10
238B8	6B3E	10
238BB	6B35	8
238BB	6B3E	10
238D0	6B37	10
238D3	6B20	10
238D6	83E1	10
238D9	6B35	8
238D9	6B3E	10
238E8	6B43	10
238EC	8CC7	10
238F7	55E4	10
238FA	55C4	8
238FC	55CC	10
238FD	6B3D	10
238FE	5516	8
238FE	555E	10
238FE	7602	8
23902	6B35	8
23902	6B3E	10
23903	6B38	10
23911	6B4C	10
23911	8B0C	8
23912	6B4C	10
23912	8B0C	8
23917	98EE	10
23917	98F2	10
23919	6B4A	2
2391C	6700	10
23920	5666	10
23932	8AE4	10
2393B	8272	10
2393C	6B54	10
23941	5606	8
23941	6B4E	10
23942	5C11	1
23944	4E4F	10
23945	6B64	10
23948	4F1A	2
23948	6703	10
23949	54AB	10
2394C	5E7B	10
2394D	8FD1	10
2394E	6226	2
2394E	6230	10
2394F	65C5	10
23950	65C5	10
23951	524D	10
23951	6B6C	8
23953	65C5	10
23954	6B63	10
23957	5C11	10
23957	6B65	8
23957	6B69	8
23958	6238	10
23960	64A5	8
23960	7676	10
23960	767C	8
23966	8DDF	10
23967	7740	8
23967	7BB8	10
23967	8457	10
23969	6D89	10
23969	6E09	10
2396A	8FD1	10
2396B	6B6F	2
2396B	9F52	10
2396D	6226	2
2396D	6230	10
23972	5F92	10
23974	6B7B	10
2397F	6D89	10
2397F	6E09	10
23981	8AF8	10
23982	521D	10
23983	524D	10
23984	8657	8
23984	865A	2
23984	865B	10
23985	795F	10
23988	8E87	10
2398B	6B6F	2
2398B	9F52	10
23991	99C6	2
23991	99C8	10
23991	9A45	8
23994	6574	10
23995	65B7	8
23996	4E7E	10
23997	6B6F	10
23997	9F52	10
23999	65B7	8
2399C	8E7B	10
2399D	8E72	10
2399E	5914	8
2399E	8641	8
2399F	524D	8
2399F	526A	10
2399F	7FE6	8
239A1	8E87	10
239A2	8E84	10
239A8	5E30	10
239A8	6B78	10
239A8	7688	8
239B1	8F61	10
239B2	53E1	10
239B2	777F	8
239B5	6B79	8
239B5	6B7A	8
239B8	6B7B	10
239B9	6B7B	8
239BA	6B84	10
239BD	5919	10
239C0	5F18	10
239C7	6B7B	10
239C9	5C8C	10
239D1	51F6	10
239D2	6B7F	10
239D2	6B81	8
239D3	5DDE	10
239D4	6B89	10
239D5	592D	10
239E0	6B84	10
239E2	6B84	10
239E9	7D42	10
239EB	6B82	10
239EE	8F9C	2
239F4	8174	10
239F6	6B8D	8
23A03	8174	10
23A08	6B8D	10
23A0C	5501	10
23A0F	6B7F	10
23A10	6B82	10
23A11	6BAA	10
23A16	6B82	10
23A26	6BB2	10
23A31	798D	10
23A34	6E48	10
23A35	6E98	8
23A37	798D	10
23A38	53B2	8
23A38	7658	8
23A39	5501	10
23A43	537F	10
23A43	90F7	8
23A43	9115	8
23A44	6E98	8
23A45	69C0	8
23A45	69C1	8
23A46	51A5	10
23A46	669D	8
23A47	8150	10
23A48	7625	8
23A49	6BAA	10
23A4B	6B82	10
23A4D	622E	10
23A50	7E2E	10
23A53	527F	8
23A53	52E6	10
23A56	8870	10
23A59	852B	10
23A5D	7647	10
23A5E	7647	10
23A60	65AF	8
23A60	6F8C	8
23A71	6E98	8
23A75	6BAF	8
23A76	85A4	10
23A79	58CA	8
23A79	58DE	8
23A7E	85A8	10
23A82	73ED	2
23A85	6BB4	8
23A85	6BC6	10
23A86	6BBA	10
23A8A	6BBB	10
23A8A	6BBC	10
23A8B	6551	10
23A8C	6295	2
23A8D	6BBF	10
23A8F	6562	10
23A96	6BBA	10
23A96	715E	8
23A9A	6563	10
23AA3	6BC5	10
23AA9	6BBA	10
23AAE	5BB0	8
23AB0	525C	10
23AB2	947F	10
23AB4	6BC5	10
23AB7	6BC0	10
23AB8	9DC7	10
23AC1	4BE8	8
23AC1	6572	10
23AD6	6BC5	10
23ADA	6BC5	10
23ADE	947F	10
23AE3	93E7	8
23AE3	9F15	8
23AE5	91D0	10
23AE6	7CFB	10
23AE9	947F	10
23AEB	947F	10
23AEC	8499	10
23AED	6BCE	10
23AED	6BCF	10
23AEF	8E6F	10
23AF9	73B3	8
23AF9	7447	10
23AFA	6BD3	8
23AFA	80B2	10
23AFA	88D5	8
23AFB	5A41	10
23B03	52DE	8
23B05	6BD4	10
23B08	6BD7	10
23B08	6BD8	8
23B09	6BD7	10
23B09	6BD8	8
23B0A	62DC	10
23B0A	62DD	2
23B0C	6B21	10
23B11	6DF7	2
23B13	62DC	10
23B13	62DD	2
23B16	6BD7	10
23B16	6BD8	8
23B1B	4E09	8
23B1B	53C2	10
23B1B	53C3	10
23B1B	5F0E	8
23B1C	79BF	10
23B21	9EBE	10
23B2D	9AE5	10
23B2D	9AEF	8
23B41	7D15	2
23B45	65C4	10
23B50	6BEC	16
23B5E	6BE6	10
23B62	8004	10
23B6D	6C02	10
23B73	6BEC	10
23B76	4039	2
23B76	776B	10
23B7C	5C3F	10
23B88	5C48	2
23B89	6584	2
23B8B	6C02	10
23B8C	4039	10
23B8C	776B	8
23B8D	4039	10
23B8D	776B	8
23B91	4039	2
23B91	776B	10
23B92	4039	2
23B92	776B	10
23B95	6BF1	10
23B95	97A0	2
23BA3	4039	2
23BA3	776B	10
23BAB	8888	2
23BAE	7709	10
23BB1	8888	2
23BB3	8004	10
23BB4	6BF1	8
23BB4	97A0	10
23BC5	7F7D	8
23BC9	6C0E	10
23BCB	7E1F	2
23BD5	91D0	10
23BDD	6BF3	10
23BE5	4039	10
23BE6	9AFB	10
23BEE	4039	10
23BF0	4039	2
23BF0	776B	10
23BF2	6BF1	10
23BF2	97A0	2
23BFA	6BFF	10
23C09	6C05	10
23C0D	4039	2
23C0D	776B	10
23C10	88D8	10
23C14	6C08	10
23C14	6C0A	8
23C1E	4039	10
23C28	7E7D	10
23C2B	9B23	10
23C2D	6C0E	10
23C38	6C0E	10
23C45	6C13	8
23C47	4F3A	10
23C4A	7957	10
23C4F	65BC	8
23C56	6C17	2
23C56	6C23	10
23C59	852D	8
23C59	9634	8
23C59	9670	10
23C59	9682	8
23C5B	6C17	2
23C5B	6C23	10
23C5B	7081	8
23C5C	6C24	10
23C66	6C1B	10
23C69	6D88	10
23C74	6C59	8
23C74	6C5A	10
23C75	6C38	10
23C77	8CA8	10
23C81	6C7D	8
23C83	6C8C	10
23C84	4E5D	10
23C8B	577B	10
23C8E	98EE	8
23C8E	98F2	2
23C8F	6538	10
23C93	6C99	10
23C93	7802	8
23C94	6CE3	10
23C95	574D	2
23C9D	51B0	10
23C9F	6CC4	10
23C9F	6D29	8
23CA0	6C50	10
23CA1	6C99	10
23CA1	7802	8
23CA8	51B4	2
23CB2	6C90	4
23CB4	6CB8	10
23CB9	574D	10
23CBA	6C7A	10
23CBC	6C3F	2
23CBE	602A	4
23CBF	7847	8
23CC1	6EC4	10
23CC2	514B	10
23CCB	6CDB	10
23CD8	6CC4	10
23CD8	6D29	8
23CD9	6CDD	10
23CD9	6EAF	2
23CDA	6C92	8
23CDB	6D41	10
23CDD	6CEE	10
23CE5	6E21	10
23CE7	6D8E	10
23CE7	7FA8	8
23CE8	5806	10
23CEA	4F7F	4
23CEA	6D91	4
23CEB	6C6A	10
23CEE	6CBB	10
23CEF	6ECB	10
23CF1	6F54	10
23CF3	6D12	10
23CF3	7051	8
23CF4	3CD2	8
23CF4	6CD5	10
23CFE	6CF0	2
23D0E	627F	2
23D11	6D41	10
23D12	72AC	10
23D14	6CDD	10
23D14	6EAF	2
23D15	6D38	10
23D20	6D3B	10
23D26	6CD3	10
23D27	6D2E	10
23D29	6D5C	2
23D29	6FF1	10
23D29	6FF5	8
23D29	7015	8
23D2B	6CE2	10
23D2C	6C92	8
23D30	6C59	10
23D30	6C5A	10
23D31	5F25	8
23D31	5F4C	8
23D31	6D0B	10
23D31	7030	8
23D32	6D74	10
23D33	793E	10
23D34	6D77	10
23D36	6F06	10
23D38	6302	8
23D38	639B	8
23D38	6DF5	10
23D38	6E0A	8
23D38	6E15	8
23D39	6F86	10
23D3A	6302	8
23D3A	639B	8
23D3A	6DF5	10
23D3A	6E0A	8
23D3A	6E15	8
23D3B	6E0B	8
23D3B	6F80	10
23D3B	6F81	8
23D3C	6D63	2
23D3C	6FA3	10
23D3E	6CB1	10
23D40	6D85	2
23D60	6DBF	1
23D64	6D8E	10
23D64	7FA8	8
23D66	6DC0	10
23D68	6D39	10
23D6C	6D9B	8
23D6C	6FE4	10
23D7A	6CB1	10
23D7B	6CB1	10
23D7D	6C83	10
23D7E	6D3C	10
23D7F	6D8E	10
23D7F	7FA8	8
23D81	6DC5	10
23D83	6F6E	10
23D84	6D0C	10
23D87	6D12	8
23D87	7051	10
23D8A	6CCA	8
23D8A	6D26	10
23D8C	5CB7	8
23D8C	6C76	10
23D8E	5CB6	10
23D91	6D36	10
23D92	6DF5	14
23D92	6E0A	4
23D93	6D12	10
23D93	7051	8
23D94	6F22	10
23D97	98EE	10
23D97	98F2	10
23D99	6D8E	10
23D99	7FA8	8
23D9A	6D8E	10
23D9A	7FA8	8
23D9B	6D8E	10
23D9B	7FA8	8
23D9C	6D8E	10
23D9C	7FA8	8
23D9F	6EC4	10
23DA2	6EC2	10
23DA2	9736	8
23DBF	5F25	8
23DBF	5F4C	8
23DBF	6D0B	8
23DBF	7030	8
23DC9	6DB5	16
23DDD	6F86	10
23DDF	6DAC	10
23DE2	6E51	10
23DE6	6F06	10
23DE7	6DAA	10
23DF9	6DFB	2
23DFD	5BD6	8
23DFD	6D78	10
23DFE	6C3F	8
23E01	6D25	10
23E05	6D3B	2
23E08	6EB2	10
23E08	6EFE	8
23E09	6FBE	6
23E0D	6E8C	8
23E0D	6F51	8
23E11	6881	10
23E13	6E08	2
23E13	6FDF	10
23E15	6C34	10
23E16	6DAC	10
23E1B	6EAF	2
23E1C	7FC1	2
23E1E	6F2B	10
23E1E	71B3	8
23E1F	6D0C	10
23E21	6F06	10
23E32	6F54	16
23E38	5FDD	8
23E38	6C97	8
23E38	6DFB	10
23E46	6E98	10
23E49	76E5	10
23E4C	6E6B	10
23E4D	6D12	10
23E4D	7051	8
23E4E	6F60	10
23E5F	6E4F	4
23E61	577B	2
23E62	6DB5	10
23E63	6F80	10
23E63	6F81	8
23E65	51C4	4
23E65	60BD	8
23E65	6DD2	14
23E66	5BD6	8
23E66	6D78	10
23E68	6DDB	10
23E6D	6D41	10
23E70	6D78	2
23E71	6D3D	4
23E73	6D41	10
23E77	6881	10
23E78	6ED5	10
23E79	6EC5	10
23E7A	6D8E	10
23E7A	7FA8	8
23E7B	6CC9	10
23E7B	6D24	8
23E7B	6E76	8
23E7E	6DF3	10
23E7F	6EC2	10
23E7F	9736	8
23EAC	8352	10
23EAF	6E7F	2
23EAF	6FD5	10
23EB4	6E08	2
23EB4	6FDF	10
23ECC	6F3E	10
23ECD	6F52	10
23ECF	6F86	8
23ED4	6F02	10
23EDC	6CED	10
23EDD	6D45	10
23EDD	6DFA	10
23EE3	6D89	10
23EE3	6E09	10
23EE6	6D5B	10
23EE8	5C3F	10
23EED	76EA	10
23EEF	6F41	10
23EF2	6DC4	10
23F19	9B45	10
23F1B	6E80	8
23F1B	6EFF	10
23F1C	6DF9	10
23F1D	6ECC	10
23F1F	6F09	10
23F21	5BD6	8
23F21	6D78	10
23F23	6F0F	10
23F3B	6EF9	10
23F43	6FB9	10
23F45	6D3B	10
23F46	7B51	2
23F47	6F68	10
23F47	7047	8
23F48	6FE1	10
23F49	6FE1	10
23F4A	6FEC	10
23F4F	6C59	10
23F4F	6C5A	10
23F51	6FBE	10
23F54	6E6E	10
23F56	6FFA	10
23F5A	6635	10
23F5A	66B1	8
23F63	6E2F	10
23F64	6F2C	2
23F66	6FEB	2
23F68	6ED5	2
23F69	65BF	10
23F6A	6E44	10
23F6C	5BD2	10
23F6E	5A6C	8
23F6E	6DEB	8
23F6E	972A	10
23F71	6E08	10
23F71	6FDF	10
23F75	6E4A	10
23F76	6DC8	10
23F7D	6F78	10
23F7D	6F98	8
23F80	532F	10
23F85	6E54	10
23FA3	6FBE	10
23FA8	6E44	10
23FAA	6EF4	10
23FAB	6E0B	10
23FAB	6F80	8
23FAB	6F81	10
23FAC	6302	8
23FAC	639B	8
23FAC	6DF5	10
23FAC	6E0A	8
23FAC	6E15	8
23FAD	6F6E	10
23FAE	6FB1	10
23FB0	3BC3	4
23FB0	67D2	8
23FB0	6F06	14
23FCB	6EF9	10
23FCD	6F09	8
23FD1	6E2F	10
23FD4	6FBE	10
23FD6	6F02	10
23FD8	8569	10
23FD8	862F	8
23FD9	6F2C	10
23FDA	6EA7	10
23FDB	6D3B	10
23FE0	6E0B	8
23FE0	6F80	10
23FE0	6F81	8
23FE1	6F01	10
23FF2	6DC8	10
23FF3	6F66	10
23FF4	8569	10
23FF4	862F	8
24005	6EC4	10
24008	6FB3	10
2400B	6F14	10
2400E	6CA2	10
2400E	6FA4	10
24022	65E0	8
24022	6A46	8
24022	7121	10
24027	703A	10
2402E	6ECB	10
2402E	26C73	8
2402F	6F01	10
24031	6FBE	10
24034	6F86	10
24036	6EF9	10
24049	6F22	10
2404A	6E19	10
2404B	701D	1
2404C	6FB3	10
2404D	6E0B	8
2404D	6F80	10
2404D	6F81	8
2405F	6FE4	10
24064	7058	10
24072	6F88	10
24076	6FD4	10
24077	6EF4	10
24084	6E2C	10
24085	6D44	10
24085	6DE8	10
24087	6ECB	10
24087	26C73	8
240A1	6F3E	2
240A1	7001	10
240A2	6D12	8
240A2	7051	10
240A3	701F	8
240A6	704C	10
240B5	6ED5	10
240B8	6DF3	10
240BD	6E7F	2
240BD	6FD5	10
240BE	6FCA	2
240BF	6F60	2
240C1	6E7F	10
240C1	6FD5	10
240C2	6F6F	10
240C4	6E20	8
240CA	6FEE	10
240D5	6D9B	8
240D5	6FE4	10
240D8	6F70	10
240D9	6FEE	10
240EC	6D63	2
240EC	6FA3	10
240EF	6DB8	10
240F0	6E44	10
240F1	6E44	10
240F5	7011	10
240F8	6FFC	10
240F9	701D	10
24109	56A0	8
24109	700F	10
24110	6E9C	10
24110	6F91	8
24117	7011	10
24118	5E7D	10
2411A	6F02	10
2411C	6F58	2
2411D	704E	10
2411D	7054	8
2411D	7069	10
24126	6FFE	10
24134	6D9C	8
24134	7006	10
24135	704A	10
2413B	6D45	10
2413B	6DFA	10
24146	6D69	10
24146	6F94	8
24147	4E82	8
24147	7064	8
2414A	8B9E	2
2414C	6FC3	10
2414D	6F15	10
24151	703C	10
2415B	6FC3	10
24162	7039	10
24163	4EB9	2
24164	6FD4	10
24166	6F6D	10
24169	7058	10
2416B	96F6	10
2416D	703C	10
24170	7039	10
24174	5730	10
2417C	7058	10
2417D	7058	10
2417F	704E	8
2417F	7054	8
2417F	7069	10
24182	8562	10
24183	70B1	10
24184	706B	10
24185	8D66	10
24186	7070	10
2418B	707D	10
2418B	707E	10
2418D	8D64	10
2418E	707D	10
2418E	707E	8
24190	7078	8
241AF	7151	8
241AF	716E	10
241B1	6684	8
241B1	6696	10
241B1	714A	8
241B1	7156	8
241B2	707D	10
241B2	707E	10
241C0	56E0	10
241C1	4E62	8
241C1	84CB	10
241DA	577C	10
241DB	7095	10
241DF	7109	10
241E1	7384	10
241EB	79CB	10
241F2	98EA	2
241F5	5BB3	10
241F6	70DD	2
24216	70AE	8
24222	70CB	10
24228	7092	2
2422B	5C09	10
2422C	4E07	2
2422C	842C	10
2422D	885D	10
2422E	707D	10
2422E	707E	8
2422F	71E0	10
24230	71E0	10
24232	5EB6	10
2424A	709F	10
24251	70DC	10
2425E	5C1E	8
2425E	71CE	10
24261	5155	10
24262	8C61	10
24263	707D	10
24263	707E	8
24269	70C8	10
2426C	7160	10
2426D	5149	10
2426E	7119	8
2426F	9B5A	10
2427B	70D8	10
24285	4E9F	8
24285	710F	8
24297	70DF	10
24297	7159	2
24297	241C6	8
24299	7126	10
2429B	7092	10
2429C	70B1	10
242B7	7119	8
242BD	5C1E	8
242BD	71CE	10
242C1	716C	10
242C5	518F	10
242C6	76D7	2
242C6	76DC	10
242C7	8996	10
242DC	7167	2
242E9	71B1	10
242EA	7206	10
242EC	65BC	8
242EE	51DE	8
242EE	7108	8
242EE	7155	13
242EE	7188	8
242EE	7199	14
242EF	5C1E	8
242EF	7151	10
242EF	716E	10
242F0	52A9	10
242F1	718F	3
242F3	9B5A	10
24301	7095	10
24309	7092	8
24311	719B	10
24311	7968	8
24312	70D3	10
24313	70DC	10
24317	7687	8
24338	70B3	8
24338	713C	10
24338	71D2	10
2433A	714E	10
2433B	5366	10
2433C	714C	10
2433D	7092	8
2434D	65E0	8
2434D	6A46	8
2434D	7121	10
24355	7092	8
24358	8CD3	10
2435A	4E07	2
2435A	842C	10
2435B	71EE	10
2435C	71E5	10
2437D	71B1	10
2437E	7228	10
24381	70C8	10
24382	91AE	10
24399	712F	10
2439A	5C1E	2
2439A	71CE	2
2439F	7159	10
243A7	92F3	2
243A7	9444	10
243A9	71E7	10
243AB	5149	10
243AC	71EE	10
243AE	71B1	10
243B4	714E	10
243B5	714E	10
243B7	71BE	10
243B8	696D	10
243C1	51DE	16
243D0	71D7	1
243D8	60D1	10
243D9	6684	8
243D9	6696	10
243D9	714A	8
243D9	7156	8
243DE	7CBC	10
243DF	71E5	10
243E0	5E55	8
243E0	6A21	10
243E0	6A45	8
243E0	7CE2	8
243EF	7159	10
243F4	71B9	10
243F4	71BA	8
243F7	7228	10
243FA	71AC	10
243FB	71EE	8
243FC	98EA	10
24412	76DE	10
24415	8F1D	10
24417	5C1E	8
24417	71CE	10
2441F	7187	10
24426	71BE	10
24428	71F9	10
2442A	71D0	10
2442B	719B	8
2442B	7968	10
2442C	7099	10
24442	76D7	2
24442	76DC	10
24443	8181	8
24445	5043	10
24446	66B5	8
24446	71AF	10
2444A	70FD	10
2444B	5149	10
24454	712B	8
24454	7207	10
24456	7228	10
24467	64AE	10
24468	7151	10
24468	716E	10
24471	7147	10
24474	711E	10
24475	7092	8
2447C	66C4	8
2447C	71C1	10
2447D	696D	10
2447E	71E7	10
24481	7206	2
24482	66DC	10
24486	719F	10
24497	7099	10
244AB	71C1	2
244AE	71E7	10
244BA	7206	10
244BC	6644	2
244BE	719B	10
244BE	7968	8
244C5	6FB1	2
244C8	720D	10
244C8	9460	2
244C9	7136	10
244CA	7206	10
244D0	803F	10
244DF	7228	10
244E5	7228	10
244EA	7126	10
244EB	71E7	10
244EC	7126	10
244EE	71A8	10
244EF	638C	2
244F1	7CFA	10
244F1	7CFE	10
244F2	5375	2
244F3	91C7	10
244F8	70BA	2
244F8	7232	10
244FD	5B5A	10
24501	5E73	10
24506	9F20	2
24507	4E8A	8
24507	4E8B	10
2450A	7D4C	2
2450A	7D93	10
2450C	96A0	2
2450C	96B1	2
2450D	4FDD	10
24510	4E71	10
24510	4E82	10
24510	7064	8
24511	793C	2
24511	79AE	10
24512	4E71	2
24512	4E82	10
24514	4E71	10
24514	4E82	10
24514	7064	8
24515	7D4C	2
24515	7D93	10
24517	652B	10
24517	7234	8
2451C	798F	10
24520	611B	10
24522	63BB	8
24522	6414	8
24524	611B	10
24525	5DE2	10
24525	5DE3	10
24526	4E71	10
24526	4E82	10
24526	7064	8
24527	8F9E	2
24527	8FAD	10
24529	652B	10
24529	7234	8
2452A	470C	10
2452C	4E71	2
2452C	4E82	10
2452E	6BBA	10
24530	89F4	10
24532	53F8	2
24532	8F9E	8
24532	8FAD	8
24545	4E71	10
24545	4E82	10
24545	7064	8
24548	604B	2
24548	6200	10
2454B	58FD	10
2454B	5BFF	2
2454D	4E71	10
2454D	4E82	10
2454D	7064	8
24553	723A	10
24555	7238	10
24558	65BC	8
2455D	6559	10
2455F	47FD	8
2455F	758E	8
2455F	758F	10
2455F	8E08	8
24562	59E3	10
24563	4E80	2
24563	9F9C	10
24564	723D	8
24565	9AEA	2
24565	9AEE	10
24568	5C12	8
24568	5C13	8
24568	723E	10
2456A	723F	10
2456B	7592	10
2456D	5C06	10
2456D	5C07	10
2456F	6F3F	10
24570	536F	10
24572	4FCE	10
24572	723C	8
24576	8358	2
24576	838A	10
2457A	75BE	10
2457C	75BE	10
2457D	6AA3	10
2457D	8262	8
24584	8358	2
24584	838A	10
24585	6F3F	10
24588	8358	2
24588	838A	10
24589	75C5	10
2458D	9038	10
2458F	75BE	10
24590	6557	10
24593	7C00	10
24595	91AC	10
24599	91AC	10
2459A	9038	10
2459D	6A90	10
2459D	7C37	8
245A0	58BB	8
245A0	7246	10
245A3	58BB	8
245A3	7246	10
245A4	5099	10
245A7	58BB	8
245A7	7246	10
245A9	599D	10
245A9	7CA7	8
245AB	447A	8
245AB	5E06	10
245AC	6BB5	4
245AC	7248	4
245AE	52FE	8
245AE	53E5	10
245B0	6BB5	10
245B2	67AF	10
245B4	577C	10
245BA	4F8B	8
245BD	5411	10
245BE	5411	10
245C4	7255	10
245C4	7A93	10
245C4	7A97	8
245C4	7ABB	10
245C5	80E4	10
245C9	7255	10
245C9	7A93	10
245C9	7A97	8
245C9	7ABB	10
245CA	7252	10
245CB	724C	10
245D7	68DF	10
245D9	577C	8
245E0	7C00	8
245E3	7252	10
245E5	696D	2
245E6	9694	10
245ED	7F45	10
245EE	7C00	10
245F1	7256	10
245F7	68F1	8
245FB	6A90	2
24600	6AAE	2
24604	7258	10
24608	7259	10
24609	7259	10
24610	9F72	10
24616	5E81	2
24616	5EF0	8
24616	5EF3	10
24625	725D	10
24633	7274	10
24634	7267	10
2464A	7274	10
2464C	4F60	10
2464C	511E	8
24651	99D5	2
24657	65B9	10
24661	9A02	6
24668	675F	10
24670	7279	2
24675	96C5	2
24678	72A2	10
24683	7274	10
2468C	7280	10
24691	9E9D	2
246A8	632F	2
246B3	728D	2
246B4	7261	10
246B6	70CF	10
246BE	632F	10
246BF	632F	10
246EB	9A02	10
246EF	72A2	10
246F3	736C	2
246FA	7281	8
246FA	7282	10
246FC	7281	8
246FC	7282	10
246FF	7281	8
246FF	7282	10
2471B	72AF	10
24728	3E60	10
24728	8C5A	10
24733	7345	10
24736	72D0	2
2473B	8C7C	8
2473B	8C94	8
2473E	72B1	8
2473F	72B1	8
2474C	7328	10
2474C	733F	10
24751	72AF	10
24757	754B	2
2475C	5420	8
2475D	737C	8
24760	72EC	2
24760	7368	10
24761	72DB	10
24766	72B2	10
24766	8C7A	10
24775	72C2	10
24776	72C2	10
2477C	7318	10
2477F	52BB	10
24781	72B1	8
247A3	7312	10
247A5	4FDD	10
247C4	8154	2
247CB	72E1	2
247CC	5968	2
247CC	596C	2
247CC	734E	10
247CF	500F	10
247CF	5010	8
247D0	7318	10
247D2	5968	2
247D2	596C	10
247D2	734E	10
247D4	60B5	10
247D7	7328	10
247D7	733F	10
247D9	7136	10
247DC	732E	10
247DC	737B	10
247DE	5637	2
247E7	8478	2
247F5	623B	2
247F5	623E	10
247F6	7312	10
247FD	91F6	8
247FD	9247	8
24814	7328	8
24814	733F	10
24815	755C	2
24817	718A	10
2481E	8C7C	8
2481E	8C94	10
2482C	9A55	2
2483E	8C99	8
2484E	732E	14
2484E	737B	14
24851	50C4	10
24851	8E5F	8
24851	8FF9	8
2485C	7312	2
24862	79BB	8
24869	93FB	8
24875	623B	2
24875	623E	10
24883	9A55	2
2488C	79BB	8
2489A	7363	10
2489A	7378	10
2489C	72EC	10
2489C	7368	10
2489D	7352	10
248A0	6B47	8
248A0	7366	8
248AA	731F	2
248AA	7375	3
248AF	93FB	8
248B9	9F3A	10
248CA	7377	10
248D4	736E	10
248D4	7962	8
248D4	79B0	8
248D9	512A	10
248DD	736E	10
248DD	7962	8
248DD	79B0	8
248E9	7389	8
248E9	738B	8
248EA	7389	10
248EA	738B	8
248EB	6597	10
248F0	73A8	4
248F4	8AB7	10
248FD	7441	10
24908	745A	10
2490D	73C9	2
2490F	73A6	10
24918	4E18	10
24928	7470	2
2492A	73CA	10
2492F	603A	4
24937	8FFD	2
2493B	73ED	10
2493B	9812	8
2493C	7459	8
2493C	78AF	10
2493D	73CD	10
2494E	7430	10
24954	738A	2
24955	7401	10
24955	7487	8
24955	74BF	8
24956	5B9D	2
24956	5BF6	10
24957	7409	10
2495A	7395	10
24978	7498	10
2497C	7481	10
24992	56FD	2
24992	570B	10
2499B	7441	16
249A0	73A0	14
249A1	7434	10
249A6	73ED	10
249A6	9812	8
249A8	671B	8
249A8	8056	10
249B1	74CA	2
249B3	743F	10
249B4	7405	10
249D6	74B0	10
249D7	548C	10
249E2	7498	10
249EA	741B	10
249EB	8FFD	2
249F0	7435	10
249F2	7436	10
249FA	7444	10
24A0F	7463	10
24A10	746B	8
24A10	74BD	10
24A14	74B0	10
24A18	6591	10
24A1C	7405	10
24A1D	745F	10
24A3A	741B	10
24A40	73CA	10
24A41	74A9	10
24A45	7401	8
24A45	7487	8
24A45	74BF	10
24A46	744D	10
24A47	74B9	10
24A48	74B9	10
24A49	74B9	10
24A4A	589D	4
24A4B	7401	8
24A4B	7487	8
24A4B	74BF	10
24A52	7DA6	8
24A52	9A0F	8
24A52	9A6A	8
24A5F	73E1	8
24A5F	7434	10
24A5F	7439	8
24A61	7401	8
24A61	7487	8
24A61	74BF	10
24A6B	7470	10
24A6D	865F	4
24A71	7471	8
24A73	58B3	8
24A73	5954	8
24A73	8CC1	8
24A74	7471	10
24A75	741A	10
24A83	7499	10
24A85	7464	10
24A85	7476	2
24A8C	7DA6	8
24A8C	9A0F	8
24A8C	9A6A	8
24A8F	7498	10
24A90	74B5	10
24AA3	747E	10
24AA9	7473	10
24AAA	7443	8
24AAC	741A	10
24AB9	74B0	10
24ABF	5080	10
24AC0	7401	8
24AC0	7487	8
24AC0	74BF	10
24AC5	78A7	10
24AC6	746B	8
24AC6	74BD	10
24ACA	3691	8
24ACA	4A29	8
24ACA	970A	10
24ACA	9748	10
24ACC	74B5	10
24ACD	7434	10
24AE9	73B2	10
24AF0	74DE	8
24AF4	74DE	8
24AFC	74DE	8
24B0E	74DE	8
24B17	74E0	8
24B21	74E2	8
24B22	74E2	10
24B23	74E2	8
24B26	74E6	10
24B2A	7F38	2
24B2E	74F6	8
24B2E	7501	8
24B2E	7F3E	8
24B3A	76CE	2
24B50	750D	10
24B70	7503	10
24B79	76CE	10
24B80	74F7	10
24B90	58AB	8
24B90	5C0A	8
24B90	6A3D	8
24B90	7F47	8
24B94	7504	10
24BA6	58DC	10
24BA6	7F4E	8
24BA7	7F4F	2
24BA8	7931	2
24BB2	7515	10
24BBA	7518	10
24BBB	65E8	10
24BC1	820C	2
24BC2	5449	10
24BC8	8517	10
24BC9	803D	10
24BCB	8517	10
24BD3	751F	10
24BD4	4EBA	10
24BD5	59D3	10
24BD7	7A4F	10
24BD7	7A69	10
24BDB	7B19	10
24BDD	9752	10
24BE0	59FB	10
24BE2	661F	10
24BE2	76A8	8
24BE3	59D3	10
24BE6	5AE9	10
24BE7	59D3	10
24BEC	59D3	10
24BEF	5AE9	10
24BEF	5AF0	8
24BF2	9686	10
24BF3	7526	10
24BF3	7A4C	8
24BFD	6B7B	10
24C03	7528	10
24C05	5099	2
24C06	7528	10
24C07	5099	10
24C08	5099	10
24C0B	5EB8	10
24C0E	5889	10
24C15	753D	8
24C15	754E	10
24C16	755D	2
24C1B	7559	10
24C1B	7571	10
24C1D	753D	8
24C1D	754E	10
24C1E	5351	10
24C20	753C	4
24C23	754F	10
24C29	756C	2
24C2B	90A6	10
24C30	754F	10
24C31	753B	10
24C31	756B	10
24C32	754F	10
24C34	5A01	10
24C35	754F	10
24C36	7533	14
24C4A	7559	10
24C4F	755B	10
24C52	9678	10
24C56	754F	10
24C5E	754B	10
24C65	755B	10
24C6A	753B	10
24C6A	756B	10
24C6B	5A01	10
24C6D	5F53	2
24C6D	7576	10
24C6E	9B45	10
24C71	8F09	10
24C7C	755B	10
24C83	7562	8
24C84	9B3D	10
24C8B	756F	8
24C98	66A2	2
24C99	755A	10
24C9B	755A	10
24C9C	7562	8
24C9D	55C7	10
24CA2	7544	8
24CA2	7559	10
24CA2	7571	8
24CA7	7546	8
24CA7	7552	8
24CA7	755D	10
24CAC	5827	8
24CAE	7587	10
24CAF	753B	10
24CAF	756B	10
24CB0	7441	10
24CB2	7CDE	10
24CB6	5B32	10
24CB6	5B7F	8
24CB7	7A61	10
24CB8	755C	8
24CB9	7577	10
24CBA	5FAF	2
24CBA	8E4A	10
24CBD	6821	10
24CBF	753B	10
24CBF	756B	10
24CC8	5834	10
24CC8	5872	10
24CCB	55C7	10
24CCF	757E	10
24CEC	7566	10
24CF9	867A	10
24CFB	7D2F	10
24CFB	7E8D	8
24D02	7565	10
24D02	7567	8
24D05	7F4F	8
24D07	661F	10
24D07	76A8	8
24D08	7D2F	10
24D08	7E8D	8
24D0C	96F7	10
24D0C	9741	8
24D10	96F7	2
24D10	9741	10
24D11	96F7	10
24D11	9741	8
24D12	9F3A	8
24D13	6B63	10
24D13	758B	8
24D15	8DB3	10
24D18	758C	10
24D1C	68B3	10
24D1E	590F	10
24D24	4A29	8
24D24	970A	10
24D24	9748	10
24D28	75A3	8
24D29	4EC4	10
24D2A	3F72	8
24D2B	7592	8
24D2B	7594	2
24D2E	3F72	8
24D47	75A5	10
24D4B	80DD	2
24D4D	65A5	10
24D4D	8204	8
24D5C	75A2	10
24D5C	75B9	8
24D62	75C3	10
24D63	75C5	10
24D66	672D	10
24D7B	809B	2
24D7D	24E0E	2
24D7F	763B	2
24D80	3F72	8
24D85	75BE	10
24D8C	75E9	10
24D8C	7626	10
24DA2	61DD	8
24DA2	75F4	2
24DA2	7661	10
24DA3	75AB	10
24DA5	75BE	10
24DA8	75D5	10
24DAA	75D2	10
24DAB	759A	10
24DB7	7621	10
24DC2	75F1	10
24DCA	75A3	2
24DCA	80AC	2
24DCC	80D7	2
24DD0	76F2	10
24DDA	7603	10
24DE5	75E0	8
24E02	75E9	10
24E02	7626	10
24E03	75E9	10
24E03	7626	10
24E03	8184	8
24E06	75FF	2
24E07	7643	10
24E0B	75A5	10
24E0F	75C6	2
24E11	5FA9	8
24E11	7641	8
24E15	61A8	10
24E1E	63A3	8
24E1F	75D4	10
24E20	5EBF	8
24E20	5EDF	10
24E22	60A9	10
24E22	60F1	10
24E24	8755	10
24E2A	63A3	8
24E2C	8870	2
24E2D	760F	2
24E30	9DF9	10
24E36	618A	10
24E3A	6B2C	10
24E3F	5EA6	10
24E49	5EC8	8
24E4D	995C	10
24E60	7620	10
24E6A	75C0	2
24E71	7615	10
24E73	9EBC	10
24E73	9EBD	8
24E76	75E9	10
24E76	7626	10
24E79	7613	10
24E7B	60A9	10
24E7B	60F1	10
24E81	75E9	10
24E81	7626	10
24E84	5C30	8
24E84	7607	8
24E85	8D05	8
24E88	760F	2
24E8B	75B9	2
24E8D	61A8	10
24E92	8A3E	10
24E98	5516	8
24E98	555E	10
24E98	7602	8
24E9A	761B	10
24E9B	7647	10
24E9D	7627	10
24EA6	761E	10
24EA7	80A4	8
24EA7	819A	10
24EA8	7621	10
24EBD	24E37	10
24EC2	75EC	2
24EC8	760D	10
24EC9	96C1	10
24EC9	9CEB	8
24EC9	9D08	10
24ECD	63C4	10
24ED5	7655	8
24ED5	7670	10
24ED5	81C3	8
24ED6	75F9	2
24ED8	766E	10
24EDA	618A	10
24EDB	7664	10
24EDE	75A2	10
24EE3	75BE	10
24EE8	7613	10
24EEE	5FDC	2
24EEE	61C9	10
24EEF	75E9	10
24EEF	7626	10
24EF2	7642	8
24EF3	7630	10
24EF4	75BC	8
24EF5	7664	10
24EF8	7625	10
24EF9	7658	10
24EFA	75E9	10
24EFA	7626	10
24F04	762D	10
24F1A	7658	10
24F1C	8731	8
24F1C	87B5	8
24F20	7630	10
24F21	9DF9	2
24F25	8E8B	10
24F29	7678	10
24F2A	767B	10
24F2C	73ED	10
24F2C	9812	8
24F32	767A	10
24F32	767C	10
24F37	767B	10
24F3C	767B	10
24F3D	767D	10
24F47	6CC9	2
24F4B	8C46	10
24F4D	6C17	2
24F4D	6C23	10
24F4E	852D	8
24F4E	9634	8
24F4E	9670	10
24F4E	9682	8
24F50	8FEB	10
24F58	7D42	10
24F59	7687	10
24F5A	7687	10
24F5B	661F	10
24F64	7686	16
24F65	76AA	10
24F67	7687	10
24F6C	7D42	10
24F86	7768	4
24F99	8259	10
24F9E	667A	10
24FA0	7684	2
24FA1	82B1	2
24FA1	8624	2
24FA4	5E30	2
24FA4	6B78	10
24FA4	7688	8
24FAA	661F	10
24FAA	76A8	8
24FB8	82B1	2
24FB8	8624	2
24FBE	76AA	10
24FCA	76AF	10
24FD1	8DDB	10
24FD7	896A	10
24FD7	97C8	8
24FDB	8F9C	10
24FDC	8D67	8
24FE5	76BA	10
24FE8	9798	2
24FEE	76BA	10
24FFF	76BA	10
2500A	97CB	10
2500D	7F86	10
25026	7F86	10
25027	7F86	10
25028	5B55	10
2502F	896A	10
2502F	97C8	8
25034	6B39	10
25034	9A0E	8
2503C	93E7	8
2503C	9F15	8
25043	5B5F	2
25044	76C2	10
25049	76E5	10
2504B	76CD	10
25056	58F7	10
25056	58FA	10
2505E	5C3D	10
2505E	76E1	10
25060	68EC	8
2506A	5B5F	10
2506B	76DE	10
2506C	7C0B	10
25070	76DF	10
25078	68EC	8
25080	76DF	10
25088	9914	10
2508A	76CD	10
25096	6F09	8
25097	76DF	10
250A0	91A2	8
250A1	76C9	2
250A5	76DE	2
250A7	91A2	8
250B3	76EA	10
250B9	91A2	8
250BC	8803	8
250BC	8821	10
250C2	76C9	2
250C7	6AD1	2
250C7	7F4D	2
250C8	76E7	10
250D5	69BC	10
250D8	91C1	8
250E1	9E78	8
250E1	9E7C	10
250E6	76EE	10
250E9	826E	10
250F2	5177	10
250F3	76F1	10
250FB	9996	10
250FC	878D	10
25100	7A85	10
25102	76F4	10
25102	900C	8
25106	8996	2
25108	7766	2
25109	770C	8
2510C	775F	10
2510F	7735	10
25111	80A4	4
25119	8996	10
2511A	8996	10
25125	8006	10
25136	8997	10
2513E	7701	10
2513F	7724	8
2513F	7747	8
25140	9F0E	10
25153	8CA4	10
25155	7709	10
2515A	76F1	10
2515B	55D4	8
2515B	778B	8
2515C	55D4	8
2515C	778B	8
25163	7724	8
25163	7747	8
2516B	8846	8
2516D	8996	10
2516E	7709	10
25171	7701	10
25176	671B	8
25176	8056	10
25179	774E	10
25186	8CBF	10
25190	6664	4
25190	9B5A	8
25192	7746	8
2519E	9766	2
251A2	773C	10
251A4	76EE	10
251B3	7763	10
251CB	76F2	10
251D1	6717	8
251D2	4039	10
251DD	776A	10
251E1	776A	10
251EE	7709	10
25205	9766	10
25208	7717	2
2520E	778E	10
25210	7725	10
25210	7726	10
25211	777A	10
25220	53E1	8
25220	777F	10
2522A	5C0A	10
25240	9C25	2
2524D	7735	10
2524F	770B	10
25251	7762	4
25256	772D	2
25256	7766	2
25257	770A	10
25259	8996	10
2525A	7761	10
25266	7720	10
25284	77A2	10
25285	775A	10
25286	4039	10
25290	7167	10
252B0	77A0	2
252B2	77A0	10
252B8	8074	8
252BC	77A0	10
252C3	77A4	2
252C4	779F	10
252CD	7761	10
252D0	7707	10
252DF	3B22	8
252DF	66E6	10
252E0	779F	10
252EB	7167	10
252F0	779A	10
252F0	77AC	2
2530B	77A2	10
2530E	77A4	10
25315	77BD	10
25316	661C	8
25316	6698	8
25316	9633	8
25316	967D	10
2531D	779F	10
25330	77B6	2
25335	8271	10
25336	77B6	10
25344	89B3	10
25344	89C0	10
2534A	89B3	2
2534A	89C0	10
2534C	779F	10
25353	513C	8
25353	77B0	8
25355	89B3	10
25355	89C0	10
25362	91F6	8
25362	9247	8
25364	77DB	10
25365	77DB	10
2537F	76FE	10
25384	69CD	10
2538A	77DC	12
2538F	77E0	10
2539A	77DC	8
253A6	4FAF	10
253A6	77E6	10
253A7	77E4	8
253A7	77E7	10
253A8	77E2	10
253A8	7B36	8
253A9	65CF	10
253AA	77E4	10
253AA	77E7	10
253AB	93C3	10
253B2	7591	10
253B5	77E5	10
253B6	77ED	10
253BB	77EA	10
253BC	65CF	10
253BD	65CF	10
253BF	77E5	10
253C0	93C3	10
253C1	65CF	10
253C2	75BE	10
253C9	5F58	10
253DA	8084	10
253EC	5510	10
253F3	7AE2	8
253F4	75BE	10
253F5	7624	10
253F7	96C9	10
253FB	50B7	8
253FC	667A	10
253FE	667A	10
25403	75BE	10
25404	97CB	10
25416	77F3	10
25417	782D	10
25418	77F3	10
2542B	78FA	10
2542B	9271	2
2542B	945B	2
2543A	7825	10
2543C	7847	10
25441	782D	10
2544A	78BE	10
2544D	78D0	10
25450	5CAC	8
2545A	7847	10
25465	59D3	4
25465	7843	4
25469	7847	10
25477	786C	4
2548E	788A	2
25490	7845	10
254A3	78F7	14
254A4	7459	8
254A4	78AF	10
254A9	7926	2
254A9	9271	2
254A9	945B	2
254AF	7149	10
254B0	54FA	4
254C1	7847	10
254CB	7814	10
254CB	784F	10
254CF	57ED	2
254D3	7891	10
254D5	78EC	10
254F1	7459	8
254F1	78AF	10
254FC	78F2	10
254FD	67F4	10
254FD	7826	8
25506	5E2D	10
2550E	7895	2
25510	78D5	10
25530	7832	2
25530	792E	10
25533	786E	10
25535	78C1	3
25545	5CA8	2
25546	7930	10
25549	539D	10
25556	6901	2
25571	787C	2
25574	792B	10
25577	789D	10
2557B	5638	4
2558B	7459	8
2558B	78AF	10
2559B	65AB	10
255A1	97FF	10
255A1	9909	8
255C2	6469	10
255C9	78CA	10
255D8	6469	10
255D9	786E	2
255D9	7910	10
255EC	78CA	10
255F2	9739	2
255F7	8F3E	8
255F8	7847	10
25605	793A	14
25606	793C	2
25606	79AE	10
25608	795F	10
25609	521D	14
25610	795F	10
25615	797A	10
25616	982D	10
25626	8D66	10
2562C	7953	8
2562C	79E1	8
25630	7940	8
25630	79A9	8
25631	795D	10
25632	7956	10
2563E	5948	10
2563E	67F0	8
2563F	4148	8
2563F	79E6	10
25642	7957	10
25644	736E	8
25644	7962	8
25644	79B0	10
25649	7940	10
25649	79A9	8
2564A	796D	14
2564D	795E	10
2564F	6B83	10
25664	7977	8
25664	79B1	10
2566B	7092	8
2566D	793E	10
2566E	736E	8
2566F	798D	10
25672	793E	10
25673	8F14	10
25678	7977	8
25678	79B1	10
2567F	88D5	2
2568D	798D	10
2569C	7977	8
2569C	79B1	10
2569E	795E	10
256A7	794A	14
256A9	7CC8	2
256AA	658E	2
256AA	9F4B	10
256BA	7A2D	16
256C0	7972	10
256C3	4C20	8
256C3	795E	10
256C6	7972	8
256C7	79B1	10
256C8	79B1	10
256D4	798D	10
256DC	8A5B	8
256E0	795E	10
256EE	81B0	10
256F0	5C1E	2
256F0	71CE	2
256F1	794A	10
256F2	91AE	8
256F4	7940	10
256F4	79A9	8
256FB	794A	10
25705	797F	8
25705	7984	8
2570F	8DEA	10
25714	7967	8
25723	7977	8
25723	79B1	10
25726	736E	12
25726	7962	8
25726	79B0	8
25728	793C	2
25728	79AE	10
25729	795E	10
2572C	736E	8
2572C	7962	8
2572C	79B0	8
25731	795F	10
25737	658E	2
25737	9F4B	10
25739	79B1	10
2573C	79B9	8
2573F	72D2	8
2573F	79BD	8
25743	72D2	8
25743	79BD	8
25744	4E07	2
25744	842C	10
25745	4E07	2
25745	842C	10
25748	72D2	8
25748	79BD	8
2574B	72D2	8
2574B	79BD	8
2574D	7389	10
2574D	738B	8
25750	62A6	8
25750	79C9	10
25753	79D5	10
25755	8292	8
25762	5229	14
25764	5229	10
25766	677B	4
25769	7A42	2
25769	7A57	2
2576B	7281	8
2576B	7282	10
2576F	5954	14
25778	6C97	4
2577B	7A40	10
25780	79FB	14
25782	7A03	10
25786	9ECD	10
2578F	795D	2
257B1	681E	4
257B1	909B	4
257B7	7A37	8
257B9	7CB1	10
257BB	82FE	8
257D1	7A17	10
257D9	7A46	10
257DB	7A37	12
257DD	7A18	10
25801	7A1E	14
25802	7A5F	10
25807	7A46	10
25808	7A37	8
2580B	696B	4
2580C	5EE9	10
2580E	7A37	8
25816	9ECE	10
25834	9B2F	10
2583A	69B2	4
2583C	79E6	10
25842	69D0	4
25846	7A46	14
25854	9B2F	10
2585A	9ECE	10
2585C	6A0F	4
2585D	517C	2
2585E	7A3D	10
25869	79C7	8
25869	82B8	10
25869	84FA	8
25869	85DD	10
2586B	6303	10
2586F	7A4D	10
25870	7A2E	10
25873	7A3D	10
25874	7A3D	3
25880	9ECE	10
25881	7A5F	10
25893	6388	10
25896	7A2E	10
25897	79A7	4
258AE	79E6	10
258BA	7A61	10
258BC	7A4D	10
258DC	7A59	10
258E0	79E6	10
258E6	7A1A	2
258E6	7A49	10
258E8	79CB	10
258E8	79CC	8
258E8	7A50	8
258E8	9F9D	8
258E9	7A67	10
258EE	7A37	8
258F0	85CA	8
258F1	7A61	10
258F2	62C5	2
258F2	64D4	10
258F7	7CAE	8
258F7	7CE7	10
25901	7A15	10
25903	5500	8
25903	7F90	8
25903	7F91	8
25903	8A98	10
25906	85A6	10
25907	7A47	10
25912	983D	2
25913	85CA	8
2591B	79CB	10
2591B	79CC	8
25922	7A74	10
25927	585E	2
2592A	5B57	10
2592B	8650	10
2592C	5B8D	8
2592C	8089	10
25936	5C41	10
25936	259D4	10
2593C	9083	10
2593D	5BC2	10
2593E	7AC5	10
25949	5CAB	10
2594E	7A88	10
25950	5CA8	10
25952	5BC2	10
25953	5C41	2
25962	7A7F	8
25963	57A3	10
25969	5411	10
25977	7AC7	2
2597C	7235	10
25980	8993	10
25982	7AC5	10
25984	7A76	10
2598E	8CD3	10
25991	7AA3	10
2599B	7F6B	2
2599C	580B	10
259A0	6F25	8
259A0	7AAA	8
259A0	7AB3	8
259A1	3761	8
259A1	6700	10
259A6	5F07	10
259A7	7AAC	10
259A9	63A9	10
259AD	5BB0	16
259B5	7A76	10
259B6	81FD	10
259B8	4F0F	8
259B9	7AAC	10
259BB	7AC4	10
259BC	67D8	10
259BD	5BD4	14
259BE	7255	8
259BE	7A93	8
259BE	7A97	10
259BE	7ABB	8
259C0	7235	10
259CA	5800	8
259CA	7A9F	10
259CC	5BD0	8
259D4	5C41	2
259DC	4F0F	8
259F2	5BD6	8
259F2	6D78	8
259F3	7AAF	10
259F3	7AB0	8
259FA	7AAE	10
25A07	7A76	10
25A0D	4F0F	8
25A12	7AC4	10
25A13	7A76	10
25A16	7ABA	10
25A16	95DA	8
25A17	7AC4	10
25A18	56C8	10
25A20	7076	8
25A20	7AC3	8
25A20	7AC8	10
25A2A	7AAE	2
25A2B	7076	8
25A2B	7AC3	8
25A2B	7AC8	8
25A2C	7AC4	10
25A31	7A83	6
25A31	7ACA	14
25A36	7A76	10
25A37	7A83	10
25A37	7ACA	10
25A48	7ACA	16
25A4B	7076	8
25A4B	7AC3	8
25A4B	7AC8	10
25A50	7AC7	10
25A53	7A83	2
25A53	7ACA	10
25A56	4EA6	10
25A60	7AD9	10
25A73	5F85	10
25A74	5728	10
25A7B	7AD5	10
25A7F	671B	10
25A7F	8056	8
25A80	57D4	4
25A90	7ADC	2
25A90	9F8D	10
25A91	7ADC	2
25A91	9F8D	10
25AA6	5092	8
25AA6	5FAF	8
25AA6	8E4A	8
25AB0	7AF6	10
25AB0	7AF8	8
25ABA	5100	10
25ABF	7AE5	10
25AC3	5100	8
25AC8	7ADC	2
25AC8	9F8D	10
25AC9	60C7	8
25ACD	7AE5	10
25AD0	5546	10
25AD4	8D1B	14
25ADA	7B95	10
25AE1	7AFD	10
25AEC	25AF1	8
25AF3	82B3	2
25AF6	7B95	10
25AFD	5319	10
25B01	7B0B	16
25B07	5173	8
25B07	7B11	10
25B0C	7BEA	2
25B16	76AE	10
25B19	82E3	10
25B1A	7B2E	10
25B1B	7B2E	10
25B2F	6832	8
25B2F	23465	8
25B30	518A	2
25B30	7B27	8
25B35	7BC5	10
25B3E	7B51	10
25B52	25AF1	10
25B57	7BF7	10
25B5B	82BB	10
25B5B	84AD	10
25B63	826F	10
25B68	7B66	10
25B70	7BC9	10
25B77	826F	10
25B78	7BE0	10
25B85	7B97	14
25B8F	5178	10
25B91	3C0F	10
25B99	7BAD	10
25BA0	7B9D	10
25BA0	7BCF	8
25BA6	7B65	10
25BAB	518A	10
25BAB	518C	8
25BAF	7886	10
25BD2	683D	14
25BD3	7C2A	10
25BD5	26CDD	4
25BDF	7B6D	4
25BE7	7B2E	10
25BED	7B70	10
25BF0	7C6F	10
25BF1	7B25	10
25BF4	4264	8
25BF4	7C54	10
25BF5	8803	8
25BF5	8821	10
25BF9	7BC9	10
25BFA	97AB	2
25C0B	683C	8
25C20	7B65	10
25C29	7C45	10
25C2B	7B6E	10
25C2C	97AB	2
25C34	7B0B	8
25C34	7B4D	10
25C35	7BF0	10
25C3A	7BC9	10
25C3D	7BEA	10
25C3F	7B0B	8
25C3F	7B4D	10
25C45	751A	10
25C4F	7BDD	10
25C7E	7B65	10
25C86	901A	2
25C92	7BC9	10
25C98	7B2F	10
25C99	7BDD	10
25C9E	753E	8
25CA9	97AB	2
25CAB	526A	8
25CAB	7FE6	10
25CAE	6BD2	10
25CBB	64B0	8
25CBC	7BAF	10
25CBD	77EC	10
25CD1	7C21	7
25CD9	7BC5	10
25CDE	7CBC	2
25CE0	7BEA	2
25CE4	7B1B	10
25CE6	7B0B	8
25CE6	7B4D	10
25CE7	7C01	10
25CEA	7B07	2
25CEA	7B97	2
25CEB	500E	8
25CEB	8146	10
25CED	7BAD	10
25CEF	7B56	10
25D00	7BC9	10
25D02	7BF3	10
25D23	7BF7	10
25D61	7BDD	10
25D63	7BC5	10
25D64	7F69	2
25D69	7B99	8
25D6D	7BC9	10
25D71	63AC	2
25D73	7B91	10
25D75	5196	8
25D75	51AA	10
25D75	7F83	10
25D76	500E	8
25D76	8146	10
25D7D	7C4C	10
25D8E	83F9	10
25D99	5F57	8
25D9A	8146	2
25D9D	3BCD	8
25D9D	69F3	10
25DAA	7C0E	10
25DB5	6BC7	10
25DB6	97A0	8
25DB6	9EAF	8
25DB6	9EB4	8
25DC2	7B6E	10
25DC3	3BCD	8
25DC3	69F3	10
25DC9	7C5E	2
25DD4	7C45	8
25DD6	7CBC	2
25DDA	97AB	10
25DDF	83F9	10
25DE0	7B65	10
25DE3	7B6E	10
25DE4	97AB	2
25DEF	89B3	2
25DEF	89C0	10
25DF2	7C5E	2
25DF8	7C4D	10
25E05	7C69	8
25E11	89B3	2
25E11	89C0	10
25E16	7C1F	10
25E22	7C2A	10
25E28	8E6F	10
25E2B	7C9F	10
25E2D	63AC	10
25E2E	6852	2
25E35	98E9	2
25E37	7CA2	10
25E37	9908	8
25E3E	6599	10
25E43	7A03	10
25E48	67C1	4
25E4B	98F4	8
25E4F	7CB2	10
25E5D	97FF	8
25E5D	9909	10
25E5D	995F	8
25E5F	7C9F	10
25E61	7C79	10
25E62	805E	2
25E74	9914	10
25E79	414F	8
25E7A	7CE0	10
25E7D	7C98	10
25E7F	958F	10
25E88	5540	8
25E88	72BE	8
25E88	72FA	8
25E88	9F57	8
25E8B	7CF6	10
25E98	79D5	2
25E98	7C83	2
25E9A	6DC5	2
25E9E	7CA5	10
25E9F	79D5	2
25E9F	7C83	2
25EA0	7720	10
25EA2	7CD2	10
25EA4	7CB2	4
25EB3	7CC8	10
25EB6	5C4E	10
25EB8	7CC8	10
25EC6	7C9F	10
25ECE	7CDE	10
25ED3	9908	2
25ED4	7CDE	10
25EDF	7CEF	10
25EE7	69CF	8
25EEB	756A	10
25EF3	96B7	10
25EF3	96B8	10
25F07	7CDE	10
25F08	7CDE	10
25F09	7CD2	10
25F13	7CD2	10
25F18	5630	2
25F19	7CB6	10
25F1D	9ED0	10
25F20	79D5	2
25F20	7C83	2
25F21	7C97	2
25F36	91CB	4
25F37	9958	10
25F39	6BC7	2
25F3D	7CD6	10
25F3D	25E65	8
25F3E	7CDD	8
25F40	7CF6	10
25F43	7CD7	10
25F43	9EA8	8
25F51	79D5	2
25F51	7C83	2
25F5C	6AE8	2
25F66	6BC7	8
25F66	947F	8
25F67	97A0	8
25F67	9EAF	8
25F67	9EB4	8
25F6D	25EC2	8
25F7B	7CD6	10
25F7C	25EC2	8
25F7E	7CDF	10
25F7F	6BC7	10
25F7F	947F	8
25F84	7C9F	10
25F86	5377	8
25F86	5DFB	8
25F86	7CFA	8
25F86	7CFE	10
25F8E	7DA6	10
25F8F	5F26	14
25F92	7D14	8
25F92	7DC7	10
25F96	7D03	10
25F96	7D62	8
25F9C	60E3	8
25F9C	63D4	8
25F9C	7DCF	2
25F9C	7E3D	10
25F9D	7DEC	8
25F9E	7E26	2
25F9E	7E31	10
25FA1	7D03	8
25FA1	7D62	10
25FA6	7DA6	10
25FA7	7D31	10
25FA8	7D07	10
25FAA	70CF	10
25FAB	7D50	14
25FAC	7D19	2
25FBA	7E26	10
25FBA	7E31	10
25FBB	7DA6	10
25FC4	7D19	2
25FC8	7D31	10
25FCB	7E41	10
25FD0	9676	10
25FD1	7DB8	10
25FD3	7D00	10
25FDC	7D3E	10
25FDF	7D22	10
25FED	7D8C	10
25FEE	7E54	8
25FF2	7E10	10
25FF3	7D30	10
25FF4	9AF9	10
25FF8	7D73	10
25FFB	7D79	2
25FFD	7D8F	2
26013	7E52	10
26017	7E54	2
26018	7D15	8
26019	63D4	8
26019	7DCF	2
26019	7E3D	10
2601B	7D17	10
2601E	7D59	10
2601F	7D17	10
2601F	7DF2	8
26020	65BF	8
26020	65D2	10
26020	6E38	8
26026	5E0B	8
26026	7D19	10
26027	7D39	10
26043	7D14	8
26043	7DC7	10
2604A	6302	8
2604A	6DF5	8
2604A	7D53	8
2604A	7F6B	8
2604B	7E54	10
2604B	26017	8
2604F	63A9	10
26052	7DB2	10
26053	7E54	10
26053	26017	8
26054	6BEF	10
26058	7D20	10
2605A	7D99	10
2605A	7E7C	10
2605B	7D32	8
2605B	7D4F	8
2605B	7DE4	10
2605E	6A64	10
26070	7DA6	8
26070	7F88	8
26071	7D9A	2
26071	7E8C	10
26074	7D33	10
26074	9673	8
26082	7D35	10
2608E	7E2C	10
2608F	97A6	8
26090	7DF1	10
26096	88E8	4
26097	7D83	8
26099	7E22	10
2609A	7D83	10
2609B	7D41	2
2609D	7DDD	8
260B4	7DB1	10
260B5	7E26	2
260B5	7E31	10
260B7	7DAB	8
260B7	7DDA	10
260C1	7D8C	10
260C3	7D20	10
260C5	7D61	10
260C6	7D61	10
260C8	97A6	8
260CD	7E41	2
260CE	7E54	10
260CE	26017	8
260D0	7E45	10
260D0	7E70	2
260D3	7D14	8
260D3	7DC7	8
260D6	7DC2	2
260DA	7D20	10
260DB	7D8C	10
260DC	7D03	8
260DC	7D62	10
260DE	7DE6	10
260DF	7CFB	2
260DF	7D14	8
260DF	7DC7	8
260E0	7D14	8
260E0	7DC7	10
260E5	7DAF	10
260E7	78A7	10
26109	7E2C	10
2610A	7DAE	10
26116	7D42	10
26117	7E5A	10
2611A	7E26	10
2611A	7E31	10
2611B	7D14	8
2611B	7DC7	10
26132	7E2E	10
2613E	5E5E	8
2613F	7E86	10
26140	5C0B	10
2614C	7E22	10
2614D	7E32	8
2614E	7E7B	10
2614F	7E7B	10
26152	7E45	10
26152	7E70	2
26155	7DBD	10
26158	7E5D	3
26165	7E04	8
26165	7E69	8
26169	7D75	2
26169	7E6A	10
26177	7D35	10
2617B	7DE9	10
2617E	7E73	10
26185	7E35	10
26188	7E82	8
26189	97C9	10
2618A	97C1	10
2618E	7E79	10
2618F	7E55	10
26195	8F61	10
26196	7E5A	10
2619C	7E10	10
2619D	7E39	10
261A5	5B93	8
261A5	5BC6	10
261A7	7E12	10
261A9	5F5D	10
261AA	88F9	10
261AC	7E26	10
261AC	7E31	10
261AF	7E7D	10
261C2	7E6D	10
261C3	7D35	10
261C4	5121	10
261C8	7E12	10
261D3	7D99	2
261D3	7E7C	10
261D5	7E56	10
261DA	5F5D	10
261E2	7E09	10
261E5	5909	2
261E5	8B8A	10
261E8	7E9B	10
261E9	97C9	10
261EB	7DAB	10
261EB	7DDA	10
261F0	7E2C	2
261F3	7E39	10
261F6	7E7E	10
261F7	8F61	10
261FB	7DE9	10
261FC	7D41	10
26200	7DBD	10
26222	7F36	8
26222	7F3B	8
26222	7F50	8
26227	676F	10
26227	686E	10
26227	76C3	8
2622B	6B20	2
2622B	7F3A	10
2622B	21647	8
2622D	8D8A	10
2622F	5650	8
2622F	5668	10
26231	74F7	10
26236	676F	8
26236	686E	8
26236	76C3	8
2623B	76DE	8
26242	937E	2
26247	74F6	8
26247	7501	8
26247	7F3E	10
2624F	7F45	10
2625A	9B31	10
26260	9B31	10
26266	7F4C	10
26269	7F4D	10
2626A	7F51	8
2626A	7F52	8
2626D	56DB	10
2626E	7F51	8
2626F	7F51	8
26273	7F51	8
26273	7F52	8
26278	7F54	10
2627B	7F55	10
2627C	8ECD	10
2627D	7F51	8
2627E	7F54	10
2627F	7CA4	10
26286	5CA1	2
26292	7B31	10
26296	7F5F	10
2629E	7F60	10
2629F	7F5F	10
262A4	5CA1	10
262BE	7F58	8
262C7	7F69	10
262CA	7B95	10
262CC	515C	10
262CC	5160	8
262CD	9EFD	10
262D1	7F58	8
262D7	7F67	10
262D8	7F6E	10
262D9	7F68	10
262DA	7F69	10
262DB	7F6A	10
262DD	7F85	10
262DF	7F51	8
262E7	7F72	10
262EC	7F70	10
262EC	7F78	8
262F2	7F6E	10
262FB	7F75	10
262FC	7F77	10
26300	7F67	10
26302	7562	8
26303	7F6E	10
26305	7F51	8
26310	7F79	10
26313	7F7D	10
26316	7F6E	10
2631D	7F7E	10
2631E	7F7D	8
26323	9ED4	8
26324	7F6E	10
26332	7F86	10
26334	7F85	10
26336	7F82	10
2633C	7BED	8
2633C	7C60	10
26347	8FBA	2
26347	908A	10
2634A	7F88	10
2634B	7F8A	10
2634E	7F8C	10
2634E	7F97	8
26351	7F8C	10
26351	7F91	8
26351	7F97	8
26352	5E78	2
2635A	7F8E	8
2635A	7F94	10
2635C	80BA	10
2635D	7274	2
2635D	7F9D	10
2635E	7274	2
2635E	7F9D	10
2635F	7F9E	10
26361	7F8E	16
26364	6714	10
26368	7FAF	10
26369	7F96	10
2636C	8F9C	10
2636E	7F9E	10
26372	75D2	10
2637F	7274	2
2637F	7F9D	10
26383	57F7	10
26383	77E3	8
26386	7242	10
26388	736C	10
2638B	8C78	10
2638C	246A5	8
2638D	5584	10
26399	5500	8
26399	7F90	8
26399	7F91	8
26399	8A98	10
2639D	776A	10
2639F	7FB9	8
263A4	97A3	10
263B4	7F94	10
263BB	83A7	2
263C1	7FB2	10
263CA	83A7	2
263D8	736C	10
263DD	5B34	10
263DE	7FB8	10
263DF	5584	10
263DF	8B71	8
263E0	7F94	10
263E1	7FB2	10
263E7	719F	10
263EA	7F9A	10
263EB	7FB6	2
263EF	5584	10
263EF	8B71	8
263F0	7F9A	10
263F2	7FBD	8
263F4	96E9	6
263F5	7FFC	10
263F5	26402	8
263F6	511B	8
263F6	821E	10
263FB	96E9	2
26400	511B	8
26400	821E	10
26402	7FFC	2
26408	7FC1	2
2640A	7FC5	10
2640C	7FC3	8
26416	54AB	10
26427	7FBF	8
2642C	7FD5	10
2642D	98DB	10
2642E	53CB	10
2642F	53CB	10
26431	622E	10
26432	6C92	10
26432	6CA1	2
2644A	65C2	8
2644A	65CC	10
26462	7E9B	10
26464	8FCE	2
26465	7FE5	8
26466	526A	8
26466	7FE6	10
26469	7FEC	10
26473	7FE6	10
2648F	7FEE	10
26492	7FF9	10
26495	526A	8
26495	7FE6	10
26496	7FFC	10
26496	26402	8
264A2	7FFA	10
264A3	6E7F	2
264A3	6FD5	10
264AE	98DB	10
264B1	5B5D	2
264B1	8003	10
264B3	8001	10
264B7	8004	8
264BF	8006	10
264C0	8006	10
264C2	58FD	10
264C2	5BFF	2
264C4	8004	10
264C6	58FD	10
264C6	5BFF	2
264D4	9700	10
264D7	9EFB	10
264DE	9EFC	10
264E8	801C	10
264EE	8015	10
264F5	801C	10
264F7	8018	8
264F7	82B8	8
26509	7A2E	10
26510	8018	8
26510	82B8	8
26518	8028	10
2651E	5FB9	10
26521	8024	10
26522	8024	10
2652A	802C	10
2652F	80E5	8
2652F	9700	8
2652F	9808	8
26530	6E4F	8
26530	80E5	8
26530	9700	8
26530	9808	8
26536	8036	8
2653D	8074	10
2653D	807D	10
2653E	80A4	4
2653F	7471	10
26541	805E	10
2654A	8058	10
2654C	805E	10
2654C	25E62	8
2654D	803D	10
26550	803C	10
26550	8043	8
26553	58FB	10
26553	5A7F	10
26553	805F	8
26554	536F	10
26558	8074	10
26558	807D	10
26561	8056	10
26562	8074	2
26562	807D	10
26571	8068	8
26571	806F	10
26575	804A	10
2657A	4EAB	8
2657A	9AD8	8
2657B	8061	10
2657B	8066	8
2657B	8070	10
2657C	804A	10
2657E	8052	10
26580	6B8D	10
2658F	805A	10
2659C	58FB	10
2659C	5A7F	10
2659C	805F	8
265A5	8075	10
265AB	805E	10
265B9	8068	8
265B9	806F	10
265C1	7471	10
265CE	6649	8
265D6	804A	10
265DF	8074	1
265E4	807E	10
265E6	8052	10
265F7	8071	8
265FF	8075	10
26604	8075	10
26608	8068	8
26608	806F	10
2660B	8075	10
26615	753B	10
26615	756B	10
26618	663C	2
26618	665D	10
2661B	7C9B	2
2661B	8085	10
2661D	7C9B	2
2661D	8085	10
2661F	8087	10
26620	66F8	10
26623	65B2	10
26623	65B5	8
26623	20807	8
26628	8086	10
2662B	80AF	10
2662C	80B4	10
2662D	98E3	10
26634	81DA	4
26637	80D8	10
2663A	80A5	10
26641	80DD	10
26643	54A0	8
26643	80E5	10
26644	5308	10
26644	80F8	8
26645	81DA	8
2664D	80E4	10
26650	80D9	10
26658	80DD	10
2665A	6714	10
2665B	98E9	8
2665F	6589	2
2665F	81CD	10
26660	80DD	10
26661	80AF	10
26669	80B4	10
2666A	80A9	10
2666D	75BC	8
26672	75C2	10
26673	80D7	10
26675	8155	2
26677	5C3B	10
26681	80E0	10
26683	80BA	10
26689	613C	2
26689	614E	2
2668C	3E60	8
2668C	8C5A	10
2668D	80F8	10
26691	80A9	10
26692	80E0	10
26693	80D6	10
266A0	8124	8
266A3	8DDF	10
266A4	8174	10
266A7	7734	4
266AC	80EF	10
266AF	80E4	2
266B0	8107	2
266C1	8133	10
266C1	8166	10
266C2	80C3	10
266C3	80F3	10
266C4	80F8	10
266D5	80E0	10
266E7	7099	10
266EC	80E4	10
266F3	8133	10
266F3	8166	10
266F4	4422	10
266F6	811A	10
26709	813E	10
2670C	80D7	2
26710	8118	10
26714	819D	10
26715	8DFD	10
26718	4E73	10
26719	98EA	10
2671A	80B4	10
2671D	81CD	2
26721	7099	10
2672C	80AD	10
26736	8180	10
2673A	8F9F	10
2673B	4422	10
26750	76B0	10
26755	80FD	10
26757	80D5	10
26760	9A3E	2
26760	9A58	2
26763	4BCA	8
26763	9ABC	8
26767	8169	10
26769	80C3	10
2676A	54BD	2
2676B	8170	10
2676E	543B	10
2676F	80C5	10
26776	8133	10
26776	8166	10
26784	8133	10
26784	8166	10
26785	80C3	10
2678B	622E	10
26795	5589	10
2679C	761C	10
2679D	613E	4
2679E	51FD	2
267A0	81C0	8
267A3	81CA	10
267A3	9BF5	8
267A3	9C3A	8
267A6	81DB	8
267A7	7624	10
267A9	80E4	10
267AC	8171	10
267AF	55DC	10
267B6	8179	10
267C0	9A3E	2
267C0	9A58	2
267DB	50AD	10
267DD	810A	10
267E2	5507	2
267E2	8123	10
267E4	7F9E	10
267E5	906F	10
267E6	819C	2
267F0	76B6	8
267F3	91B5	10
26803	81CD	10
2680A	8133	10
2680A	8166	10
2680B	6CBB	10
2680D	816D	8
2680D	9F76	10
26817	810A	10
2681E	81C2	10
26824	8133	10
26824	8166	10
26828	81CA	10
26828	9BF5	8
26828	9C3A	8
2682A	814A	10
2682B	5AE9	10
2683C	81D8	10
26840	819D	10
26848	7655	8
26848	7670	10
26848	81C3	8
2685C	81C2	10
26869	819D	10
2686C	9ED0	10
26873	81C8	8
26873	81D8	10
26873	FA1F	8
26876	8181	8
26878	81A9	10
2687A	766D	10
26883	81B3	10
26895	7620	8
26896	81BA	10
2689A	80A4	8
2689A	819A	10
2689D	75E9	10
2689D	7626	10
268A6	9165	10
268A7	808B	8
268AA	81B8	8
268AA	9AC4	8
268AA	9AD3	8
268AB	6727	3
268B8	818A	10
268BB	81BA	10
268BC	8D0F	10
268C1	8198	10
268C8	818A	10
268C9	7FB8	10
268CD	70F9	8
268CD	7FB9	8
268D0	81E0	10
268D1	9165	2
268E0	671B	2
268EE	5B64	10
268F2	81E8	10
268F7	81E8	10
268F9	81EA	10
268FA	767D	10
268FB	9996	8
268FC	81EA	10
268FD	6075	2
268FD	60E0	10
268FF	4EAC	10
268FF	4EB0	8
268FF	539F	8
268FF	6E90	8
26903	7687	10
26906	96F2	10
2690A	8842	10
2690A	8844	10
2690D	7687	14
26910	7687	10
26912	7D42	10
26918	5EB8	2
26932	4ECF	10
26932	4F5B	10
26933	81F3	10
26934	81F3	10
26935	81F3	10
26939	81F4	10
2693A	81F4	10
2693C	53F0	4
2693C	5C4B	10
2693C	81FA	12
2693F	5C4B	10
26944	4453	2
26944	53F0	2
26944	81FA	2
26945	7D70	8
26946	63E1	10
2694E	8F0A	6
26951	81FC	2
26952	6B6F	10
26952	9F52	10
26953	56DF	10
26953	9856	8
26954	7533	10
26959	66F3	14
2695B	81FF	10
26960	8201	10
26962	81FD	10
26967	8CB6	10
26969	9F20	10
26969	9F21	8
2696B	81FF	10
2696E	70BA	2
2696E	7232	10
26974	8202	10
26976	8205	10
26977	8208	10
26978	4E0E	2
26978	8207	10
26979	8201	10
2697A	8981	10
2697C	8981	10
2697D	8202	10
2697F	3DD4	8
2697F	7114	8
2697F	7130	10
2697F	71C4	8
26980	7533	10
26982	6B6F	10
26982	9F52	10
26988	81FF	10
2698A	8205	10
2698F	97F2	10
2698F	9F4F	10
26993	8202	10
26994	72D2	8
26994	79BD	8
26995	6B43	8
26999	6319	10
26999	64E7	10
26999	8209	8
2699A	5BC5	10
2699E	9095	8
269A4	8FB2	10
269A5	8FB2	10
269AC	8B72	2
269AC	8B93	10
269AD	55AA	10
269B1	81FF	10
269B6	58CC	2
269B6	58E4	10
269B9	947F	10
269BC	6EB2	10
269C4	5875	2
269C7	445B	8
269C7	8210	10
269CA	542E	10
269D3	445B	8
269D3	8210	10
269D5	8A79	10
269E6	8F9E	2
269E6	8FAD	10
269E7	445B	8
269E7	8210	10
269EA	445B	8
269EA	8210	10
269EB	445B	8
269EB	8210	10
269F0	6187	8
269F0	61A9	10
269F5	8A71	10
269F6	820D	10
269F6	820E	10
26A01	845F	10
26A05	511B	8
26A05	821E	10
26A07	8229	2
26A08	670D	10
26A0A	670D	10
26A0B	670D	10
26A14	976D	10
26A14	97CC	8
26A15	670D	10
26A17	822C	10
26A1C	8238	2
26A1F	89F6	10
26A30	823C	8
26A31	6D25	10
26A34	825F	8
26A35	822A	8
26A36	6715	10
26A37	7B4F	10
26A3F	8247	10
26A4A	8257	10
26A4E	6715	10
26A4F	6D25	10
26A5E	516A	2
26A5F	670D	2
26A66	6D25	10
26A68	6D25	10
26A69	5AB5	10
26A7B	671D	10
26A7D	824F	10
26A85	8247	8
26A89	6D25	10
26A91	7B4F	2
26A98	6A5B	2
26A9B	6A48	10
26AA4	822B	2
26AA9	8232	10
26AAD	8247	4
26AAD	9054	4
26AC0	9A30	10
26AC1	8B04	10
26AC2	8CF8	10
26AC3	8232	10
26AC4	8232	10
26ACA	8232	10
26AD2	8271	10
26AD7	76B0	10
26ADB	8274	10
26ADD	76B4	10
26ADE	984F	10
26ADE	9854	10
26AE2	8276	10
26AE2	8277	10
26AE2	8C54	10
26AE4	984F	10
26AE4	9854	10
26AE8	984F	10
26AE8	9854	10
26AF1	76B0	10
26AF6	827D	8
26AF7	827D	8
26AF8	8375	10
26AF9	53CB	10
26AFA	6B7B	10
26B00	4E5F	8
26B03	4E47	2
26B04	8375	10
26B06	8292	10
26B09	82A5	10
26B1E	8299	2
26B1F	8401	10
26B20	64E7	8
26B20	8209	8
26B21	8403	10
26B22	83E9	8
26B26	7591	10
26B27	53CB	10
26B33	82B1	8
26B33	82B2	8
26B33	8624	8
26B38	672E	8
26B38	8853	8
26B39	82F4	4
26B3D	8446	10
26B3F	84AF	2
26B40	6B7B	10
26B42	83C5	10
26B43	840D	10
26B45	4E56	8
26B46	84BC	10
26B47	65BD	10
26B4B	827D	8
26B68	82E7	16
26B69	829D	10
26B6B	8E4C	10
26B82	84CD	10
26B83	4E56	8
26B84	8394	10
26B85	83AB	10
26B8A	82BB	10
26B8A	84AD	8
26B8B	8352	10
26B8D	84AF	10
26B8F	6B21	10
26B92	66F2	8
26B93	834A	10
26B98	827F	10
26B99	8475	10
26BA0	8302	2
26BA0	8357	8
26BAE	6C83	10
26BC2	83FD	10
26BC6	8306	10
26BC7	833A	10
26BCC	8292	2
26BCE	8471	8
26BCE	8525	10
26BD1	8349	10
26BD3	83F9	14
26BDB	84D6	10
26BDC	839E	10
26BDE	5099	10
26BE5	8431	10
26BE5	857F	8
26BE5	8610	8
26BE6	85D0	10
26BE7	8449	10
26BE8	83BD	8
26BE9	837D	10
26BEA	828D	10
26BF4	4F0A	10
26C17	83EF	10
26C27	8449	10
26C35	84AF	2
26C36	82DF	10
26C37	8524	10
26C49	7ADC	2
26C49	9F8D	10
26C4B	8394	10
26C4D	8534	8
26C4D	9EBB	10
26C4E	8494	10
26C51	79C8	10
26C52	82DC	14
26C54	84D6	8
26C57	8494	10
26C58	84A1	10
26C5A	82B8	10
26C5B	77A2	10
26C5C	828D	10
26C5E	82FA	8
26C5E	8393	8
26C61	82E5	10
26C62	82E5	10
26C64	8349	8
26C64	83AB	10
26C66	8463	10
26C69	4E9F	10
26C69	710F	8
26C6A	82BB	10
26C6A	84AD	8
26C6B	847A	10
26C6C	846C	10
26C6E	62A6	8
26C6E	79C9	10
26C74	83AB	10
26C76	82E5	10
26C78	7ADC	2
26C78	9F8D	10
26C79	5171	10
26C7A	55AA	10
26C7B	82BB	10
26C7B	84AD	8
26C7C	846C	10
26C83	5500	8
26C83	7F90	8
26C83	7F91	8
26C83	8A98	10
26C86	82DF	10
26C87	82B4	10
26C88	82A5	10
26C9E	8518	16
26CAC	8534	8
26CAC	9EBB	10
26CB8	34BC	10
26CC2	6D1F	10
26CC5	8438	10
26CC8	84D6	8
26CCA	5C4E	8
26CCA	77E2	8
26CCA	7B36	8
26CCB	84AF	2
26CCC	82A8	2
26CCE	83F9	8
26CD2	85CE	10
26CD3	9CE7	2
26CD5	83BD	8
26CD8	82F4	10
26CE6	683D	2
26CEA	84C0	10
26CF0	51F5	2
26CF1	8349	10
26CF3	84C1	10
26CF4	845C	10
26CF6	8394	10
26CFA	8307	10
26CFC	712B	8
26CFC	7207	10
26D00	8525	8
26D05	8470	8
26D06	82DF	10
26D08	82E5	10
26D0B	5922	10
26D0B	68A6	8
26D12	4EAB	10
26D12	9AD8	8
26D13	846C	10
26D17	5F59	10
26D17	732C	8
26D17	875F	8
26D18	89E3	10
26D19	85DC	8
26D19	9ECE	10
26D1A	8FE2	2
26D1B	831C	10
26D1E	5929	10
26D1F	8322	10
26D20	82DC	10
26D2E	8303	10
26D30	82D5	10
26D31	846C	10
26D33	82DF	10
26D3B	83E1	16
26D3C	84C1	16
26D52	8429	10
26D52	8612	8
26D5D	82F3	10
26D61	828E	8
26D61	97A0	8
26D65	851A	10
26D68	8587	10
26D6D	8470	8
26D6E	859B	8
26D6E	859C	2
26D73	83CA	10
26D7B	831C	10
26D7C	83CC	10
26D81	8561	10
26D89	8308	10
26D8A	840D	2
26D8A	84F1	10
26D92	83CF	10
26D93	857B	10
26D96	85DF	2
26D97	83CA	10
26D9B	83AB	10
26DAA	8338	10
26DAB	8449	10
26DAC	8470	10
26DAD	8318	2
26DAD	8354	10
26DAE	8018	8
26DAE	82B8	8
26DB0	84D6	8
26DD7	8591	10
26DD8	8A3C	2
26DD8	8B49	10
26DDA	8478	10
26DDD	82BB	10
26DDD	84AD	10
26DE0	8618	2
26DE1	8475	10
26DE3	8349	10
26DF1	8465	10
26DF6	83BD	8
26DFE	8515	10
26E02	6DF1	2
26E07	672E	8
26E07	8853	8
26E09	845C	8
26E0C	839E	10
26E0E	8494	10
26E0F	7C11	8
26E0F	7C14	8
26E0F	84D1	10
26E11	8511	10
26E15	6BD2	10
26E1C	83D1	10
26E1E	871C	10
26E1F	846C	10
26E24	855E	10
26E29	84FD	10
26E2B	83CE	10
26E2C	6625	10
26E2D	8323	8
26E2F	8398	10
26E32	85D5	8
26E33	84D0	10
26E39	827D	10
26E3A	8308	8
26E48	838E	10
26E49	8306	10
26E4A	8323	8
26E4C	8806	10
26E4D	837C	10
26E61	6B8D	10
26E62	9020	10
26E65	4543	2
26E65	852D	2
26E68	8A3C	2
26E68	8B49	10
26E69	840C	10
26E7E	8004	10
26E82	8469	10
26E88	84C0	10
26E8A	839E	10
26E8F	832D	10
26EA0	82FD	10
26EA0	83F0	10
26EAA	85F7	10
26EAB	83A8	10
26EAE	8330	8
26EAE	8438	10
26EAF	5C5F	8
26EB3	858F	10
26EB5	53E2	8
26EB8	7CA6	8
26EBC	4543	8
26EBC	852D	8
26EBC	9634	8
26EBC	9670	10
26EBC	9682	8
26EC1	840F	10
26EC3	8411	10
26EC4	844F	10
26EC7	6075	2
26EC7	60E0	10
26EC8	8584	10
26EC9	83D4	10
26ECA	8358	2
26ECA	838A	10
26ECC	7C20	10
26EE0	83EB	10
26EE3	840A	10
26EE4	831C	10
26EE5	83F2	10
26EE6	8404	10
26EE7	8411	10
26EE9	8524	10
26EEA	8466	10
26F06	7524	8
26F06	8564	8
26F0F	8588	4
26F11	84FF	10
26F12	8518	10
26F2C	83F9	10
26F2E	7A08	8
26F2F	7A57	8
26F2F	7A5F	8
26F36	5C5F	8
26F3C	7C5E	2
26F46	5B7C	8
26F46	5B7D	8
26F48	8555	10
26F4A	9A4A	10
26F4F	9CE7	2
26F51	7A15	10
26F56	83CC	8
26F59	84C0	10
26F5A	5B7C	10
26F5A	5B7D	10
26F5B	8532	10
26F5C	840F	10
26F5D	84CF	10
26F5F	8439	10
26F61	8004	10
26F62	8482	8
26F62	8515	10
26F65	699B	10
26F66	8513	10
26F67	83A0	10
26F68	832D	10
26F69	63C9	10
26F71	846C	10
26F77	844F	10
26F78	846D	10
26F7B	8446	10
26F90	85CD	10
26F92	79E3	8
26F93	82B1	10
26F93	83EF	8
26F94	820A	2
26F97	85CE	10
26FAD	84A1	10
26FAE	7A08	8
26FAF	83C9	10
26FB0	83FB	2
26FB4	8629	10
26FB7	84FC	10
26FC6	83EA	2
26FD1	846C	10
26FD2	699B	10
26FD4	853D	10
26FD5	6A35	10
26FD7	8004	10
26FD8	83F9	10
26FD9	8600	8
26FE2	8499	10
26FE3	84BF	10
26FE4	84C4	10
26FEA	84EC	10
2700D	66F2	8
27017	83D1	10
27021	8638	10
27022	5C5F	10
27031	8482	8
27031	8515	10
27037	84C0	8
27038	50D5	10
27039	8517	8
2703C	859B	10
2703D	83F9	10
2703E	7A0A	2
27040	7A08	8
27041	8618	10
27043	84C4	10
27044	8465	10
27045	8A3C	2
27045	8B49	10
27046	8A3C	2
27046	8B49	10
27047	82E5	10
2704C	5922	10
2704C	68A6	8
2704D	85FB	2
27051	85FB	10
27054	7C20	10
27055	840D	2
27055	84F1	10
27056	84C4	10
27057	8525	10
27058	8541	10
27068	8607	2
27068	8613	3
2707D	83F1	8
2707D	8506	8
27080	85D0	10
27083	839F	10
27084	840F	10
27087	84C0	8
27087	8541	8
2708A	85A4	10
2708C	8563	10
27091	85A6	10
27093	99B3	10
27095	8004	10
27097	84C0	8
27098	8618	2
2709A	83F9	10
2709C	851E	2
2709F	8562	10
270A5	846C	10
270A7	8513	8
270B0	85CE	10
270B1	8568	10
270B2	83CA	2
270B4	8411	10
270B5	8543	10
270CE	859B	10
270D6	97F1	2
270E1	85FB	10
270E3	83CE	10
270E4	85CE	10
270E6	96DA	10
270EB	85C9	10
270EE	71D0	2
270EE	7CA6	10
270F0	5914	8
270F0	8641	10
270FB	8594	10
2710B	9A4A	10
27112	8627	12
27117	83F9	10
27118	85D9	10
2711A	840A	8
2711C	6A64	8
2711C	854A	10
2711C	8602	10
2711F	85A6	10
27121	6A35	10
27123	70B3	8
27123	713C	10
27123	71D2	10
27129	85FB	10
2712A	9A4A	10
2712B	8629	10
27141	8591	10
27142	85FB	10
27145	83EF	10
27148	85CB	8
27149	85ED	10
2714A	83F1	10
2714A	8506	8
2714D	8618	10
2714F	85DC	10
27153	85ED	10
27159	85D9	10
2715B	85CB	8
2715C	6AEC	8
2715E	805A	10
27160	8640	10
27161	7A2D	10
2716A	8822	10
27171	8640	10
27171	97F2	8
27171	9F4F	8
27174	97F2	8
27174	9F4A	8
27174	9F4F	8
27178	8548	10
2717D	91A2	8
27181	53E2	8
27186	79B4	8
27188	85D9	10
2718B	7136	10
27192	6B53	2
27192	6B61	10
27197	91A2	8
2719D	8650	10
2719E	4E55	8
2719E	864E	10
271A3	7F4F	8
271A7	8650	10
271A8	7F4F	8
271A9	8650	10
271AA	8656	10
271AC	8653	10
271B1	8650	10
271B3	8657	8
271B3	865A	2
271B3	865B	10
271BD	5F6A	4
271C1	864D	2
271C2	4E55	8
271C2	864E	10
271C4	7F4F	8
271CF	7F4F	8
271D4	51F1	10
271D8	8A5B	10
271E2	5154	8
271E2	6AA1	8
271E2	83B5	8
271E2	83DF	8
271E4	51E6	10
271E4	8655	10
271F2	70D8	10
271FD	943B	8
271FE	8667	10
27200	4A29	8
27200	970A	10
27200	9748	10
27209	8987	10
27209	9738	10
2720B	83B5	8
2720B	83DF	10
27210	9955	10
27212	5154	8
27212	6AA1	8
27212	83B5	8
27212	83DF	8
27215	7F4F	8
2721F	273FE	10
27220	86A4	10
2722A	86A9	8
2722B	8679	10
2722C	8679	10
27230	459D	8
27230	866B	10
27238	86A4	10
27242	8695	10
27246	873B	8
27247	867A	10
27248	8677	4
27249	6BD2	10
2724C	86A9	10
2724F	8695	2
2724F	8836	10
27260	869D	8
27260	87CB	8
27267	8710	10
27268	86E9	10
27268	86EC	8
2726C	868A	2
2726C	87C1	10
2726E	8675	8
2726E	86C7	10
27273	868C	10
27274	871C	10
27293	8729	10
2729C	9C10	8
2729C	9C77	8
272A1	86E9	10
272A1	86EC	8
272A4	8734	10
272A7	86E4	10
272A9	8702	10
272AB	869D	8
272AB	87CB	8
272AE	86EC	10
272B8	869D	8
272B8	87CB	8
272C8	8C78	2
272C9	8787	10
272CB	8708	10
272CC	8827	8
272CC	8839	10
272D7	86B3	2
272DC	8671	8
272DC	8768	10
272DD	8776	10
272DE	8776	10
272DF	86D1	2
272E0	8803	8
272E0	8821	10
272EF	86EC	10
272F3	86E9	10
2730A	8751	10
2730A	8821	8
2730B	8751	10
27315	8763	10
27316	8751	2
2731F	866F	10
27320	8731	10
27320	87B5	8
27321	8671	10
27321	8768	10
27326	867B	2
27326	8771	2
27328	8725	10
27329	8695	2
27329	8836	10
2732A	86EC	10
2732B	8679	10
2733B	86A3	10
2733B	8719	8
27353	87C0	10
2735A	8698	8
2735A	86D4	10
2735A	86D5	8
2735B	86F9	10
2735E	9C10	8
2735E	9C77	8
2735F	8765	10
27363	8806	10
27363	8823	8
27364	869D	8
27364	87CB	8
27366	8695	10
27374	8740	1
27378	87BD	8
2737A	8679	10
2737D	87FB	10
2737F	8713	8
27380	8725	10
27382	8766	10
27397	874C	10
2739E	868C	10
273AE	86A4	10
273B4	8725	10
273B6	87E3	10
273BB	8765	10
273BC	73E7	8
273C0	869D	8
273C0	87CB	8
273C1	86B3	10
273C5	87AB	10
273CA	8394	10
273CE	8689	8
273CE	868A	10
273CF	86C6	10
273D2	86EC	10
273D4	86B3	10
273DD	8810	10
273E6	8815	2
273EC	55E4	14
273FD	882E	8
273FF	86B0	2
27402	8755	10
27405	86C6	10
27409	8718	10
2740C	96D6	8
2740F	86B3	10
27418	8765	2
2741A	45EA	8
2741B	876E	8
2741C	273DA	8
2741D	86AA	10
2742D	87AB	10
27431	45E5	10
27444	87BD	2
27447	870A	8
27458	6113	2
27462	87FB	8
27463	87EF	10
2746A	87E0	10
2746C	87BD	2
2746D	8707	10
2746E	8815	10
2746F	8695	2
2746F	8836	10
27471	8707	10
27474	4E80	10
27474	9F9C	10
27478	87BD	10
27482	27449	8
2748E	45B8	10
2748E	86FE	10
2748F	8703	10
27490	882E	8
27492	8702	8
27498	873E	10
27499	86D7	10
27499	961C	8
2749A	8765	10
2749E	5F59	8
2749E	732C	8
2749E	875F	10
2749F	87BD	10
274A2	8671	8
274A2	8768	10
274A3	5B7C	8
274A3	5B7D	8
274A4	874E	10
274A5	87AF	10
274A6	87C4	10
274A7	871C	10
274BE	87F7	10
274C9	8810	10
274CC	86CD	10
274CC	87A2	10
274CE	8731	10
274CE	87B5	8
274D2	8693	8
274D2	87BE	10
274D4	873B	10
274D9	87E0	10
274DA	880D	10
274DB	87E5	10
274DC	8827	8
274DC	8839	10
274DE	873E	10
274DF	8822	10
274E2	8689	8
274E2	868A	10
274EB	871C	10
274F1	8758	10
274F3	86ED	10
274F5	8806	10
274F9	868A	2
274F9	87C1	10
274FC	8765	2
274FD	86CE	8
274FD	8823	8
27500	8815	2
27504	880D	10
27506	868D	10
27508	8832	10
27510	8806	10
27522	87EC	8
27526	882E	8
27528	8765	2
2752C	8827	8
2752C	8839	8
2752E	87FB	8
2752F	868D	10
27531	8806	10
27532	879F	10
2753A	8806	2
27549	8787	10
2754A	8776	10
2754F	5B7C	8
2754F	5B7D	8
27550	87AC	10
27551	8765	10
27552	871A	8
27554	880D	10
2755E	9B4F	8
27560	87BD	8
27570	8709	10
27573	8803	8
27575	871C	10
27576	87FB	10
27577	8822	10
2757D	8695	2
2757D	8836	10
2757F	871A	8
27584	86CE	8
27584	8823	8
27585	871C	10
27588	868D	10
2758A	8810	8
2758B	87EB	10
2758C	8827	8
2758C	8839	10
27591	5F37	10
27593	878D	10
27594	87C1	8
27595	868D	10
27596	86EE	10
27596	883B	10
27599	8706	10
2759A	8709	10
2759D	87ED	10
2759E	9C63	10
275A4	87AC	10
275A9	8842	8
275A9	8844	10
275AB	6B20	2
275AB	7F3A	10
275AB	7F3C	8
275AB	21647	8
275B3	56F3	10
275B3	5716	10
275B4	8108	2
275B8	76DF	10
275BC	6B27	10
275BC	6B50	10
275BD	76DF	10
275C1	6D25	8
275C3	6D25	8
275C4	76E3	10
275C9	9914	10
275CA	6D25	8
275CE	83F9	8
275D4	8127	8
275D5	81BF	8
275D7	8842	8
275D7	8844	10
275DD	8ECC	10
275DE	885F	4
275DE	9053	10
275DF	9053	10
275E0	884D	4
275E3	8861	10
275E7	5F80	10
275E7	5F83	8
275EA	6B63	10
275EA	758B	8
275EC	5FAE	10
275ED	6106	10
275ED	8AD0	8
275EE	8859	16
275F1	8853	10
275F3	8852	10
275F5	7387	2
275F6	5272	10
275F7	8853	16
275FA	6106	10
275FA	8AD0	8
275FB	79A6	10
275FF	7387	2
27602	885D	10
27604	5C0E	10
27606	8862	10
27609	88D4	10
2760A	88D4	10
2761D	8868	14
27620	886F	10
27623	88BE	10
27626	8868	10
2762D	887E	10
2762F	88D4	10
27630	8868	10
27636	6551	10
27648	7960	4
2764A	88C0	8
2764B	53EA	10
2764C	888D	10
2764D	5E19	8
2764D	88A0	10
2764F	8896	10
2764F	88CF	2
27650	887E	10
27657	7950	2
27658	888D	10
2765C	88C5	10
2765C	88DD	10
27668	887D	10
27668	88B5	8
27669	88C2	10
27677	88C2	10
27679	798D	10
27680	6885	4
2768C	88C5	10
2768C	88DD	10
2768D	88D8	10
27695	79FB	10
2769C	892B	10
2769D	88C1	10
276AE	27723	10
276B0	88F0	10
276B1	8912	2
276B1	8943	10
276B2	88C2	10
276B3	88FD	10
276B4	7E66	2
276B4	8941	10
276B8	7E43	10
276B9	889E	8
276BA	8937	10
276C3	7A1B	10
276D0	5E44	10
276D1	88C0	8
276D3	8930	10
276D5	5E3D	10
276D6	8898	10
276D9	8912	2
276D9	8943	10
276DB	895F	2
276E0	88D3	10
276E3	8888	10
276E6	56A2	8
276E6	56CA	10
276E8	88D4	10
276EC	88D9	10
276F2	88D4	10
27706	7A60	8
2770D	4E9D	8
2770D	6589	10
2770D	9F4A	10
2770F	88F4	8
2770F	88F5	8
2771F	88D4	10
2772D	9874	8
2772F	8912	10
2772F	8943	10
27730	8907	10
27738	8870	10
27743	8882	8
27744	8966	10
27750	88FC	8
2775B	5080	10
2776C	5E63	8
2776C	5E64	8
27771	8930	10
27773	7E73	8
27776	8910	10
27779	88F8	10
27779	8EB6	8
2777A	88A4	10
2777D	8910	10
2777E	8912	10
2777E	8943	10
2777F	7E66	2
2777F	8941	10
27782	342E	8
27782	8944	10
2779C	8944	10
277A7	8868	10
277AF	888D	10
277B1	8868	10
277BB	8944	10
277BC	8930	10
277C2	7E66	2
277C2	8941	10
277C9	8949	10
277CD	5E14	8
277CD	88D9	8
277CF	889E	8
277D2	7A60	8
277D5	6C0E	10
277D6	886B	10
277D7	889E	8
277D9	4665	10
277DB	8972	10
277DF	8972	10
277E9	8983	10
277EA	73CD	10
277EF	8667	10
277F2	8987	10
277F2	9738	8
277F3	8987	10
277F3	9738	10
277F4	5E9A	10
277F9	8983	10
277FC	70D3	10
277FD	7F77	10
277FF	671B	8
277FF	8056	10
27803	8986	10
27804	7F87	10
27806	898B	4
27807	5150	10
27807	5152	10
2781D	8A3A	10
27822	89B0	10
27822	89B7	8
27828	8993	8
27828	8994	8
27829	83A7	4
2782D	8990	8
2782D	899A	10
2782D	89BA	10
2782E	559A	10
2784B	775A	10
2784E	7768	2
27858	89AA	10
2787A	8996	8
2787B	9766	10
2787D	8CF4	10
2787D	983C	10
2787F	89AA	10
27884	779F	8
27885	95B2	10
2788D	77A5	10
2788F	775A	2
2789A	89B2	10
278B1	6027	10
278B2	89D2	10
278B8	625B	8
278BB	89E6	10
278BB	89F8	10
278C4	89F6	10
278C8	89E6	2
278C8	89F8	10
278CE	89DD	10
278D3	89DD	10
278D7	89DA	8
278D9	9BC0	8
278DC	89DD	10
278E8	89F6	10
278F4	76DE	8
278F6	5155	10
278FD	89FD	8
278FD	89FF	10
27904	5155	10
27905	89F1	10
2790B	5F5D	10
27920	97A8	2
27922	89FD	8
27922	89FF	10
27929	9BC0	8
2792F	6451	2
2793D	7BD7	8
2793F	6BBA	10
27940	89F1	10
27941	89FD	8
27941	89FF	10
2794D	9463	8
27951	89F1	10
27958	89E6	2
27958	89F8	10
2795D	8A5E	10
27961	8A95	10
27962	8A87	10
27965	8A13	10
27968	8A4D	10
2796C	8A0A	8
27971	592B	2
27973	8A69	10
27976	8A91	10
27977	8A16	10
2797E	8B58	10
2797F	8A13	2
27981	546C	10
27998	8AB7	10
2799A	8A46	10
2799C	8A3A	10
279A0	5443	8
279A1	8A34	10
279A3	4F5E	10
279A3	4FAB	8
279A5	8B00	10
279A5	8B28	8
279A7	8A11	8
279A7	8A51	10
279A9	8A11	10
279A9	8A51	2
279AA	5F01	2
279AA	8FAF	10
279AB	8A52	10
279BE	8A23	10
279C2	8A3A	10
279C4	5984	8
279C5	8AEB	2
279CC	5BC2	10
279CD	54C2	10
279D1	55AD	8
279D1	8AFA	10
279D3	6064	2
279D9	8A70	2
279D9	8AA5	10
279DA	59CD	8
279DA	8A15	10
279DC	5984	10
279DC	8AB7	8
279DE	8A70	2
279DE	8AA5	10
279E1	8A1F	10
279E2	8B0A	8
279E7	8A48	10
279EA	59CD	8
279EA	8A15	10
279EB	8A46	2
279F1	9304	10
279F1	9332	10
279F3	8A87	10
279F9	5092	8
279F9	5FAF	8
279F9	8E4A	8
279FC	8ABC	10
279FF	6559	10
27A01	55DF	10
27A02	5475	2
27A03	9B29	10
27A05	5584	10
27A05	8B71	8
27A06	8AA3	8
27A08	4A29	8
27A08	970A	2
27A08	9748	10
27A0F	8ABC	10
27A19	8A82	10
27A23	8A25	10
27A26	8AE1	8
27A26	8B1A	10
27A2D	76E3	10
27A2F	8ADC	10
27A31	8A46	10
27A3A	8B58	10
27A3C	8A0A	8
27A3F	8A63	4
27A42	8B17	10
27A46	671B	2
27A4A	8A87	10
27A50	865F	8
27A56	8B05	10
27A58	8A61	8
27A5B	8A62	10
27A5C	8ADC	10
27A5E	8ACF	10
27A60	8AF7	10
27A61	8B9C	10
27A62	8A3E	10
27A65	8A48	2
27A6F	8A34	10
27A75	5F01	2
27A75	8FAF	10
27A78	8AF3	10
27A79	8A11	10
27A79	8A51	2
27A7B	8ACF	10
27A7D	8AC4	3
27A7E	76E3	10
27A7F	8B54	10
27A81	8A51	10
27A82	8A62	10
27A84	8A18	2
27A86	5475	8
27A86	54EC	8
27A86	8A36	10
27A94	5F01	2
27A94	8FA7	8
27A94	8FA8	10
27A96	8AA1	10
27A9C	8A34	10
27A9E	55D1	8
27AA4	8B07	10
27AA9	606F	10
27AAC	7E47	10
27AAE	5629	8
27AAE	8B41	8
27AAE	8B43	8
27AB1	8A62	10
27AB4	8A91	10
27ABA	8AD6	10
27ABF	8B1B	10
27ACB	8A34	10
27AD2	865F	8
27AD8	7AF6	8
27AD8	7AF8	8
27ADA	8AE6	10
27AE3	901F	2
27AE7	8AF3	10
27AE8	8B19	10
27AE9	8B3E	10
27AEA	8B14	10
27AED	8B5C	10
27AEF	55DF	10
27AF2	8ADE	10
27AF7	901F	10
27B04	8B1D	10
27B0B	767A	2
27B0B	767C	2
27B0D	8B2B	10
27B0D	8B81	8
27B0F	83BD	8
27B12	8B3E	10
27B1F	8A3E	10
27B20	8A35	8
27B23	8B58	10
27B2A	8AE2	2
27B2B	8B2D	8
27B2F	8B07	10
27B31	8A36	2
27B33	8A33	2
27B33	8B6F	10
27B34	8B02	10
27B35	865F	8
27B36	8B2C	10
27B43	62C5	2
27B43	64D4	2
27B48	4F5E	8
27B48	4FAB	8
27B49	8A3A	10
27B52	8A89	10
27B52	8B7D	10
27B56	8B70	10
27B58	8B5C	10
27B5B	8B76	10
27B60	5199	2
27B60	5BEB	2
27B62	8B9C	10
27B69	8B39	10
27B6B	8AC4	10
27B74	8B5E	10
27B77	8AF8	10
27B7A	8AC4	10
27B7F	5F01	2
27B7F	8FAF	10
27B80	5F01	2
27B80	8FAF	10
27B82	8B56	16
27B83	8B8C	10
27B83	91BC	8
27B86	8B0D	8
27B88	8B07	10
27B89	5629	8
27B89	8B41	10
27B89	8B43	8
27B8E	8B07	10
27B90	8B94	10
27B92	566B	10
27B92	8B69	8
27B98	8AE2	10
27B9F	5584	10
27BA5	55A7	10
27BA8	8B72	2
27BA8	8B93	10
27BA9	8B8B	10
27BAF	8C39	10
27BB0	8C3D	10
27BB2	3563	10
27BB8	58D1	10
27BC6	8C41	10
27BCA	9699	10
27BCB	5C88	8
27BCB	8C3A	10
27BCE	6F97	10
27BD1	6F97	10
27BD1	7900	8
27BD3	8C3A	10
27BDA	8373	8
27BDA	8C46	10
27BDB	58F4	10
27BDC	8373	8
27BDC	8C46	10
27BE1	8C4C	10
27BE2	537A	10
27BEE	8C4A	2
27BEE	8C50	10
27BEF	8401	10
27BF3	8C4C	10
27BF7	537A	10
27BFB	56AD	10
27BFD	8C4A	10
27BFD	8C50	8
27C06	7562	8
27C27	8C55	10
27C2C	5F56	8
27C2C	8C55	10
27C2D	3E60	8
27C2D	8C5A	10
27C2F	718A	10
27C3C	8C61	3
27C3D	5155	10
27C43	5155	10
27C49	8C57	10
27C54	3E60	8
27C54	8C5A	10
27C64	8803	8
27C64	8821	10
27C6E	3E60	8
27C6E	8C5A	10
27C6F	3E60	8
27C6F	8C5A	10
27C74	733D	8
27C76	9CF3	10
27C81	8084	10
27C8F	8C69	10
27C9B	85A6	10
27C9F	6606	10
27CA9	72E2	8
27CA9	8C89	8
27CAA	72E2	8
27CAA	8C89	8
27CB2	72D0	10
27CB7	8C85	10
27CBF	3E83	8
27CBF	72D7	10
27CC3	8C78	10
27CCA	736C	10
27CCF	8C7C	8
27CCF	8C94	8
27CD2	7683	8
27CD2	8C8C	10
27CD6	34B5	8
27CD6	7683	8
27CD6	8C8C	10
27CE9	732F	8
27CE9	8C92	10
27CEA	5F59	10
27CEA	732C	8
27CEA	875F	8
27CEB	7336	8
27CED	7328	10
27CED	733F	10
27CEF	4417	8
27CEF	732A	10
27CEF	8C6C	10
27CF2	732F	8
27CF2	8C92	10
27CF7	72F7	10
27D01	79BB	2
27D0F	72E2	8
27D0F	8C89	8
27D14	72F8	10
27D14	8C8D	10
27D18	72E2	8
27D18	8C89	8
27D1E	72E2	8
27D1E	8C89	8
27D21	737A	10
27D25	8CA0	8
27D26	8CA8	10
27D2A	7463	2
27D2B	5F97	10
27D2D	8CAC	4
27D32	7463	2
27D33	8CD6	10
27D35	8CBF	10
27D36	621D	8
27D36	8CA1	10
27D37	8CB6	10
27D38	803D	10
27D39	8CB0	10
27D49	8CD1	10
27D4D	8CBF	10
27D4E	8CC8	10
27D50	8CE6	10
27D51	8CC8	10
27D5C	9802	10
27D64	8CA1	10
27D69	8CAC	10
27D6A	621D	8
27D6A	8CCA	10
27D70	8CA8	10
27D72	8CBF	10
27D7D	8CB7	10
27D7F	5BE1	10
27D85	8CC4	10
27D87	6663	4
27D89	8CD3	10
27D8A	7D1C	10
27D8C	8CAC	10
27D8E	8CD3	10
27D99	80CC	2
27D9A	8CB0	10
27D9B	8CDA	10
27D9C	5546	10
27D9D	8CBF	10
27DA1	5B93	8
27DA1	5BC6	10
27DA3	8CE6	10
27DA4	8CCE	8
27DA4	8CE4	10
27DA9	8CFC	10
27DAA	8CB4	10
27DB4	8CED	10
27DB6	8CA9	10
27DB7	8CFE	10
27DB9	7F4C	2
27DBB	8CBF	10
27DBD	8CDC	10
27DC7	8D10	8
27DC9	741B	2
27DCC	8D05	10
27DCF	27DA0	10
27DD3	58F2	2
27DD3	8CE3	10
27DD4	9F4E	10
27DD5	8CC7	10
27DD6	8CDA	10
27DD7	27DA0	10
27DDE	5546	10
27DE2	8D13	10
27DE4	8CFE	10
27DE8	58F2	2
27DE8	8CE3	10
27DE9	8562	10
27DF2	8CE6	10
27DF5	58F2	2
27DF5	8CE3	10
27DFD	8CF8	10
27E01	5E63	10
27E01	5E64	8
27E03	907A	10
27E04	8CA1	10
27E06	8D05	10
27E07	27DA0	10
27E0A	8CFC	10
27E0B	8CB4	10
27E11	8D08	10
27E14	8D07	10
27E16	8CFA	10
27E1E	8D05	10
27E2F	907A	10
27E31	8D0E	8
27E38	8D0D	10
27E3D	907A	10
27E49	8D1B	10
27E4E	8D16	10
27E58	7103	10
27E58	8D6B	8
27E59	8D6C	10
27E59	9833	8
27E5A	8D6C	2
27E5E	8D67	8
27E60	8D67	10
27E6F	7149	10
27E79	71BE	10
27E84	706F	2
27E84	71C8	10
27E86	8D70	10
27E86	8D71	8
27E87	8D73	10
27E94	5F92	10
27E9B	8D73	16
27EA5	8DA3	10
27EA6	9045	8
27EA6	9072	8
27EBA	8D8A	4
27EC2	8D8A	10
27EC3	8DA3	10
27ED7	8D8A	8
27EDC	8DEA	10
27EEB	8DA8	10
27EEC	8DA8	10
27EF0	9020	2
27EF3	4EC6	10
27EF9	8E0A	10
27EF9	8E34	8
27EFD	8DA3	10
27F1B	4F86	10
27F1B	6765	10
27F1C	8DA8	10
27F1D	8DA3	10
27F26	53DB	10
27F4E	9059	4
27F55	81FB	10
27F5D	9058	10
27F62	6476	10
27F8D	9085	10
27F95	6B21	8
27F95	8DA6	8
27F99	8E8B	10
27F9C	5954	10
27F9F	8DAF	10
27FAD	5954	10
27FB1	8DAF	4
27FB8	6B63	10
27FC3	5C45	10
27FC3	8E1E	8
27FCD	4F01	10
27FD6	8DEB	10
27FD8	965E	10
27FDB	8E2A	8
27FDB	8E64	10
27FDC	8EA1	8
27FE3	5954	10
27FE4	8DD7	10
27FF2	9042	8
27FF6	8DCE	10
27FFE	8DE8	10
28000	8DC8	8
28017	8DE8	10
2801A	8E27	10
2801B	8E72	10
28021	8E0F	10
28021	8E4B	10
28022	8DDA	10
28023	4F01	10
28025	6B21	8
28025	8DA6	8
2802A	62DC	10
2802A	62DD	2
28036	65E1	8
28037	8E63	2
28053	8DF3	10
28055	8E27	10
2805C	8DBA	10
2805E	8DDF	10
28060	965E	10
28062	8E6F	10
28063	8DE8	10
28075	8DD7	10
2807C	5954	10
2807E	5C63	2
28082	8DD6	2
28082	8E60	10
28086	8E48	10
28088	811B	10
2808B	8E8B	16
280A0	5C65	10
280A5	4BCA	8
280AE	590F	10
280B6	8E44	10
280D2	8E0A	10
280D2	8E34	10
280D6	8DE8	10
280DC	8DF3	10
280DD	8DFF	10
280DF	8E63	10
280E5	78D4	8
280E6	5954	10
280E7	8E7B	10
280EE	78D4	8
28103	8E85	10
28111	5310	10
28114	8168	10
28119	8DFC	10
28128	87AF	8
28129	5310	10
2812A	8E44	10
2812B	8E30	10
2812C	8E76	10
28150	6B66	8
28152	8E70	8
28159	8E62	10
28159	8E91	8
2815A	87AF	8
28160	8DEA	10
28161	8E8A	10
28164	7B95	8
28165	5255	8
28166	8E16	10
28172	800E	8
28174	8E6F	10
28175	8E0F	10
28175	8E4B	8
28176	8E81	10
28184	8DD9	10
2818B	536E	10
2818B	5DF5	10
2818C	8E6F	10
28191	8E93	10
2819A	8E0F	10
2819A	8E4B	10
2819B	920D	10
2819C	8E6F	2
281AE	8E16	10
281AF	8E7C	10
281B4	85FA	8
281B4	8EAA	10
281CB	8E50	10
281CF	8E49	10
281D0	5C65	10
281D9	8E76	10
281E0	8E94	10
281E5	8E47	10
281EA	8DEC	10
281ED	8E76	10
281EE	8E76	10
281F3	8E74	10
281FB	9761	8
28203	985A	10
28203	985B	8
2820F	7259	10
28210	53A5	10
28211	53A5	10
2821B	80A2	10
2821C	803C	10
2821C	8043	8
2821D	7089	10
2821D	7210	10
2821E	670D	10
2821F	6211	10
28220	80C6	2
28220	81BD	10
28221	5C04	10
2822A	80A2	10
2822C	8EC0	10
2822D	803C	10
28234	8EAC	10
28234	8EB3	10
28235	8DDB	10
28238	8052	10
2823B	81EA	10
2823C	5B55	10
28242	8058	10
28243	598A	10
28243	59D9	10
2824C	8E74	10
2824D	8C8A	10
2824D	8C8C	8
2825B	5C04	10
28265	9762	10
28266	4F53	2
28266	8EB0	8
28266	8EC6	8
28266	9AD4	10
2826F	8058	10
2827A	7AAE	10
2827F	8EDF	10
2827F	8F2D	8
28280	8058	10
28281	800A	8
28281	800B	10
2828A	697D	10
2828A	6A02	10
2828E	8079	10
28292	72EC	10
28292	7368	10
28293	8079	10
28295	5B2A	10
28296	50C2	8
28298	8EAF	8
28298	8EC0	10
282A2	8F4A	8
282A7	91ED	10
282B0	4E7E	4
282B4	9673	10
282B5	80CA	8
282BD	8F14	10
282BE	8F1E	8
282C1	6FE1	8
282CC	8F5F	10
282CE	8EEB	14
282CF	8EEB	10
282D3	7868	10
282E5	6255	2
282E5	62C2	10
282E9	8F39	8
282EB	4F7B	10
282F9	8F1E	8
282FB	5403	10
282FC	65A1	10
28306	7AD1	10
28307	8EF8	10
2830A	8F17	10
2830F	8F09	10
28316	8F2F	8
28320	8F46	10
28324	4E58	8
28330	8E2A	8
28330	8E64	8
28335	8F17	10
28337	8EFD	10
28337	8F15	10
28338	8F1F	10
28340	8F0A	10
28342	63EE	10
28353	8ED2	10
28354	8F42	10
2835F	8F1C	10
28363	8F2F	8
2836E	8F62	10
28371	4E58	8
28373	8EFA	2
2837B	8F26	10
28384	8F4E	10
2838C	8F0A	8
28390	8F0A	8
28395	8F57	10
28398	8F0A	10
28399	8F39	8
2839C	8F1C	10
283A5	8F4A	8
283AA	8F00	10
283AA	8F5C	10
283B2	8F05	10
283B3	7BF7	2
283B5	8F2F	8
283C1	8F4D	10
283CE	8861	10
283CF	8F54	10
283D1	8F0A	10
283D4	8F46	10
283D6	8ECA	10
283D9	8F58	10
283E1	8F0A	10
283E3	8F4D	10
283E4	8EEB	10
283E6	8F54	8
283E9	7FB8	2
283EC	8F62	2
283EF	8F61	10
283FA	8F08	10
283FD	8F63	10
2840C	8F9B	2
2840D	8398	10
2840F	65B0	10
28415	8398	10
2841C	8FA3	10
2841D	8F9F	8
28432	8F9E	2
28432	8FAD	10
2843C	7AF6	10
2843C	7AF8	10
2843E	5F01	2
2843E	8FA7	8
2843E	8FA8	10
28440	8F9C	10
28441	8208	10
28442	8B76	10
28443	8FB0	10
28444	8FB0	10
28446	8FB2	8
28447	8FB2	10
28449	86B3	10
2844B	8FB2	10
2844D	8ECC	10
28450	8FC4	10
28452	5F92	10
28453	8D77	10
28454	8D77	10
2845B	8FC2	10
2845E	8FCD	10
28461	5F92	10
28462	5F93	10
28462	5F9E	10
28466	5F90	10
28467	9000	10
2846D	5F99	8
28472	5EF7	14
28475	8FC4	10
28477	8FC5	10
28479	5F93	10
28479	5F9E	10
28480	4ECE	10
28480	5F93	2
28480	5F9E	2
28481	5F93	10
28481	5F9E	10
28482	5EF6	10
28488	9045	10
28488	9072	10
28489	9042	8
2848C	5F81	10
2848E	9044	10
2848F	50C4	8
2848F	8DE1	10
2848F	8E5F	8
2848F	8FF9	10
2849A	5F82	8
2849B	8FE9	8
2849B	9087	10
284A5	5F8C	10
284AA	50C4	8
284AA	8DE1	10
284AA	8E5F	8
284AA	8FF9	10
284AB	9006	8
284AD	6062	8
284AE	6B21	8
284AE	8DA6	8
284AF	9003	10
284B0	904A	8
284B2	8FF7	10
284B3	5346	8
284B3	5352	10
284BD	9020	2
284BF	8FC1	8
284BF	9077	10
284C0	5EAD	10
284C5	7683	8
284C5	8C8C	10
284C8	9002	14
284C9	8FBA	10
284C9	9089	8
284C9	908A	10
284CB	68C4	10
284CD	5EAD	8
284CE	6E38	8
284CE	904A	10
284CF	5F80	10
284CF	5F83	8
284D6	8FEF	8
284D6	9003	10
284D8	76F4	8
284D8	900C	10
284D9	8FBA	2
284D9	908A	10
284DB	901A	10
284DD	9013	14
284DD	905E	14
284E4	9000	10
284E7	9059	10
284EC	905D	2
284F1	8FEF	8
284F1	9003	10
284F5	9001	10
284F6	907F	10
284F7	8EFD	10
284F7	8F15	10
284F8	9042	10
284F9	5F80	10
284FA	904E	10
284FB	902E	10
284FC	5E30	10
284FC	6B78	10
284FC	7688	8
284FD	6E05	10
284FE	584A	8
284FE	96A4	10
28500	5F99	8
28503	6106	10
28503	8AD0	10
28504	9013	10
28504	905E	10
28505	5EF8	8
28505	8FEA	10
2851D	52D5	10
2851E	9053	10
2851F	76F4	8
2851F	900C	8
28525	6D25	2
28527	8FF8	8
2852A	904B	10
2852B	9000	10
2852C	9039	8
2852C	9054	10
2852E	9001	10
28530	9077	10
28531	9042	10
28532	9042	10
28535	9041	8
28536	9054	10
2853B	9055	10
2854D	8D74	10
2854F	5969	10
28551	9013	10
28551	905E	10
28554	9084	10
28556	9078	10
28559	8FBA	2
28559	9089	8
28559	908A	10
2855D	900B	10
2855E	9077	10
2855F	53A0	8
2855F	5EC1	10
28560	8FEE	8
28561	9020	10
28563	4FC9	8
28563	6115	8
28563	8FD5	8
28564	53CA	10
28565	885F	8
28565	9053	10
28568	6D25	2
28569	9001	10
2856A	9001	10
28578	9055	10
2857C	9001	10
28581	885F	8
28581	9053	10
28586	5F82	8
28587	9044	10
28588	9059	8
28588	9065	8
2858A	8DE1	8
2858A	8E5F	8
2858A	8FF9	8
2858D	6211	10
28590	947F	10
2859E	9084	10
2859F	9080	8
285A0	5FA7	10
285A0	904D	8
285A1	9041	8
285A3	58F2	8
285A3	58F3	8
285A3	6BBB	2
285A3	6BBC	10
285A4	5F99	8
285A5	906E	10
285AA	5831	10
285AB	9039	8
285AB	9054	10
285B4	6B66	8
285B8	9060	10
285BF	9036	8
285C1	9069	10
285C2	5E7E	10
285C3	9032	10
285CC	5FB3	10
285CC	5FB7	10
285D0	906D	10
285D2	9706	10
285D3	9053	10
285D4	907A	10
285D5	9075	10
285D7	900B	10
285E2	8FC1	8
285E2	9077	10
285EB	6182	10
285EC	5F99	10
285ED	907A	10
285EE	907A	10
285EF	6556	8
285EF	9068	10
285FA	8FC1	8
285FA	9077	10
285FB	902E	10
285FC	5E2F	10
285FC	5E36	10
285FD	9059	10
28608	64BB	10
2860A	9075	10
28611	9023	10
28613	64F7	10
2861A	7C69	8
2861B	6EDE	10
2861B	6EEF	10
2861C	906D	10
28621	539F	10
28621	6E90	8
28622	8FBA	2
28622	9089	8
28622	908A	8
28623	9084	10
2862A	8F26	10
2862B	9035	10
2862C	9013	10
2862C	905E	10
2862D	906F	10
28630	5969	10
28637	9088	8
28639	906F	10
2863F	584A	8
2863F	96A4	10
28641	9088	10
28646	9041	8
28651	5331	10
28655	902D	8
28657	9081	8
28659	8FC1	8
28659	9077	10
2865A	9081	8
2865E	9077	10
2865F	9032	10
28660	906D	10
28664	9749	8
28667	9DF8	10
28672	6751	2
28672	90A8	10
28675	5DF7	2
28678	5C90	8
2867B	90A3	10
2867C	90E2	10
2867E	5C90	8
2868F	90B8	10
28691	90B1	10
28697	90A3	10
2869A	90A6	10
286A0	90AF	10
286A5	90E4	10
286A8	90C8	10
286AC	90B1	10
286BA	90C1	16
286BB	8006	10
286BC	90C1	10
286BF	522A	10
286C1	90A6	10
286C3	9112	10
286C4	9112	10
286C6	90B1	10
286D4	90B3	8
286DC	5DF7	2
286DF	90A6	10
286E6	90E1	10
286E7	90B3	8
286ED	90DC	4
286F7	90FD	10
286FF	805A	10
28705	6567	10
28708	9139	8
2870B	90DC	10
28715	5DF7	10
2871A	90F5	10
2871F	912D	16
28725	9148	10
28727	460F	8
28727	6064	2
2872A	90E4	10
2872E	537F	14
28732	90F5	10
28738	90C8	2
28741	90C7	10
28757	5546	10
2875E	6248	10
2875F	9ECE	10
28763	9119	10
28765	90CE	10
28765	90DE	10
2876E	9139	8
28780	912D	12
28781	9130	10
28781	96A3	10
28783	9ECE	10
28784	90F5	10
28785	90FF	10
28789	9104	10
28794	5DF7	10
287A0	5DF7	10
287A7	9130	10
287A7	96A3	10
287AE	805A	10
287B0	90F7	10
287B0	9115	8
287B3	5293	10
287BB	911C	10
287CD	90ED	10
287D6	78E8	2
287DE	90FD	10
287E4	911C	10
287E8	9102	10
287EA	912F	10
287EB	9148	10
287F0	460F	8
287F0	6064	2
287F7	9185	10
287FA	6E4E	10
287FB	91AC	10
28800	9190	10
28801	9156	10
28802	9190	10
28806	9152	10
28807	659F	10
28807	9159	8
2880A	9152	10
2880B	89DA	10
2880F	918D	10
28818	7C95	10
2882E	9157	10
28837	7CDF	10
2884B	9185	10
28853	91AC	10
28854	5617	10
28854	751E	8
28862	98EE	10
28862	98F2	10
28869	9197	8
28869	91B1	10
28870	91AC	10
28873	98EE	10
28873	98F2	10
28877	9190	10
28880	9175	10
28881	98DF	10
2888C	701D	8
2888D	55DC	10
28892	533B	2
28892	6BC9	8
28892	91AB	10
288A9	89F4	8
288AB	916C	10
288AC	9174	14
288AD	9165	10
288B5	796D	10
288B6	70F9	10
288BD	9178	8
288CB	9162	2
288CB	918B	10
288CE	5869	10
288CE	9E7D	10
288D0	91AE	10
288D1	9175	10
288D3	91AF	8
288E0	91B3	10
288EA	9178	8
288F3	9187	10
288F6	9187	10
288F7	701D	8
288F9	7CDF	10
288FA	9165	10
288FF	91C4	8
28901	91BA	10
28905	91AF	8
28908	7CDF	10
2890F	64AD	10
28912	70BA	2
28912	7232	10
28913	7737	10
28913	7760	8
28916	5377	10
28916	5DFB	2
28917	7737	10
28917	7760	8
28918	7CDE	8
2891D	7CDE	10
28921	5149	10
28921	706E	8
28921	7097	8
28923	91CD	10
28925	91CF	10
28926	91CF	10
2892D	91D0	10
2893A	91D0	10
2893D	930D	10
2893E	91D1	10
28940	91D1	10
28944	91D1	10
2894B	677B	2
2894B	9215	8
2894F	91DC	8
2894F	91E1	8
28950	91DA	10
28951	783F	8
28951	78FA	10
28951	7926	8
28951	9271	10
28951	945B	10
28952	921E	10
28965	783F	8
28965	78FA	8
28965	7926	8
28965	9271	10
28965	945B	10
28967	9441	8
28968	77DB	10
28969	9210	10
28975	93AD	10
28975	93AE	2
28979	924B	10
2899C	927E	10
2899F	92D2	10
289A3	9217	8
289A3	92ED	10
289B0	93D0	10
289B5	92E9	10
289B8	93AD	10
289B8	93AE	2
289CF	9280	10
289D3	928D	10
289D5	8FAF	8
289ED	8A3C	2
289ED	8B49	10
289EF	9248	10
289F2	9371	10
289FF	93A3	16
28A3C	8A3C	2
28A3C	8B49	10
28A3E	8A3C	2
28A3E	8B49	10
28A50	93E4	10
28A75	9441	8
28A77	935C	16
28A7A	936A	10
28A91	93DF	10
28A91	28A71	8
28A94	8A3C	2
28A94	8B49	10
28A96	7434	10
28ABC	9318	10
28ABD	9360	10
28AD0	928D	10
28AD1	9436	10
28AD3	9244	10
28AD3	9421	8
28AD3	9435	10
28AD8	9354	10
28AD9	9351	10
28AF9	7434	10
28AFB	9318	10
28AFD	93F5	10
28B04	9441	8
28B11	9B32	10
28B13	925E	10
28B18	9371	10
28B19	93D1	10
28B1B	6821	10
28B3F	9244	10
28B3F	9421	8
28B3F	9435	10
28B44	98F4	10
28B47	9318	10
28B55	9419	10
28B58	7E04	8
28B58	7E69	8
28B59	9375	8
28B5A	93E2	8
28B5B	945E	10
28B5C	93DD	8
28B6C	2371C	4
28B7C	9410	10
28B80	939A	10
28B84	9463	10
28B95	65B2	10
28B95	20807	8
28B9A	92F3	2
28B9A	9444	10
28BAF	9244	2
28BAF	9435	10
28BB9	93D1	2
28BBC	91DD	8
28BBC	937C	10
28BBE	92F3	2
28BBE	9444	10
28BBF	65AB	8
28BD2	946F	8
28BDF	944A	10
28BDF	9481	8
28BE2	931E	10
28BEF	9453	2
28BFC	943B	8
28C05	71AC	8
28C05	93D6	8
28C0E	923F	10
28C0F	5854	2
28C10	93E2	10
28C11	929A	10
28C12	947F	10
28C24	9460	10
28C29	9413	10
28C2E	9413	10
28C2F	9413	10
28C32	9373	8
28C32	9451	10
28C32	9452	8
28C33	9414	10
28C57	9577	10
28C57	9578	8
28C58	9577	10
28C5B	9B06	10
28C5E	9AE6	10
28C62	9AE6	10
28C68	9AE6	2
28C73	9AEA	10
28C73	9AEE	10
28C74	8DEF	10
28C83	9B03	10
28C89	9B0C	2
28C97	95B6	8
28C97	97BA	8
28C9A	671B	8
28C9A	8056	10
28C9B	9B18	10
28C9D	9AED	10
28CA0	55DF	8
28CA1	9AFB	10
28CA2	671B	8
28CA2	8056	10
28CA6	9AED	10
28CA8	93DF	10
28CA8	28A71	8
28CA9	9B18	10
28CBA	9AE9	8
28CBA	9B02	8
28CBA	9B22	10
28CBB	55DF	8
28CBE	9B18	10
28CD6	95A6	10
28CDD	958F	7
28CE1	9593	10
28CE2	9593	10
28CE5	95E2	10
28CF9	95A2	10
28CF9	95CB	8
28CF9	95DC	10
28CFE	7950	10
28D00	6243	2
28D01	95E1	10
28D02	958B	10
28D14	95E2	10
28D15	67F5	2
28D16	95A6	10
28D1D	95E1	10
28D1F	95A6	10
28D20	95A6	10
28D28	95A6	8
28D2E	60A3	10
28D33	95A6	10
28D38	95D5	10
28D3F	6FF6	8
28D3F	95CA	10
28D40	95BB	10
28D41	95BB	10
28D48	6249	8
28D51	958B	10
28D53	95E2	10
28D57	95D5	10
28D5C	9B2E	10
28D65	7701	10
28D68	95BE	10
28D6C	9650	2
28D75	95D4	10
28D77	95B6	10
28D77	97BA	8
28D79	958B	10
28D7F	95A2	8
28D7F	95DC	10
28D88	95AC	8
28D91	95C3	8
28D96	95CA	10
28D98	958B	10
28D9A	95A2	2
28D9A	95DC	10
28D9C	95D8	2
28D9C	9B2D	2
28D9D	587E	10
28D9E	95DE	10
28DA1	8ABE	10
28DB9	95DC	2
28DC2	95D5	10
28DC5	5EDB	2
28DC7	95B6	2
28DD9	587E	10
28DEB	942B	10
28DF2	9470	2
28DF7	95A9	10
28E0F	86D7	8
28E0F	961C	10
28E0F	961D	8
28E12	5E06	2
28E18	962E	10
28E1A	7D1A	10
28E1C	6295	4
28E1D	6C0F	10
28E25	7A7D	2
28E29	6539	2
28E2A	9678	10
28E2C	9673	10
28E32	5E25	10
28E33	579C	8
28E43	579C	8
28E44	579C	8
28E47	76D7	2
28E47	76DC	10
28E48	661C	8
28E48	6698	8
28E48	9633	8
28E48	967D	10
28E49	4543	8
28E49	852D	8
28E49	9634	8
28E49	9670	10
28E49	9682	8
28E4B	9676	10
28E4F	9640	2
28E53	964D	10
28E55	9640	10
28E58	5E8F	10
28E5B	9632	10
28E5E	7523	10
28E5F	964B	10
28E60	9686	10
28E62	9658	10
28E67	9675	10
28E68	9650	10
28E76	8E8B	10
28E77	8E8B	10
28E7C	965B	10
28E7D	5CA1	10
28E7F	9686	10
28E80	7805	8
28E80	7851	8
28E81	9685	8
28E82	9665	10
28E82	9677	10
28E83	9676	10
28E84	9658	10
28EA9	4E7E	10
28EAA	9672	8
28EAC	583A	8
28EAC	754C	10
28EAC	754D	8
28EAE	57C8	8
28EAE	5CFB	8
28EAF	9688	10
28EB5	589C	10
28EBB	9677	8
28EC5	57C8	8
28EC5	5CFB	8
28ECA	761E	10
28ECB	96B0	10
28ECF	761E	2
28ED0	5730	10
28ED1	5862	8
28ED3	966A	10
28ED4	4543	8
28ED4	852D	8
28ED4	9634	8
28ED4	9670	10
28ED4	9682	8
28ED5	8E8B	8
28ED8	965B	10
28EE6	9686	10
28EEA	9675	10
28EF0	9673	10
28EF1	5D29	10
28EF2	7F45	10
28EF6	9699	3
28EF7	8352	8
28EF8	96B0	10
28EF9	9628	8
28EF9	9698	10
28EFA	50BE	2
28EFD	96B0	10
28EFF	96B0	10
28F06	96A0	2
28F06	96B1	10
28F11	579E	8
28F13	9148	10
28F15	968F	2
28F15	96A8	10
28F16	4543	8
28F16	852D	8
28F16	9634	8
28F16	9670	10
28F16	9682	8
28F17	661C	8
28F17	6698	8
28F17	9633	8
28F17	967D	10
28F18	661C	8
28F18	6698	8
28F18	9633	8
28F18	967D	10
28F26	9672	8
28F30	5815	2
28F3D	6E20	8
28F3E	589C	10
28F41	966C	10
28F43	9130	10
28F43	96A3	2
28F4E	589C	10
28F4F	90ED	8
28F50	9678	10
28F57	6D5C	10
28F57	6FF1	10
28F57	6FF5	8
28F57	7015	8
28F57	983B	8
28F58	8E8B	8
28F59	852D	8
28F59	9634	8
28F59	9670	10
28F59	9682	8
28F5D	9628	8
28F5D	9698	10
28F5F	584A	8
28F5F	96A4	10
28F60	584A	8
28F60	96A4	10
28F61	96A7	10
28F65	96B2	8
28F65	9A2D	8
28F6A	9628	8
28F6A	9698	10
28F6B	9678	10
28F70	9678	10
28F74	9628	8
28F74	9698	10
28F75	71E7	10
28F76	753B	10
28F76	756B	10
28F79	8084	10
28F79	8086	8
28F79	96B7	8
28F79	96B8	8
28F7D	8084	10
28F7F	8FE8	8
28F7F	902E	8
28F80	96B7	10
28F80	96B8	10
28F81	96B7	10
28F81	96B8	10
28F83	8FE8	8
28F88	9CF2	10
28F8A	9D3B	10
28F8B	9CF2	10
28F8D	5F0B	10
28F8F	96BB	10
28F91	9D07	10
28F95	9D02	10
28F97	8ECD	8
28F99	9D07	10
28F9C	552E	10
28FA1	96D6	2
28FA3	9DA9	10
28FA5	9D61	10
28FA6	9D1F	10
28FA6	9D44	8
28FAB	96E2	8
28FAF	9D11	8
28FB3	9D52	10
28FB5	9D11	8
28FB6	9DC3	8
28FBD	9D1F	14
28FBD	9D44	12
28FC8	552E	10
28FC9	96DB	10
28FC9	9DB5	8
28FCD	9D5D	10
28FCD	9D5E	8
28FCE	9D02	8
28FCE	9D03	8
28FCE	9D59	8
28FCF	9D50	8
28FD4	9D51	10
28FD7	9D5F	10
28FD8	96C9	10
28FDE	552E	10
28FE1	9D89	10
28FE4	9D7A	8
28FE7	9D6B	10
28FEA	9D7E	10
28FEA	9DA4	2
28FEC	9D84	10
28FF1	9D73	10
28FF3	9DF9	10
28FF5	9D6F	10
28FF6	9D8A	10
28FFD	96D6	10
29002	4A04	10
29007	9D9A	10
2900C	96E2	10
2900E	9D02	8
2900E	9D03	8
2900E	9D59	8
29011	9D52	10
29015	8B8E	10
29015	8B90	8
29017	9DC9	10
29018	9DC2	10
2901D	53CC	2
2901D	96D9	10
2901E	9DAC	10
29020	9DC7	10
29021	96E3	10
29024	96E3	10
29025	9DDF	10
29031	53CC	4
29031	96D9	12
29037	9DED	10
2903B	9DF2	10
2903D	9DE3	10
29046	9D72	2
29049	9E07	10
2904A	9E0A	8
2904E	4D07	10
2904E	9D12	8
29050	9DFA	10
29056	9E0D	10
29057	96D2	2
29058	96E3	10
2905B	9D89	10
2905C	9F3A	8
2905F	9E1D	8
29061	7A40	8
29062	96E3	10
29064	96E3	10
29067	902D	10
29068	9E15	10
2906A	96E3	10
2906B	5377	10
2906B	5DFB	10
2906C	96E3	10
29073	96E3	10
29079	96E9	10
2907C	96E8	10
29087	9670	2
29089	9700	10
29098	965C	10
290A7	96E9	4
290A9	96F7	2
290A9	9741	10
290AB	51E6	10
290AB	8655	10
290AC	96FB	10
290B3	4A29	8
290B3	970A	4
290B3	9748	12
290B5	96FB	10
290BA	6F2C	2
290C2	9730	10
290D3	96FB	10
290DB	9670	2
290DD	9730	10
290DE	96F6	10
290DF	973D	10
290E1	96FB	10
290F6	96F2	4
290F7	9746	2
290FB	973E	10
290FC	6C1B	2
290FF	96FB	10
29100	4A29	8
29100	970A	2
29100	9748	10
29104	973D	10
29109	96F9	10
2911F	769A	10
29123	96F7	2
29123	9741	10
29124	8987	10
29124	9738	10
29125	96F7	10
29125	9741	8
29127	9730	10
2912A	9719	8
2912B	9706	10
2912D	7AB9	10
2912E	9000	8
29144	9E97	4
29147	8500	10
2914E	96FB	10
2914F	96FB	10
29150	9724	10
29152	96F9	10
29153	8988	10
2915F	96F9	10
29162	8988	10
29164	9730	10
29172	9746	10
29176	96F6	10
29178	9724	10
29187	9F97	10
29188	9F97	10
29189	9707	10
29196	96F6	10
29197	96F9	10
2919C	3691	8
2919C	970A	10
2919C	9748	10
291A5	9730	10
291AE	970A	2
291AE	9748	2
291B2	973E	10
291B6	703C	2
291B9	9723	10
291BA	7F87	10
291C2	9723	10
291CC	96F9	10
291D2	9707	10
291D3	96F7	2
291D3	9741	10
291D7	5929	10
291DE	5929	10
291E6	536F	10
291E7	536F	10
291E8	536F	10
291F0	745F	10
291F1	5E2B	10
291F5	82E6	10
291F6	6211	10
291F8	9760	8
291FF	5171	10
29203	8010	14
29205	76AF	10
2920D	9766	10
2921F	76BA	10
29228	8F14	8
29242	9768	10
29247	9768	10
2924A	9766	10
2924B	6148	10
29268	76B7	8
29268	9F13	10
29269	76B7	8
29269	9F13	10
29272	9F13	10
2927C	7D33	10
2927C	9673	8
29284	5191	10
29289	9F13	10
2928B	9784	10
2928D	8108	2
29294	6ADC	2
29299	97B4	8
292A5	76BA	10
292A6	72E9	10
292B2	9F17	10
292B3	978F	10
292B9	97B1	8
292B9	97DC	10
292BF	65A5	8
292BF	6F5F	8
292BF	8204	8
292BF	85C9	8
292BF	9D72	8
292C2	97DB	8
292C5	64BB	10
292CB	97C9	8
292CE	5014	10
292D1	97A2	10
292D4	978B	10
292DF	7B99	8
292E1	5BA4	8
292F0	7D02	10
292F1	8ED2	10
292F2	9784	10
292F8	786C	8
292F8	9795	10
29309	64BB	10
2930E	97B4	10
29310	97B3	10
2931A	5C69	8
2931A	6A47	8
2931B	979E	10
2932B	7C59	10
29336	89B2	10
2933B	97AD	8
2933F	9F17	10
29341	97B4	10
29342	9784	10
29346	65A5	8
29346	6F5F	8
29346	8204	8
29346	85C9	8
29346	9D72	8
29347	9774	10
29347	97BE	10
29354	97A0	8
29354	9EAF	8
29354	9EB4	8
29355	977C	10
29358	97B4	10
2935B	97A8	10
2935E	5014	10
29378	6BF1	8
29378	97A0	10
29381	9774	10
29381	97BE	10
29384	6C08	10
29384	6C0A	8
29398	9784	10
2939C	4F3E	8
2939C	576F	8
293A1	5E02	8
293A6	6ADC	2
293AA	56E0	10
293AC	97B2	10
293BB	97DB	2
293C1	97D8	10
293C3	97DB	10
293CB	97B1	10
293CB	97DC	10
293CE	97B2	10
293D1	97D3	10
293D3	8F44	10
293D5	97DB	10
293E7	97E1	10
293EC	97E1	10
29401	85A4	4
29404	5B63	10
29407	97F2	8
29407	9F4F	8
2940A	97F2	8
2940A	9F4F	10
2940B	97F2	8
2940B	9F4F	8
2940D	81EA	10
29413	97F2	8
29413	9F4A	8
29413	9F4F	8
29414	597D	10
29416	5B63	10
29422	97FF	10
29422	9909	8
29428	93E7	8
2942D	8AD7	2
2943F	97FF	10
2943F	9909	8
2944B	9801	10
2944C	9874	8
29459	9832	8
2945B	9AEA	2
2945B	9AEE	10
2945E	9AE5	8
2945E	9AEF	8
2946A	9824	10
2946A	9825	8
29471	9AEA	2
29471	9AEE	10
29476	80E1	10
2947A	9AE5	8
2947A	9AEF	8
2947C	9817	2
2947D	9AED	10
29482	65BD	14
29486	9802	10
29491	7736	10
29492	9867	8
29499	982B	10
2949B	617C	8
2949B	621A	10
2949C	8EB1	10
294A4	9838	10
294A6	56DF	10
294A6	9856	10
294B5	9803	10
294B9	9AE5	8
294B9	9AEF	8
294BA	8F14	8
294C3	8CF4	10
294C3	983C	2
294D9	7A4E	16
294DE	722D	4
294DE	984E	4
294EF	983B	10
2950A	9078	8
29514	9852	10
2951C	980C	10
29524	6FF1	8
29524	6FF5	8
29524	7015	8
29524	983B	10
29525	9803	10
2952F	9830	10
29530	9855	2
29530	986F	10
2953A	9871	10
29542	6182	10
29548	8E6F	10
2954E	5C65	10
29553	9810	10
29558	7015	10
29558	983B	10
2955D	984F	10
2955D	9854	2
29562	9802	10
29566	984E	10
29569	9802	10
2956B	511A	10
2956E	9858	10
2957E	9858	10
29580	984E	10
2958D	766D	10
2958F	8D14	2
29590	9996	2
29593	9870	10
2959A	98B7	8
2959A	98C6	10
2959A	98C7	8
2959A	98C8	8
295A1	98B7	8
295A1	98C6	10
295A1	98C7	8
295A1	98C8	8
295AC	98AB	10
295B3	590F	10
295B3	6630	8
295BD	98B0	10
295C1	98AF	10
295C5	5215	4
295C5	98C7	4
295C6	98BC	8
295C8	98C6	10
295C8	98C7	8
295CB	3836	8
295CB	447A	8
295CB	5E06	10
295CB	98BF	8
295DD	867A	10
295E8	9B51	8
295EE	98B8	2
295F7	5944	2
29609	9B51	8
29613	904A	4
2961E	98C4	2
29620	98BC	8
29626	98BC	10
29637	98C2	10
29638	98C2	8
2963A	983D	2
2963E	513A	10
2964E	513A	10
29652	98C3	8
29652	98C4	8
2965E	98C3	8
2965E	98C4	10
29671	98DB	10
29674	7FF0	10
29676	7FF0	10
2967A	7FFC	8
2967A	26402	8
2967F	98DF	2
29680	98DF	10
29681	98DF	10
29682	9950	8
29683	98DF	10
29685	98FC	10
2968A	98E9	10
2968D	98ED	8
2968D	98FE	10
2968D	991D	8
2968E	98E2	10
2968F	6E4C	8
2968F	98E7	10
2968F	98F1	8
2968F	9910	8
29693	9955	10
29695	98EE	8
29695	98F2	10
29699	7CD7	8
29699	9EA8	10
2969A	98E2	8
2969C	98EE	8
2969C	98F2	10
296A9	992C	8
296AA	990C	10
296AC	98E2	8
296B3	98EF	10
296B3	98F0	8
296B4	8C4C	2
296B6	795D	10
296B7	7C92	10
296B8	992E	8
296BA	992E	8
296BF	98EB	10
296C1	98FD	10
296C9	7CE6	8
296C9	994E	10
296CA	98FD	10
296D2	98FD	10
296DB	98F4	10
296DE	98FD	10
296E3	990C	2
296EB	9931	10
296EC	990A	10
296ED	80B2	2
296EE	98F4	10
296FF	7CD6	10
296FF	9933	10
29702	994E	2
29704	98E2	8
29706	9951	8
29708	98EB	8
2970B	97FF	8
2970B	9909	8
2970B	995F	8
2970C	8C4C	2
2970F	98EB	8
29713	98FE	2
29713	991D	2
29715	98FD	10
29717	7CD2	8
29734	7CA2	8
29734	7CCD	8
29734	9908	8
29739	994C	8
2973B	9955	10
2973E	9958	8
2973F	98FD	10
29741	994C	10
29749	9941	10
29759	55DC	8
2975D	7292	8
29760	7CD7	2
29766	658E	10
29766	9F4B	10
29769	98FD	10
2976B	6F3F	10
2976E	7CE6	8
2976E	994E	10
29770	98FD	10
29774	6F3F	10
29775	9955	10
2977E	995F	10
29782	9955	10
2978D	9917	8
2978E	9949	10
2979A	995C	10
297A1	7CE6	8
297A1	994E	8
297A3	9955	10
297A5	9909	8
297A5	995F	8
297AB	98F4	8
297AE	9BD4	10
297B5	992C	10
297B7	993E	8
297BD	993A	10
297C4	7CE6	8
297C4	994E	8
297CB	8D0D	8
297D8	70DD	10
297DB	993A	10
297EE	9932	2
297F0	98E5	10
297F1	994B	8
29810	9996	10
29811	9802	10
29815	9AEA	10
29815	9AEE	10
29816	9AEA	2
29816	9AEE	10
29817	982C	8
29817	9830	10
29819	9AEA	10
29819	9AEE	10
2981B	9824	10
29821	9824	10
29822	9824	10
29823	982C	8
29823	9830	10
2982A	984F	10
2982A	9854	2
2982B	9813	10
2982C	9996	10
29832	9998	10
2983C	9999	10
2984A	99A5	8
29851	99A5	8
29852	999E	10
29858	99A5	8
2986C	99AC	10
29872	99B9	10
29873	99BD	10
2987C	99E2	10
2987D	58EE	2
2987D	58EF	10
2987F	7F75	10
29889	99BF	10
29889	9A62	10
2988C	99BC	10
2989D	99E2	10
2989F	99D5	10
298A0	99D8	10
298A7	99C6	2
298A7	9A45	10
298B2	99DB	10
298C1	9A01	10
298C4	99C1	10
298CC	99C6	2
298CC	9A45	10
298D2	9A2E	10
298D5	99C6	10
298D5	99C8	8
298D5	9A45	10
298E2	9A44	10
298ED	9A44	10
298F5	6DB4	10
298FA	5954	8
298FE	99DD	10
298FE	99DE	8
298FF	9A36	10
29900	657A	8
29900	99C6	10
29900	99C8	10
29900	9A45	8
29909	9A4A	10
2991B	9852	10
2991D	9A16	10
29922	9A20	10
29928	99F8	10
29933	99E2	10
2993B	9A31	10
2993E	99AD	8
2993E	99E2	8
2993F	99F8	10
29949	9A65	10
2994D	9A02	10
29956	9A2E	10
2996D	9B5A	8
2996E	7523	2
29971	9A30	10
29988	9A43	10
2999C	9A30	10
2999F	9A24	8
299A2	865E	10
299A5	5954	8
299A6	9AD2	10
299A7	9B18	10
299AA	9A64	16
299B5	7F9A	10
299B8	9A65	10
299BB	9A3E	10
299BB	9A58	10
299BC	99F1	10
299BD	99D8	10
299BE	9A43	10
299D5	8F5F	2
299D6	9A30	10
299D9	9A43	10
299E2	9A01	10
299E3	9A3E	2
299E3	9A58	10
299E5	99BF	8
299E5	9A62	10
29A12	808C	10
29A1C	6777	2
29A1D	8DC2	10
29A1F	9AB9	10
29A23	80AA	10
29A2B	95AB	8
29A2C	9BC0	8
29A30	80C5	10
29A33	7A9F	2
29A35	80A2	10
29A38	7A9F	2
29A3A	9AAF	10
29A40	8133	10
29A40	8166	10
29A42	9837	10
29A49	5686	8
29A49	9AB9	8
29A49	9AD0	8
29A4A	9837	10
29A4B	811B	2
29A4C	9BC0	8
29A59	9AC0	10
29A5A	9AC0	10
29A5C	81B8	8
29A5C	9AC4	10
29A5C	9AD3	10
29A71	4BCA	8
29A76	995C	10
29A78	52D2	10
29A84	81B8	8
29A84	9AC4	10
29A84	9AD3	10
29A85	9AC0	10
29A86	4F53	2
29A86	8EC6	8
29A86	9AD4	10
29A8A	50C4	2
29A8B	87AF	8
29A8D	8EAF	8
29A8D	8EC0	10
29A8F	9AC4	2
29A8F	9AD3	10
29A90	8195	10
29A91	9396	10
29A91	93C1	10
29A94	81C0	8
29A9A	9ACE	10
29AA0	81BA	10
29AA1	81C0	8
29AA6	81B8	8
29AA6	9AC4	10
29AA6	9AD3	10
29AAF	81CF	8
29AAF	9AD5	10
29AB7	81B8	8
29AB7	9AC4	8
29AB7	9AD3	8
29ABC	9874	10
29ABF	5B70	10
29AC3	5889	10
29ACA	5854	10
29ACE	8C6A	2
29ACF	90ED	10
29AD5	8C6A	10
29AD6	90ED	8
29ADA	8C6A	10
29ADE	8C6A	10
29AE6	9ADE	10
29AE7	57A3	10
29AE8	57CE	10
29AE9	90ED	10
29AED	5835	10
29AEF	535A	10
29AEF	613D	8
29AF0	697C	10
29AF0	6A13	10
29AF1	5889	10
29AF3	56C2	10
29AF7	9AE6	10
29B03	9AEA	10
29B03	9AEE	10
29B1E	9B18	10
29B32	9AE2	2
29B36	8086	10
29B48	9B18	10
29B58	9AF9	10
29B5E	8086	10
29B60	9B1C	2
29B66	9B0C	10
29B7E	9AE6	10
29B81	9B1C	10
29B82	9B1C	8
29B9D	9B1C	8
29BB2	93DF	10
29BB2	28A71	8
29BBA	9B18	10
29BD1	9B16	10
29BDD	9B23	10
29BDF	9B16	10
29BE4	6C08	10
29BE4	6C0A	10
29BED	9AE9	8
29BED	9B02	8
29BED	9B22	10
29BFB	9B23	10
29C0A	4E2E	10
29C11	95D8	10
29C11	9B2A	8
29C11	9B2D	10
29C12	95D8	10
29C12	9B2A	8
29C12	9B2D	10
29C13	95A7	8
29C13	9B28	10
29C14	7434	10
29C15	9B29	10
29C16	95D8	2
29C16	9B2D	10
29C20	7CC8	10
29C23	7235	10
29C24	79EC	10
29C25	7235	10
29C26	7235	10
29C26	23763	8
29C27	7235	10
29C28	7235	10
29C2B	54BC	8
29C2B	558E	8
29C2C	54BC	8
29C2C	558E	8
29C2D	934B	10
29C2F	7CCA	10
29C32	9B32	10
29C3E	6CB8	2
29C41	7FAE	8
29C41	7FB9	8
29C47	9B32	2
29C48	7092	8
29C4B	70F9	10
29C4B	7FB9	8
29C4D	7CCA	8
29C4E	6CB8	2
29C4F	71AC	10
29C53	990C	8
29C54	9B32	10
29C56	9917	10
29C57	91AF	8
29C5F	7CA5	10
29C63	6CB8	2
29C65	658E	2
29C65	9F4B	2
29C66	7092	8
29C67	70F9	8
29C67	7FAE	8
29C67	7FB9	10
29C6C	6DCB	10
29C6D	7511	10
29C70	716E	2
29C72	7039	2
29C73	658E	2
29C73	9F4B	2
29C76	7039	2
29C79	9B51	8
29C7F	9B3D	10
29C7F	9B45	8
29C80	9B45	10
29C88	9B3D	10
29C90	9B3D	10
29C91	9B3D	10
29C94	9B41	10
29C98	8004	10
29C99	9B41	10
29C9A	9B3C	10
29C9B	9B4D	10
29C9D	9B45	10
29C9E	9B3C	10
29CA1	9B3C	10
29CA4	82D5	8
29CB6	9B51	8
29CBF	9B3D	10
29CC0	9B51	8
29CC9	9B3C	10
29CD1	837C	8
29CDF	9B45	10
29CE9	9B51	8
29CEA	9B45	10
29CED	9B41	10
29CEE	9B4E	10
29CF1	4C20	10
29CF9	9B3C	10
29CFA	919C	2
29D0A	837C	8
29D0B	4C20	10
29D0E	9B45	10
29D11	837C	8
29D1B	8657	8
29D1B	865A	10
29D1B	865B	10
29D2D	9B51	8
29D3F	9B3C	10
29D40	9F8D	8
29D41	9F8D	8
29D4B	9B5A	10
29D4E	6F01	8
29D4E	7C5E	2
29D68	9B6B	10
29D6E	9B66	10
29D70	71CB	8
29D70	9BB4	8
29D70	9C0C	8
29D70	9C0D	8
29D86	9C6D	8
29D8A	9C25	10
29D91	9B6F	10
29DA0	56D8	8
29DA0	56DE	10
29DA0	5EFB	8
29DA0	5EFD	8
29DA0	8FF4	8
29DA0	2231E	8
29DA3	9BDB	2
29DAC	9C23	10
29DAE	9BAC	10
29DC6	9C60	16
29DD9	868C	2
29DF7	9C16	8
29DF8	9B74	10
29DFA	9B92	10
29DFE	9BA8	10
29E05	9B92	10
29E0A	9B8A	10
29E0C	9B66	10
29E50	9BC1	10
29E68	9C15	16
29E72	9BC6	8
29E7B	9C6D	8
29E7E	9B8E	2
29E80	9BFD	8
29E81	9C76	8
29E85	9BD4	10
29E86	9B93	10
29E9C	9C21	10
29EAD	9C27	10
29EB3	9B66	10
29EB4	9C3B	10
29EB9	9B92	10
29EBB	9C2A	10
29EBC	9BC6	10
29EBD	9C12	8
29ECB	9BE4	10
29ED9	9C10	8
29ED9	9C77	10
29EE0	9C3B	10
29EE1	9BA6	10
29EE8	9BD4	10
29EF2	9C25	10
29EF4	9C25	10
29F03	9BE8	10
29F06	9BC9	10
29F0F	9C16	8
29F10	9C16	8
29F18	9C75	10
29F1C	27410	10
29F1D	5617	10
29F1D	751E	8
29F1E	9BC9	10
29F20	87F9	2
29F20	880F	2
29F21	9C32	10
29F21	9F07	2
29F29	9C57	10
29F2A	6F01	10
29F2E	9B93	10
29F3C	9C63	10
29F3D	9C7A	8
29F3F	9BFD	8
29F5E	9BE4	10
29F5F	9B93	10
29F6F	9C3E	10
29F71	9C63	10
29F75	9C67	10
29F76	9C4F	10
29F8F	7109	10
29F91	9CE5	10
29F92	689F	2
29F93	689F	2
29F96	9CE7	10
29F96	9CEC	8
29F9B	9CE9	10
29F9F	5CF6	2
29F9F	5D8C	2
29F9F	96C0	10
29FA1	9D07	2
29FA2	9CF6	8
29FA3	689F	2
29FA4	9DBB	10
29FA5	9DBB	10
29FA6	96C1	10
29FA6	9CEB	8
29FA6	9D08	10
29FB0	96CC	10
29FB2	9DBB	10
29FB5	9DF2	10
29FBA	9D06	2
29FBB	9DBB	2
29FBE	9D41	10
29FC5	96C4	2
29FC6	9DBB	10
29FC7	96C7	10
29FC7	9CF2	4
29FCB	689F	10
29FCE	9D09	2
29FD1	618D	10
29FD2	9D1F	10
29FD2	9D44	8
29FD6	974E	8
29FD6	974F	8
29FD6	9DB4	8
29FE5	9E0D	10
29FE8	9D1F	10
29FE8	9D44	8
29FEE	96DB	2
29FEE	9DB5	10
29FFC	9D28	10
2A000	9D07	10
2A008	9D77	10
2A00A	9D1D	10
2A00B	9D28	10
2A00C	9D28	10
2A012	9D1F	8
2A012	9D44	8
2A016	9D96	8
2A019	9D52	10
2A01D	9CF6	8
2A022	9D69	8
2A028	9D09	10
2A028	29FCE	8
2A029	9D06	2
2A02A	65E7	8
2A02A	820A	8
2A02A	9D42	10
2A02B	96DB	10
2A049	9D41	10
2A04C	9DC1	8
2A050	9E1D	8
2A056	9D1D	10
2A057	9D28	10
2A059	9F2F	10
2A060	9D02	10
2A062	9D0B	10
2A068	9D28	10
2A069	96C9	10
2A069	9D5C	8
2A070	96C9	10
2A07F	2A01A	2
2A083	9D6F	10
2A08A	9D15	10
2A08E	9D89	10
2A090	9D50	10
2A091	9D1F	8
2A091	9D44	8
2A096	9D69	10
2A09D	9D87	10
2A0B4	9D84	10
2A0B9	9DBA	4
2A0BB	4A04	10
2A0C1	9D07	2
2A0CB	9E07	8
2A0D5	9DFA	10
2A0D8	9CF6	10
2A0EA	9D52	10
2A103	9E07	10
2A104	96D5	2
2A104	9D70	10
2A109	96CD	2
2A109	96DD	10
2A110	9E07	10
2A11E	96DB	2
2A11E	9DB5	10
2A13D	9DC7	8
2A146	9E1D	8
2A14A	96C9	10
2A14C	9E1D	10
2A161	9DDA	10
2A16F	9D3B	10
2A173	9DB9	10
2A176	6C05	10
2A184	9DE6	10
2A185	9DE6	10
2A18B	64F7	10
2A18D	9CF3	10
2A196	9DE7	10
2A19A	9867	2
2A1A9	9DF2	10
2A1AA	9DC7	8
2A1B8	9DBB	10
2A1BC	9F3A	8
2A1BD	9DFA	10
2A1BE	9D89	10
2A1CA	9E0A	8
2A1D4	9DBF	10
2A1D4	9DC0	8
2A1D6	76E3	4
2A1D6	9DC1	4
2A1D7	7A40	8
2A1EE	9E07	10
2A1F8	9DFA	14
2A1FC	96E3	10
2A1FF	9DF9	10
2A204	9DF8	10
2A212	9E15	10
2A21D	9D12	10
2A21E	9DC7	10
2A224	9E1A	10
2A225	5DB2	8
2A226	9F3A	8
2A229	9E1B	2
2A22F	974E	8
2A22F	974F	8
2A22F	9DB4	10
2A235	9CF3	10
2A239	9E1D	10
2A23A	5C5E	10
2A23A	5C6C	10
2A240	9F3A	8
2A256	9E75	2
2A259	8983	10
2A25A	63A5	10
2A25E	8983	10
2A25F	5869	10
2A25F	9E7D	10
2A269	5869	10
2A269	9E7D	8
2A272	8983	10
2A273	918E	8
2A273	9E79	10
2A276	76EC	8
2A277	8983	10
2A294	9E92	10
2A296	864E	10
2A298	8868	10
2A29B	9E80	10
2A2AC	8868	10
2A2AF	725D	10
2A2B4	72FB	8
2A2B8	99FC	10
2A2C8	9E91	8
2A2C8	9E9B	8
2A2CB	74F6	8
2A2CB	7501	8
2A2CB	7F3E	8
2A2CE	9E80	10
2A2D5	4E55	8
2A2D5	864E	10
2A2D8	9E97	14
2A2E7	9E9D	10
2A2EA	7F9A	10
2A2EC	9E8C	8
2A2F2	9E9F	10
2A2F7	9E9F	10
2A2F8	9E91	8
2A2F8	9E9B	8
2A2FB	5875	10
2A2FC	9EB4	10
2A2FC	9EB9	8
2A301	8292	10
2A302	98E5	10
2A30A	6AF1	2
2A30A	8616	10
2A30B	98E9	8
2A30C	71B1	10
2A311	71AC	10
2A312	590C	8
2A315	7CD7	8
2A315	9EA8	10
2A316	7C94	10
2A317	9EAF	8
2A317	9EB4	10
2A317	9EB9	8
2A31B	9130	10
2A31B	96A3	10
2A32C	9EB4	10
2A32C	9EB9	8
2A332	97A0	8
2A332	9EAF	8
2A332	9EB4	8
2A33C	9940	8
2A33E	7CD2	10
2A349	7CD7	8
2A349	9EA8	10
2A351	7CD7	8
2A351	9EA8	10
2A352	7CCA	10
2A35A	9EB4	10
2A35E	7CD2	10
2A361	993A	10
2A369	9945	10
2A36A	9946	10
2A36C	838E	10
2A37A	7CEB	8
2A37E	71AC	10
2A37F	7377	8
2A383	8616	8
2A384	993A	10
2A386	9960	8
2A393	9761	10
2A396	7CDC	10
2A39A	6469	10
2A39C	9EBE	10
2A3AE	9EBE	10
2A3CC	66DC	10
2A3D5	8F1D	10
2A3DB	718A	10
2A3E5	714C	10
2A3EC	9ECC	10
2A3EF	9ECE	10
2A3F0	9999	10
2A3F9	7CCA	10
2A3FA	82FE	8
2A3FB	7CCA	10
2A3FD	9999	10
2A409	7CCA	10
2A411	9ED0	10
2A412	99A5	8
2A415	99A8	10
2A417	9ED1	10
2A417	9ED2	10
2A41B	9EE5	8
2A424	80AC	10
2A42B	9ED1	10
2A42B	9ED2	10
2A434	4E36	2
2A441	9EDF	8
2A45B	9EF4	10
2A463	6FB1	2
2A469	6FB1	2
2A481	9EE7	10
2A49A	9EE7	10
2A49E	9EF6	10
2A4AB	9ED4	8
2A4AE	6FB1	2
2A4BA	9EE7	10
2A4D1	9EFD	10
2A4D2	9EFF	10
2A4D3	866F	10
2A4D4	866C	8
2A4D4	866F	10
2A4D5	9EFD	10
2A4D6	9EFD	10
2A4DD	9EFD	10
2A4E4	4D77	10
2A4E4	86D9	8
2A4E4	9F03	10
2A4E7	8703	10
2A4E8	9F02	10
2A4F2	9F02	10
2A4F4	9F07	10
2A4F6	9F07	10
2A4FE	9C32	8
2A4FE	9F07	10
2A500	9C49	8
2A500	9F08	8
2A501	79CB	10
2A502	9F0E	10
2A502	231C4	8
2A505	54E1	10
2A508	48B5	2
2A508	9116	2
2A50E	76B7	8
2A50E	9F13	10
2A510	9F13	10
2A516	93E7	8
2A51B	9F17	10
2A51C	9F15	10
2A51D	9F15	2
2A522	93E7	8
2A528	76B7	8
2A528	9F13	10
2A533	93E7	8
2A533	9F15	8
2A538	8C82	10
2A54F	9F2C	10
2A55C	9F2F	10
2A564	5043	8
2A564	9F39	8
2A592	9F3D	10
2A593	9F3D	10
2A5AE	568F	10
2A5AE	5694	10
2A5AF	533E	10
2A5B0	568F	10
2A5B0	5694	10
2A5B5	9F46	10
2A5BB	55C5	10
2A5BB	9F45	10
2A5C7	81CD	10
2A5C7	9F4A	8
2A5CC	81CD	2
2A5D1	8CC7	10
2A5D2	658E	2
2A5D2	9F4B	10
2A5D8	9F67	10
2A5DA	9F55	10
2A5DF	9F55	10
2A5E0	9F54	10
2A5E1	9F69	10
2A5E2	9F58	10
2A5E3	9F58	10
2A5E5	9F54	10
2A5EA	9F5D	10
2A5EF	9F57	10
2A5F1	9F5F	2
2A5F2	9F61	10
2A5F2	9F62	10
2A5FA	9F5D	10
2A5FF	63A3	8
2A604	9F66	10
2A605	56D3	8
2A605	9F67	10
2A60E	9F57	10
2A60F	9F6A	10
2A614	63A3	8
2A616	56D3	8
2A616	9F67	10
2A61A	9F6C	2
2A61B	9F6A	10
2A61F	9F66	10
2A62E	9F6A	10
2A630	816D	8
2A630	9F76	10
2A637	9F6D	10
2A63D	816D	8
2A63D	9F76	10
2A640	9F6D	10
2A641	9F5F	10
2A643	9F75	10
2A646	5207	10
2A64B	9F5D	10
2A653	56D3	8
2A653	9F67	10
2A66C	445B	8
2A66C	8210	10
2A66E	9F70	10
2A675	9F5F	2
2A676	445B	8
2A676	8210	10
2A695	9F95	10
2A696	7BED	8
2A696	7C60	10
2A699	9F97	10
2A69D	74CF	10
2A6A6	4E80	10
2A6A6	9F9C	10
2A6A7	4E80	10
2A6A7	9F9C	10
2A6A8	4E80	10
2A6A8	9F9C	10
2A6BC	79CB	10
2A6BC	79CC	8
2A6BC	7A50	8
2A6BC	9F9D	8
2A6BE	86FD	8
2A6BE	8C9D	10
2A6BF	4E80	10
2A6BF	9F9C	10
2A6C1	79CB	10
2A6C1	79CC	8
2A6C1	7A50	8
2A6C1	9F9D	8
2A6CA	6C82	8
2A6CB	5531	10
2A6CD	7BEA	2
2A6D0	5439	2
2A6D1	5439	2
2A6D4	7BEA	10
2A6D5	5F47	8
2A6D5	7C2B	10
2A6D6	5F47	8
2A6D6	7C2B	10
2A72C	4F59	8
2A72C	9918	8
2A752	5047	16
2A796	6C4E	2
2A799	6C76	16
2A7C4	6714	16
2A818	5EE8	10
2A832	6BB3	8
2A9DF	752F	16
2AABA	5F18	10
2AB03	6103	16
2ABB2	69D8	2
2ABB2	6A23	10
2ABD9	6575	10
2AC68	6727	2
2ACA7	6A05	16
2ACAA	7A1F	16
2ACCF	695E	16
2ADC2	6155	10
2ADE4	6F9F	16
2AEC5	7328	10
2AEC5	733F	10
2AFE2	8F9F	10
2B089	7BC0	2
2B0DC	91E6	10
2B0F5	7E37	8
2B168	7FEC	16
2B207	7680	8
2B207	7681	8
2B26C	7372	10
2B29E	8650	10
2B2AB	86A4	10
2B2FE	88B4	10
2B2FE	8932	8
2B387	8499	16
2B480	7CA4	10
2B545	8E8B	16
2B55F	5BB5	2
2B55F	9704	8
2B5A2	9855	16
2B65A	9BF0	8
2B669	9BD4	8
2B676	9C5A	8
2B740	4E94	10
2B741	536F	10
2B741	5918	8
2B742	6240	10
2B743	5C12	8
2B743	5C13	8
2B743	723E	10
2B744	4E45	10
2B744	5F61	8
2B745	4EA5	16
2B746	4ECA	10
2B747	547D	10
2B749	5009	10
2B74A	4F1D	2
2B74A	50B3	2
2B74C	4E0E	2
2B74C	8207	2
2B74D	583D	8
2B74D	5CA1	10
2B750	524D	10
2B751	52E2	10
2B752	65F1	16
2B753	5354	16
2B754	582F	10
2B754	5C2D	2
2B755	8FB0	10
2B756	9E81	2
2B756	9EA4	2
2B757	539A	10
2B75D	53B3	2
2B75D	56B4	10
2B75F	5839	2
2B760	58C7	2
2B761	5815	2
2B762	5347	10
2B762	53D4	8
2B762	821B	10
2B763	5347	10
2B763	53D4	8
2B763	821B	10
2B764	594F	8
2B76F	5B66	10
2B76F	5B78	10
2B76F	6588	8
2B770	41B4	8
2B770	7076	8
2B770	7AC3	8
2B770	7AC8	10
2B770	259C4	8
2B771	5BE7	10
2B771	752F	8
2B772	5C3B	2
2B773	6248	2
2B776	5EA7	10
2B777	5EA7	10
2B778	5F66	10
2B779	5FF5	10
2B77C	64A5	20
2B77F	649E	16
2B780	65CF	10
2B782	66DC	8
2B783	662D	10
2B784	6649	10
2B784	664B	2
2B786	80A1	2
2B787	81D8	2
2B788	677B	16
2B789	67F3	2
2B789	687A	2
2B78A	6803	2
2B78B	6A05	8
2B78D	6A80	2
2B78E	6A4B	10
2B78E	2363A	10
2B78F	6A4B	10
2B78F	2363A	10
2B790	6A29	2
2B790	6B0A	8
2B792	6AEA	16
2B793	6B73	10
2B795	6C0F	10
2B796	6C11	10
2B798	6DF5	2
2B798	6E15	2
2B79C	6E80	10
2B79C	6EFF	10
2B79E	704C	10
2B79F	70BA	2
2B79F	7232	8
2B7A4	7328	8
2B7A4	733F	10
2B7AA	751A	10
2B7AB	7569	2
2B7AC	75D9	16
2B7AE	7684	16
2B7AF	76C8	2
2B7B0	76C8	2
2B7B1	5869	2
2B7B1	9E7D	8
2B7B2	771E	10
2B7B2	771F	2
2B7B4	796D	10
2B7B6	64AB	2
2B7B9	7A7A	10
2B7BA	7A83	2
2B7BA	7ACA	2
2B7BD	7C11	2
2B7BE	7B86	2
2B7BE	7BE6	2
2B7BF	7C17	10
2B7BF	25C4B	8
2B7C8	7F8E	10
2B7C9	8077	8
2B7CB	4E0E	2
2B7CB	8207	3
2B7CC	82C5	16
2B7CD	82D1	10
2B7CE	8352	10
2B7CF	83DF	2
2B7D2	8449	10
2B7D3	839F	10
2B7D4	8568	2
2B7D6	8535	2
2B7D6	85CF	2
2B7D8	885B	2
2B7D8	885E	10
2B7D9	885B	2
2B7D9	885E	10
2B7DA	88CF	10
2B7DA	88E1	8
2B7DB	8983	10
2B7DC	89B3	2
2B7DC	89C0	2
2B7DD	8B72	2
2B7DD	8B93	10
2B7E8	9060	2
2B7EA	8FBA	10
2B7EA	9089	10
2B7EA	908A	10
2B7EF	91CD	10
2B7F0	943A	2
2B803	96B0	16
2B809	99AC	10
2B813	9CE5	10
2B814	9D1B	10
2B815	9DF9	2
2B818	9F2C	2
2B81A	9F63	16
2B88F	4F4E	10
2B88F	5F16	8
2B918	5150	8
2B918	5152	10
2B930	8207	10
2B9B1	52D6	16
2B9E4	535A	6
2B9E4	613D	4
2BA3B	6BB5	10
2BA67	542B	10
2BACC	97F6	16
2BB85	588B	2
2BB8D	57FC	8
2BBF1	5965	10
2BBF1	5967	8
2BBF9	6A0A	10
2BC1F	59EE	10
2BCD0	5BB0	6
2BD9D	5DCC	2
2BDA7	8A13	2
2BDCA	613C	16
2BE94	7104	16
2BE97	6196	8
2BE97	6197	8
2BEC3	5815	2
2BEC3	58AE	10
2C03B	7766	2
2C0EA	6905	10
2C0F7	68D7	10
2C115	6F57	8
2C14E	7511	8
2C155	9B31	10
2C1B2	6BC5	2
2C1D4	6C5F	16
2C211	6E9F	10
2C279	7099	10
2C2C8	6A35	10
2C332	7336	16
2C4B2	7953	10
2C4B3	88AB	16
2C4EC	27684	16
2C4F2	798E	2
2C5DA	7D62	16
2C6DC	81CF	10
2C6DC	9AD5	8
2C73B	83EF	2
2C758	8332	16
2C7A6	5F5D	16
2C7D3	85AB	8
2C7D3	85B0	8
2C865	798E	2
2C941	805A	8
2C98C	8D8A	2
2CBA6	95A2	2
2CBF5	77BF	20
2CC01	973D	8
2CC15	898A	16
2CCEF	9A42	16
2CEB3	4E07	10
2CEB3	842C	8
2CEB5	6597	10
2CEB6	4E10	8
2CEBB	8C55	8
2CEBD	559C	2
2CEC6	70CF	10
2CEC8	82BB	10
2CEC9	864D	10
2CECE	5609	2
2CED0	6240	2
2CED1	82BB	10
2CED2	5937	10
2CED5	9149	10
2CED8	82BB	10
2CEDC	7121	10
2CEDD	7121	10
2CEE5	5F57	10
2CEF5	517C	10
2CEF7	53DA	10
2CEF7	6BB5	10
2CEF8	66A2	16
2CEFB	5321	10
2CEFF	4E5F	10
2CF02	4E5F	10
2CF08	7F36	8
2CF08	7F3B	8
2CF08	7F50	8
2CF0C	79C9	10
2CF0D	9B25	10
2CF16	4EA1	10
2CF18	6B64	10
2CF19	5146	10
2CF1A	5146	10
2CF1C	8272	10
2CF38	4E86	10
2CF3A	5F1F	10
2CF3D	5E72	10
2CF3E	5193	10
2CF3F	4E9F	10
2CF43	6C38	10
2CF46	4EA5	10
2CF47	4EA5	10
2CF47	5145	10
2CF48	76F4	10
2CF49	4EA8	10
2CF4A	4EAB	10
2CF4B	81FF	10
2CF4C	4E57	2
2CF4C	4E58	8
2CF4D	5782	10
2CF4D	57C0	8
2CF5C	96CD	10
2CF61	4ECE	10
2CF61	5F93	2
2CF61	5F9E	2
2CF63	7247	10
2CF66	4EC7	10
2CF67	4E45	16
2CF69	4F50	2
2CF76	4F09	16
2CF77	58D9	16
2CF79	5F79	14
2CF8A	516A	10
2CF97	4FAF	10
2CF98	98DB	10
2CF9A	5CB1	16
2CFA8	5099	10
2CFAE	516A	10
2CFB9	5094	16
2CFBF	50D1	10
2CFE6	50BE	10
2CFED	885B	16
2CFF2	512A	10
2CFFB	5114	10
2D009	5135	16
2D017	5141	10
2D018	514A	8
2D018	514C	10
2D019	514A	8
2D019	514C	10
2D01A	5145	10
2D01C	514A	8
2D01C	514C	10
2D01D	74E6	10
2D01F	9577	10
2D020	514D	8
2D021	5146	10
2D023	514E	2
2D023	5154	10
2D025	514E	2
2D025	5154	10
2D030	6BDA	10
2D031	6BDA	10
2D044	5C70	10
2D046	5931	10
2D047	4E0E	2
2D047	8207	2
2D047	8208	2
2D048	4E0E	2
2D048	8207	2
2D049	8207	16
2D050	517C	10
2D054	26C29	8
2D055	8207	16
2D057	5960	16
2D060	5189	10
2D061	518D	10
2D062	4E21	2
2D062	5169	10
2D069	5193	10
2D06A	5193	10
2D06B	5193	10
2D06D	3840	10
2D06F	5193	10
2D073	5305	10
2D074	5BA3	2
2D076	51A5	16
2D077	51A5	10
2D077	669D	8
2D07A	51A0	10
2D07B	5BCC	10
2D07B	7550	8
2D081	5199	10
2D081	5BEB	8
2D085	61B2	10
2D088	6C55	16
2D08E	6D0B	16
2D091	6DD1	2
2D093	6DF3	2
2D097	6E38	16
2D09A	6EA2	16
2D09C	6F06	16
2D0AB	51E1	20
2D0AB	51E2	4
2D0AC	74E6	10
2D0AF	4EA2	10
2D0B3	98AA	16
2D0C4	5207	10
2D0C5	5208	10
2D0C6	5208	10
2D0E1	521D	10
2D0E5	5236	10
2D0E8	521D	10
2D0ED	5236	10
2D0F0	525C	16
2D0F1	7F9E	10
2D10F	5287	10
2D118	5289	10
2D11E	5206	10
2D123	52E2	10
2D125	52AA	16
2D127	5937	10
2D12B	52C7	10
2D12B	607F	8
2D133	8387	16
2D134	52D5	10
2D13F	52E7	2
2D13F	52F8	10
2D143	52E7	10
2D143	52F8	10
2D145	5308	8
2D145	80F8	8
2D14A	530B	10
2D14D	8655	16
2D150	5371	10
2D151	5377	10
2D151	5DFB	10
2D151	7CFA	8
2D151	7CFE	8
2D152	5DEE	10
2D158	5321	10
2D15F	8352	2
2D161	5351	10
2D169	7387	10
2D16F	864D	10
2D170	864D	10
2D172	5369	10
2D173	536C	8
2D173	5370	10
2D174	536C	8
2D174	5370	8
2D175	536F	10
2D17A	90DE	8
2D17C	90F7	2
2D17D	90F7	10
2D17D	9115	8
2D183	8FB0	2
2D184	864E	2
2D186	91D0	2
2D187	53A5	10
2D189	91D0	2
2D18F	53A5	10
2D192	8FB2	10
2D199	590B	8
2D19E	53C2	2
2D19E	53C3	10
2D1A1	55AE	8
2D1A2	517C	10
2D1A4	53C2	2
2D1A4	53C3	10
2D1A5	53CD	10
2D1AA	53DF	8
2D1AC	53DA	10
2D1AF	53DB	10
2D1B6	5910	8
2D1C1	543E	10
2D1D7	569D	16
2D1E2	5510	10
2D1E5	542B	10
2D1EA	5553	10
2D206	54C0	10
2D21D	5553	16
2D22C	55AA	3
2D239	53F7	10
2D239	865F	10
2D23C	55AE	8
2D247	5544	16
2D248	55DF	10
2D258	533A	2
2D258	5340	10
2D260	58FD	2
2D275	8A79	10
2D27F	55C4	8
2D28C	5618	8
2D28C	5653	10
2D28F	55A9	16
2D2D8	5F31	10
2D2DB	56CA	10
2D30C	56CA	10
2D314	56B4	8
2D330	56D3	16
2D35E	76EE	10
2D360	55C7	10
2D365	55C7	10
2D366	5700	16
2D37B	5750	16
2D37C	58EF	8
2D380	5747	2
2D385	6803	16
2D38E	5E78	2
2D395	8881	10
2D39B	6327	16
2D39C	58D4	16
2D3A2	2131B	16
2D3A4	57A3	2
2D3CD	5834	2
2D3D5	584C	16
2D3DB	9E7D	8
2D400	58C7	2
2D412	5609	2
2D415	5F6D	10
2D416	58FD	10
2D419	58FD	2
2D41D	7676	8
2D420	653F	16
2D422	590F	2
2D423	590D	8
2D423	590F	10
2D425	590F	2
2D426	5909	16
2D427	68A6	16
2D42B	611B	1
2D42C	5910	8
2D430	512A	16
2D431	5914	8
2D431	8641	8
2D433	53D4	10
2D434	591A	10
2D434	82BB	8
2D438	98DB	10
2D443	5938	10
2D445	5937	10
2D44A	5377	10
2D44A	5DFB	10
2D44A	7CFA	8
2D44A	7CFE	8
2D44B	5958	16
2D44F	5950	10
2D451	595A	10
2D452	5950	10
2D455	5951	8
2D458	723D	10
2D45E	6F01	16
2D45F	5960	8
2D463	596E	8
2D468	5B89	10
2D47F	5A01	10
2D480	5A7A	16
2D4A1	5ACC	8
2D4B8	6255	16
2D4C2	5B6B	10
2D4C7	5B78	16
2D4D4	5B70	10
2D4D5	5B78	2
2D4D7	5B66	2
2D4D7	5B78	10
2D4D8	5B78	16
2D4E6	5B8B	16
2D4E9	4EA5	10
2D4E9	5B9B	8
2D4EF	5BB3	10
2D4FD	5BC6	2
2D4FE	5BC7	8
2D4FF	51A5	10
2D4FF	669D	8
2D500	5BC6	10
2D503	5BC4	10
2D504	5BE7	10
2D504	752F	8
2D50C	9EFD	8
2D517	5BEC	16
2D51F	5BF6	16
2D52C	5C07	8
2D531	8FB1	10
2D535	5C01	10
2D538	5BFE	2
2D538	5C0D	10
2D539	5BFE	2
2D539	5C0D	10
2D53E	5BFE	2
2D53E	5C0D	10
2D53F	5C0A	10
2D544	5C0F	16
2D547	5FDD	10
2D54B	9ECE	10
2D550	5C31	10
2D552	5C31	10
2D558	7709	10
2D559	5C5B	16
2D55D	7280	10
2D565	53A6	4
2D565	5EC8	20
2D56D	5C5E	2
2D56D	5C6C	10
2D56F	7280	16
2D57E	5C6F	10
2D57F	5C6F	10
2D580	4EE5	10
2D58C	5CA8	16
2D592	5C01	10
2D593	21DA1	16
2D5A9	5DA7	16
2D5C3	5D8C	2
2D5C7	5DB9	16
2D5D2	5FAE	10
2D5D3	5FB4	10
2D5D3	5FB5	10
2D5D4	69EF	16
2D5D5	5DCC	16
2D5EA	5DCD	16
2D5ED	5DD6	16
2D5FB	5DE0	10
2D5FC	21FFA	8
2D5FE	21FFA	8
2D600	5DDE	10
2D600	6D32	8
2D606	5DEB	10
2D60A	5371	10
2D611	4E55	16
2D618	601C	16
2D61A	6021	16
2D623	97CB	10
2D627	5E2F	2
2D627	5E36	10
2D629	66A2	2
2D63E	5E74	10
2D64C	5E7E	10
2D64D	4EA2	16
2D654	75AB	16
2D657	5E95	10
2D661	75DB	16
2D667	8655	16
2D676	81BA	16
2D67A	5E2D	10
2D67D	9EBD	16
2D682	9F90	16
2D683	6589	2
2D683	9F4A	10
2D691	9DF9	16
2D692	5EF6	10
2D693	5EF6	10
2D698	5951	8
2D69F	5F10	16
2D6A1	5F0F	10
2D6A5	5F13	10
2D6A8	5937	10
2D6B6	5F4C	10
2D6B8	5F37	10
2D6B9	5F37	10
2D6BC	5F37	10
2D6BF	5F45	16
2D6C1	767A	2
2D6C1	767C	10
2D6C5	5F4C	2
2D6CC	7586	16
2D6CD	6634	16
2D6DD	885B	8
2D6DD	885E	8
2D6DE	4F03	16
2D6E0	5F79	10
2D6E3	5F79	16
2D6E7	5FA0	16
2D6E9	5F84	2
2D6E9	5F91	10
2D6E9	9015	8
2D6F3	5FAF	16
2D708	5FB9	2
2D70D	5FE9	8
2D70D	6031	8
2D70E	5FD8	10
2D710	609F	16
2D711	606D	16
2D718	5FD8	16
2D719	606D	16
2D71B	6064	16
2D723	6025	10
2D724	6025	10
2D725	6028	10
2D726	6050	10
2D727	6089	10
2D72E	6CF0	2
2D733	396F	10
2D734	5354	2
2D734	604A	2
2D735	396F	10
2D736	6199	16
2D746	6012	16
2D751	60C8	16
2D760	3BC3	8
2D760	687C	10
2D760	6F06	2
2D762	60B2	16
2D768	7199	2
2D777	61AD	16
2D781	616B	16
2D785	6165	8
2D78C	61B2	10
2D790	616E	10
2D79E	61FD	16
2D7B9	61FD	10
2D7B9	6B61	8
2D7B9	9A69	8
2D7C1	64B9	16
2D7C4	6200	16
2D7DE	61B6	10
2D7EE	620E	16
2D7EF	6214	10
2D7F1	8302	2
2D7F6	6222	10
2D7F9	85CF	2
2D7FC	6232	8
2D7FE	622F	2
2D7FE	6232	10
2D802	5C40	10
2D805	623B	2
2D805	623E	10
2D80D	624D	16
2D818	6295	10
2D820	62DC	10
2D820	62DD	2
2D821	62DB	10
2D848	6377	2
2D860	637A	10
2D877	22C1D	16
2D878	6377	16
2D885	64E7	16
2D886	65C5	10
2D8AB	64FD	16
2D8AF	6518	8
2D8C4	652C	16
2D8D4	6251	8
2D8D4	652F	10
2D8D4	6534	8
2D8DA	6563	10
2D8E2	6538	10
2D8E3	6536	10
2D8E9	62D9	10
2D8EC	53D4	10
2D8EF	7B56	10
2D8F0	6BBA	10
2D8F0	715E	8
2D8F1	6BBA	10
2D8F1	715E	8
2D8F4	52C5	10
2D8F4	6555	8
2D8F5	767A	2
2D8F5	767C	10
2D8F8	6566	10
2D8F9	6563	10
2D8FA	767A	2
2D8FA	767C	10
2D8FB	6590	10
2D8FE	6566	10
2D900	63E9	10
2D901	656B	10
2D902	656B	10
2D903	6B4C	2
2D904	7A40	16
2D90B	6570	2
2D90B	6578	10
2D90F	53B3	2
2D90F	56B4	10
2D915	658E	16
2D916	653F	16
2D917	653F	16
2D918	6589	16
2D91B	8B8A	16
2D91F	65A5	10
2D91F	7247	10
2D920	6B23	2
2D923	9F0E	16
2D925	9F0E	10
2D927	65B9	10
2D929	5F18	10
2D92E	65BD	10
2D92F	65CC	16
2D93D	5F37	10
2D946	65C3	10
2D94D	65E8	10
2D94E	65E8	10
2D957	5192	10
2D95C	66F8	8
2D95F	80E4	10
2D966	6602	16
2D967	66FB	2
2D96B	5192	8
2D96B	80C3	10
2D96C	770B	10
2D96D	66F7	10
2D978	66FB	2
2D980	8107	16
2D983	810A	10
2D98C	66FD	2
2D98C	66FE	10
2D991	6648	16
2D997	66FC	10
2D999	6649	16
2D99A	20DE1	16
2D9A8	97F6	16
2D9A9	6681	2
2D9A9	66C9	2
2D9C2	66B4	10
2D9C2	66DD	8
2D9D1	6705	10
2D9DB	2A6B2	16
2D9DF	5F71	10
2D9E9	66C4	16
2D9FD	66E9	16
2DA18	66F3	10
2DA30	80A1	16
2DA5C	6789	16
2DA5F	68EE	16
2DA61	7DB1	10
2DA65	579C	8
2DA69	67F9	2
2DA71	67D0	10
2DA71	6885	8
2DA71	6973	8
2DA72	67D4	10
2DA73	6A72	16
2DA80	3BC3	8
2DA80	687C	8
2DA80	68D7	8
2DA92	6A05	16
2DA95	6840	10
2DA96	6840	10
2DA97	67D4	10
2DA99	696D	10
2DA9A	687A	2
2DA9B	7D5C	16
2DA9C	69A7	16
2DAAE	6900	16
2DAAF	6962	16
2DAB4	6840	10
2DAB6	698E	2
2DAC8	3BC3	8
2DAC8	687C	10
2DAC8	6F06	2
2DACD	6935	16
2DAD2	6840	10
2DAD5	69D9	16
2DAD8	68D7	10
2DADC	6A58	2
2DADD	68D7	10
2DAEC	6A0A	10
2DAEF	699B	16
2DAF0	699B	2
2DAF3	2373F	2
2DAF8	6975	16
2DAFF	6A3A	10
2DB11	6500	10
2DB12	6AEA	1
2DB33	6A29	10
2DB33	6B0A	10
2DB34	7C3E	16
2DB4E	6B3E	10
2DB53	55C4	8
2DB54	6B54	10
2DB55	61FD	8
2DB55	6B53	2
2DB55	6B61	10
2DB55	9A69	8
2DB58	7109	16
2DB66	9755	16
2DB70	6DD1	16
2DB7D	536F	8
2DB7D	5918	8
2DB7E	6B7B	10
2DB80	6B7B	10
2DB81	536F	8
2DB81	5918	8
2DB85	5375	10
2DB88	6B7F	10
2DB91	5B6B	10
2DB96	98DB	10
2DBA3	7647	8
2DBAB	6BB5	2
2DBAD	53DA	8
2DBAD	6BB5	10
2DBB0	6BBB	2
2DBB0	6BBC	10
2DBB1	6BB7	3
2DBB3	6BC0	10
2DBB4	6BB7	16
2DBB5	6BC0	16
2DBB6	78EC	8
2DBBA	6BBF	10
2DBC7	6BCF	8
2DBF0	6C13	8
2DC01	6D04	10
2DC0B	53C2	2
2DC0B	53C3	10
2DC0F	67D3	10
2DC10	5DDE	8
2DC10	6D32	10
2DC11	6C7D	16
2DC16	57FF	8
2DC16	6CE5	8
2DC23	6CF0	2
2DC26	6D45	2
2DC26	6DFA	10
2DC29	6E82	16
2DC2F	6E80	16
2DC30	6D94	16
2DC31	6F81	16
2DC39	6DF1	10
2DC41	3BC3	8
2DC41	687C	10
2DC41	6F06	2
2DC45	6E24	16
2DC4E	6E80	2
2DC4F	6DCF	16
2DC5A	6FDA	20
2DC62	6E24	16
2DC69	6E80	2
2DC6A	6EFF	2
2DC6E	9ECE	2
2DC70	6DF3	2
2DC71	6E4A	2
2DC7D	6EFF	16
2DC83	6EA2	20
2DC84	6EC9	16
2DC8B	6F88	16
2DC8C	6E4A	2
2DC8D	6E08	16
2DC91	6F22	8
2DC9E	6EFF	2
2DCA0	7032	16
2DCA7	6F5F	16
2DCB3	6FB6	16
2DCBE	6FEC	16
2DCC1	6FEC	16
2DCCA	7058	2
2DCCD	6FE4	10
2DCD3	6EFF	2
2DCD6	7047	16
2DCD7	6FD5	16
2DCDA	8584	16
2DCE0	9D3B	16
2DCE3	25C4B	16
2DCE4	7032	16
2DCE9	6FFE	16
2DCEF	6FDF	16
2DCFA	7051	8
2DCFF	70B8	2
2DD11	7131	10
2DD19	70B9	2
2DD19	9EDE	10
2DD1A	70CF	10
2DD2B	7167	16
2DD2C	9ED2	2
2DD37	8204	8
2DD3A	4E9F	10
2DD3E	7121	10
2DD3F	7121	16
2DD44	517C	10
2DD47	7092	10
2DD48	517C	10
2DD4B	71C1	16
2DD5C	718F	10
2DD5C	71FB	8
2DD5D	6148	16
2DD60	4E1E	10
2DD68	71C1	16
2DD74	71B1	16
2DD7A	51DE	16
2DD7C	6194	10
2DD82	71C1	2
2DD89	51DE	16
2DD92	720D	16
2DD97	7901	10
2DDA1	7092	8
2DDE3	727D	10
2DDFA	3E60	10
2DDFA	8C5A	10
2DE0D	730A	16
2DE12	731B	2
2DE20	63F5	16
2DE23	732E	2
2DE23	737B	10
2DE2E	732E	2
2DE2E	737B	10
2DE3C	7469	16
2DE55	7441	10
2DE56	667A	16
2DE57	7460	16
2DE63	7422	2
2DE77	74A8	16
2DE7C	58AB	16
2DE7D	7499	16
2DE86	74A6	1
2DE9B	74E6	10
2DE9C	74E6	10
2DEA3	7815	10
2DEA3	788E	10
2DEAA	7518	10
2DEAB	7518	10
2DEAE	5617	10
2DEAE	751E	8
2DEB3	57F6	8
2DEB8	752C	10
2DEBA	8076	8
2DEBE	7562	8
2DEC9	7550	10
2DECA	583A	8
2DECA	754C	10
2DECA	754D	8
2DECC	7571	2
2DED2	756F	16
2DEE5	66B4	10
2DEE5	66DD	8
2DEE8	757A	10
2DEE8	7586	2
2DEE9	757A	10
2DEE9	7586	2
2DEEF	757A	10
2DEEF	7586	2
2DEF0	7573	2
2DEF0	758A	2
2DEF4	757A	10
2DEF4	7586	2
2DEF5	7573	2
2DEF5	758A	2
2DEF8	758A	16
2DEFF	758C	10
2DF02	590F	10
2DF03	7591	10
2DF05	7591	10
2DF0B	75BE	10
2DF0E	7646	16
2DF30	7667	1
2DF38	7662	16
2DF3D	7676	8
2DF3E	7678	10
2DF41	767B	10
2DF42	767A	2
2DF42	767C	10
2DF47	8C8C	10
2DF4F	7690	2
2DF52	7533	10
2DF5C	6683	16
2DF6A	76BA	10
2DF78	9F15	16
2DF7C	25055	2
2DF82	76CD	8
2DF82	84CB	8
2DF86	76E3	10
2DF8A	76E7	10
2DF8B	76E3	10
2DF8F	76EC	10
2DF90	76E7	10
2DF9C	76FE	10
2DF9F	8996	10
2DFA9	770B	10
2DFAA	7758	10
2DFB1	7758	10
2DFD3	776A	8
2DFDC	7791	10
2DFE6	66D9	16
2DFEA	77CD	10
2DFF5	77DB	10
2DFF6	77DB	10
2DFF7	77DE	10
2E001	77E9	2
2E03F	78BA	16
2E043	7925	16
2E04C	78D5	10
2E068	796D	10
2E069	7950	16
2E06F	88B4	2
2E074	88C4	16
2E076	658E	2
2E079	796D	16
2E08A	798F	10
2E08F	8941	16
2E094	798F	16
2E09C	79B3	16
2E09E	79B1	10
2E0A2	79B0	16
2E0AF	79CA	16
2E0BA	79E1	16
2E0C1	7965	2
2E0CE	79F0	2
2E0CE	7A31	10
2E0D6	6388	10
2E0D7	7A46	16
2E0DB	7A3D	10
2E0E2	7A3D	10
2E0E3	7526	8
2E0E3	7A4C	10
2E0F0	9FA2	16
2E0FB	5B98	10
2E101	7AC3	16
2E102	7AAA	16
2E112	7AC4	10
2E11C	9083	8
2E11C	285C9	8
2E134	5F70	2
2E149	7B39	2
2E14F	7B2C	10
2E154	7C3F	16
2E155	7B07	8
2E155	7B97	10
2E161	8446	16
2E16F	7BC4	2
2E170	8015	16
2E1B4	7C3E	8
2E1B6	7BF6	16
2E1D3	7C82	2
2E1D3	7CB2	10
2E1DC	7CAE	16
2E1DE	7CB9	16
2E1E3	71D0	2
2E1E3	7CA6	10
2E1EC	96B7	10
2E1EC	96B8	10
2E1F5	9ECE	16
2E204	7D0B	10
2E20B	7DAF	10
2E20C	7D63	16
2E211	7D5C	8
2E214	7CF8	10
2E214	7D72	2
2E215	7E26	16
2E21B	7D5C	8
2E223	7DB1	10
2E226	7DBE	16
2E231	7DBD	8
2E235	7D99	2
2E235	7E7C	10
2E248	7E11	16
2E257	7E91	10
2E25F	7E9A	10
2E270	5782	10
2E270	57C0	8
2E271	7F3A	16
2E278	7F50	16
2E27C	5189	10
2E281	7F5F	10
2E284	7F60	10
2E286	5950	10
2E28C	7DB2	10
2E292	7F77	10
2E293	7F77	10
2E2A2	7F8E	16
2E2AB	7FA9	10
2E2B5	7FB8	8
2E2B7	7FB8	8
2E2B8	7FD2	10
2E2BE	7FFC	16
2E2BF	7FCF	10
2E2C0	7FCF	10
2E2C1	7FD5	16
2E2D2	7FFB	10
2E2D2	98DC	8
2E2DA	7CF6	16
2E2DD	8006	10
2E2F9	8073	16
2E2FB	58F0	2
2E2FB	8072	10
2E301	807F	10
2E304	7C9B	2
2E304	8085	10
2E306	7C9B	2
2E306	8085	10
2E307	5B8D	8
2E307	8089	10
2E310	7737	16
2E312	819D	10
2E314	818F	10
2E316	8102	10
2E31A	5308	8
2E31A	80F8	10
2E31B	80FD	2
2E329	9A3E	2
2E329	9A58	2
2E337	8178	2
2E344	81D3	10
2E344	81DF	10
2E34C	81E3	10
2E34D	81E4	10
2E34D	8CE2	2
2E34E	8535	2
2E34E	85CF	10
2E350	81E7	10
2E352	85CF	2
2E360	81F4	10
2E363	81FB	16
2E365	81FD	10
2E367	53DF	16
2E368	8202	10
2E36B	8207	16
2E36C	8207	16
2E36D	8207	16
2E372	91C1	10
2E379	8A79	10
2E381	511B	8
2E381	821E	10
2E386	822C	3
2E38B	8236	10
2E397	826B	10
2E39B	8272	10
2E39C	8272	10
2E3A3	82AD	16
2E3A6	82F1	10
2E3A7	82F1	10
2E3AA	8299	16
2E3B0	8352	3
2E3B7	832B	10
2E3B8	8362	16
2E3BB	8352	2
2E3BE	83D0	10
2E3C0	83F1	2
2E3C4	83CC	10
2E3C7	8352	2
2E3CC	833A	16
2E3D1	83C0	10
2E3D2	856D	16
2E3D3	8323	8
2E3D4	8558	10
2E3D6	83D0	10
2E3DE	8352	2
2E3E3	84D1	2
2E3E9	696D	10
2E3F3	517C	2
2E3FB	84A6	8
2E3FC	84A6	8
2E403	8499	8
2E407	8591	16
2E439	84B8	16
2E43B	85CF	2
2E43C	8535	2
2E43C	85CF	10
2E44A	858A	10
2E45A	85E4	10
2E45C	85AB	2
2E460	859C	16
2E476	84B8	10
2E497	7A6B	10
2E499	8594	10
2E49B	85DD	2
2E49C	25DA1	16
2E4AB	712B	8
2E4AB	7207	10
2E4B9	5584	10
2E4C8	944A	10
2E4D6	9162	10
2E4D7	864D	10
2E4D8	8650	10
2E4D9	864E	10
2E4DA	8654	10
2E4DC	864E	10
2E4DE	5EB8	10
2E4E0	865A	2
2E4E0	865B	10
2E4E1	865A	2
2E4E1	865B	10
2E4E3	8656	10
2E4E5	865E	10
2E4E6	8656	16
2E4EF	9E9F	16
2E4F0	866B	8
2E4F0	87F2	8
2E4F1	866B	8
2E4F1	87F2	8
2E4F5	86A4	10
2E4FA	86CE	16
2E4FC	87F2	8
2E507	86A4	10
2E509	871C	10
2E517	8772	16
2E552	8749	8
2E552	87EC	8
2E55B	8827	8
2E55B	8839	10
2E55C	8840	10
2E55D	8842	8
2E55D	8844	10
2E564	793C	2
2E565	521D	16
2E569	8870	10
2E56A	8877	8
2E56B	8870	10
2E571	8870	10
2E571	8944	8
2E57A	88D4	10
2E59A	8944	10
2E5A0	8944	10
2E5A5	8912	8
2E5A5	8943	8
2E5BB	79B1	16
2E5C2	8983	8
2E5C8	7F85	16
2E5D3	89BA	2
2E5D6	8990	8
2E5D6	89BA	10
2E5D8	89A7	2
2E5D8	89BD	10
2E5DA	89B3	2
2E5DA	89C0	10
2E5DC	89BA	2
2E5DF	752C	8
2E5DF	89D2	10
2E5E0	752C	8
2E5E0	89D2	10
2E5E8	89E3	10
2E5EE	89E3	10
2E602	8A2D	1
2E608	8A72	10
2E60A	8A87	16
2E60E	470C	10
2E610	8A79	10
2E619	8AE0	16
2E624	8A89	2
2E624	8B7D	10
2E626	8B1F	10
2E62A	8AF1	10
2E62D	8B07	10
2E638	8B2C	10
2E639	8B19	2
2E63E	8B9E	10
2E646	8AD6	10
2E658	8C4A	2
2E658	8C50	10
2E65A	51FD	16
2E65B	5F56	8
2E65D	8C61	8
2E65E	8C61	8
2E660	8C61	8
2E663	3E60	8
2E663	8C5A	10
2E666	8C7A	16
2E66A	8C8C	10
2E66D	8C9E	2
2E66E	3775	10
2E672	8CB4	10
2E67E	8CD1	10
2E67F	8CAA	10
2E681	9F4E	16
2E683	8CAA	10
2E684	770C	2
2E684	7E23	10
2E685	8CDA	10
2E686	8CCA	10
2E687	770C	2
2E687	7E23	10
2E68B	8CDB	10
2E68B	8D0A	10
2E68C	8CDB	2
2E68C	8D0A	10
2E691	8CDE	10
2E695	8CE2	2
2E69A	8CE2	2
2E6B4	9EB8	16
2E6B6	8D81	14
2E6D9	8E64	16
2E6EA	8E4A	16
2E700	8E64	16
2E709	8E64	16
2E712	8E81	10
2E715	8E64	16
2E73F	8ECC	10
2E769	8F62	8
2E76C	8F63	1
2E77B	8F9F	10
2E77E	8FB0	10
2E782	8FC4	10
2E785	5EF6	10
2E786	5320	10
2E789	8FE5	16
2E798	9087	10
2E799	9087	16
2E79A	9076	16
2E7AD	9063	10
2E7B7	533A	2
2E7B7	5340	10
2E7BD	8FBA	2
2E7BD	9089	8
2E7BD	908A	10
2E7BE	908A	2
2E7C0	9077	8
2E7C3	9084	10
2E7D7	908A	2
2E7DE	8FE9	8
2E7DE	9087	10
2E7F2	90B0	16
2E7FE	90FD	10
2E811	9148	8
2E815	9149	10
2E816	914B	10
2E81A	914B	10
2E82D	9177	16
2E844	91AA	10
2E84C	91B8	2
2E84C	91C0	10
2E867	91F1	16
2E868	92D9	16
2E86F	925A	16
2E878	93D7	8
2E895	5291	16
2E89A	9445	16
2E89C	9435	16
2E8A2	92D2	16
2E8A8	9435	16
2E8AC	92D9	16
2E8B4	9394	16
2E8BC	93B0	16
2E8BE	9435	16
2E8CD	9396	16
2E8CF	9460	8
2E8D0	9472	10
2E8D1	9444	8
2E8D7	28A99	16
2E8D9	9B32	8
2E8F9	9AEA	10
2E8F9	9AEE	10
2E91A	95DC	10
2E91C	95DE	16
2E928	95E5	10
2E943	964D	10
2E94F	9634	8
2E94F	9670	10
2E953	9686	10
2E95A	96A0	2
2E95A	96B1	10
2E974	96B6	16
2E976	96DA	10
2E979	96DA	10
2E97A	96BB	10
2E97E	77BF	16
2E97F	96DA	10
2E980	96D1	2
2E980	96DC	2
2E984	96E8	10
2E986	723E	2
2E986	96E8	10
2E99F	9719	8
2E9A2	970E	16
2E9B7	9742	1
2E9C7	97F1	10
2E9CA	4EB6	10
2E9CC	55C7	10
2E9D3	9769	10
2E9D7	978F	16
2E9EE	97CB	10
2E9EF	97CB	10
2E9F0	97CB	10
2E9F2	97DC	16
2E9FB	7ADC	10
2E9FB	9F8D	10
2EA07	9867	10
2EA08	9824	10
2EA08	268DD	8
2EA0D	7A4E	16
2EA37	8C45	10
2EA3D	990A	16
2EA3E	29719	16
2EA41	9940	16
2EA66	7A3D	10
2EA7C	99D1	10
2EA88	9A4D	16
2EA8D	6B39	8
2EA8D	9A0E	10
2EA9C	9A6A	8
2EAAC	9AB8	10
2EABB	9ADC	16
2EAC4	9B0C	2
2EACB	9B23	16
2EAD6	9B2F	10
2EAD7	7235	10
2EAD8	9B31	10
2EAD9	9B32	10
2EAEC	9B5A	10
2EAED	9B5A	10
2EAEE	9B5A	10
2EAEF	9B5A	10
2EAF2	9B6F	10
2EAF9	9C39	16
2EB07	9C04	16
2EB17	9C78	10
2EB2C	9D07	10
2EB30	9D07	16
2EB32	9D15	10
2EB4B	9DBF	16
2EB5F	9CF3	10
2EB60	9E1C	16
2EB6D	9E7D	8
2EB71	9E7F	10
2EB74	8868	10
2EB76	9E97	10
2EB77	9E97	10
2EB79	9E97	10
2EB84	9EAA	16
2EB86	9EAD	16
2EB90	9ECD	10
2EB91	9ECD	10
2EBA0	9EF9	10
2EBB0	9F3B	10
2EBB1	9F3B	10
2EBB2	9F3B	10
2EBB3	9F3B	10
2EBB4	9F3B	10
2EBB5	9F3B	10
2EBBA	6589	2
2EBBA	9F4A	10
2EBBB	9F4A	16
2EBBC	6589	2
2EBBC	9F4A	10
2EBBD	6B6F	2
2EBBD	9F52	10
2EBBE	9F54	16
2EBC3	9F60	16
2EBC5	9F66	16
2EBC7	9F6A	16
2EBC8	9E78	16
2EBCB	9F76	16
2EBCC	9F72	16
2EBCE	9F77	16
2EBDB	9F9C	16
2EBDC	4E80	2
2EBDC	9F9C	10
2EBDD	4E80	2
2EBDD	9F9C	10
2EBDE	4E80	2
2EBDE	9F9C	10
2EBDF	4E80	2
2EBDF	9F9C	10
2F800	4E3D	32
2F801	4E38	32
2F802	4E41	32
2F803	20122	32
2F804	4F60	32
2F805	4FAE	32
2F806	4FBB	32
2F807	5002	32
2F808	507A	32
2F809	5099	32
2F80A	50E7	32
2F80B	50CF	32
2F80C	349E	32
2F80D	2063A	32
2F80E	514D	32
2F80F	5154	32
2F810	5164	32
2F811	5177	32
2F812	2051C	32
2F813	34B9	32
2F814	5167	32
2F815	518D	32
2F816	2054B	32
2F817	5197	32
2F818	51A4	32
2F819	4ECC	32
2F81A	51AC	32
2F81B	51B5	32
2F81C	291DF	32
2F81D	51F5	32
2F81E	5203	32
2F81F	34DF	32
2F820	523B	32
2F821	5246	32
2F822	5272	32
2F823	5277	32
2F824	3515	32
2F825	52C7	32
2F826	52C9	32
2F827	52E4	32
2F828	52FA	32
2F829	5305	32
2F82A	5306	32
2F82B	5317	32
2F82C	5349	32
2F82D	5351	32
2F82E	535A	32
2F82F	5373	32
2F830	537D	32
2F831	537F	32
2F832	537F	32
2F833	537F	32
2F834	20A2C	32
2F835	7070	32
2F836	53CA	32
2F837	53DF	32
2F838	20B63	32
2F839	53EB	32
2F83A	53F1	32
2F83B	5406	32
2F83C	549E	32
2F83D	5438	32
2F83E	5448	32
2F83F	5468	32
2F840	54A2	32
2F841	54F6	32
2F842	5510	32
2F843	5553	32
2F844	5563	32
2F845	5584	32
2F846	5584	32
2F847	5599	32
2F848	55AB	32
2F849	55B3	32
2F84A	55C2	32
2F84B	5716	32
2F84C	5606	32
2F84D	5717	32
2F84E	5651	32
2F84F	5674	32
2F850	5207	32
2F851	58EE	32
2F852	57CE	32
2F853	57F4	32
2F854	580D	32
2F855	578B	32
2F856	5832	32
2F857	5831	32
2F858	58AC	32
2F859	214E4	32
2F85A	58F2	32
2F85B	58F7	32
2F85C	5906	32
2F85D	591A	32
2F85E	5922	32
2F85F	5962	32
2F860	216A8	32
2F861	216EA	32
2F862	59EC	32
2F863	5A1B	32
2F864	5A27	32
2F865	59D8	32
2F866	5A66	32
2F867	36EE	32
2F868	36FC	32
2F869	5B08	32
2F86A	5B3E	32
2F86B	5B3E	32
2F86C	219C8	32
2F86D	5BC3	32
2F86E	5BD8	32
2F86F	5BE7	32
2F870	5BF3	32
2F871	21B18	32
2F872	5BFF	32
2F873	5C06	32
2F874	5F53	32
2F875	5C22	32
2F876	3781	32
2F877	5C60	32
2F878	5C6E	32
2F879	5CC0	32
2F87A	5C8D	32
2F87B	21DE4	32
2F87C	5D43	32
2F87D	21DE6	32
2F87E	5D6E	32
2F87F	5D6B	32
2F880	5D7C	32
2F881	5DE1	32
2F882	5DE2	32
2F883	382F	32
2F884	5DFD	32
2F885	5E28	32
2F886	5E3D	32
2F887	5E69	32
2F888	3862	32
2F889	22183	32
2F88A	387C	32
2F88B	5EB0	32
2F88C	5EB3	32
2F88D	5EB6	32
2F88E	5ECA	32
2F88F	2A392	32
2F890	5EFE	32
2F891	22331	32
2F892	22331	32
2F893	8201	32
2F894	5F22	32
2F895	5F22	32
2F896	38C7	32
2F897	232B8	32
2F898	261DA	32
2F899	5F62	32
2F89A	5F6B	32
2F89B	38E3	32
2F89C	5F9A	32
2F89D	5FCD	32
2F89E	5FD7	32
2F89F	5FF9	32
2F8A0	6081	32
2F8A1	393A	32
2F8A2	391C	32
2F8A3	6094	32
2F8A4	226D4	32
2F8A5	60C7	32
2F8A6	6148	32
2F8A7	614C	32
2F8A8	614E	32
2F8A9	614C	32
2F8AA	617A	32
2F8AB	618E	32
2F8AC	61B2	32
2F8AD	61A4	32
2F8AE	61AF	32
2F8AF	61DE	32
2F8B0	61F2	32
2F8B1	61F6	32
2F8B2	6210	32
2F8B3	621B	32
2F8B4	625D	32
2F8B5	62B1	32
2F8B6	62D4	32
2F8B7	6350	32
2F8B8	22B0C	32
2F8B9	633D	32
2F8BA	62FC	32
2F8BB	6368	32
2F8BC	6383	32
2F8BD	63E4	32
2F8BE	22BF1	32
2F8BF	6422	32
2F8C0	63C5	32
2F8C1	63A9	32
2F8C2	3A2E	32
2F8C3	6469	32
2F8C4	647E	32
2F8C5	649D	32
2F8C6	6477	32
2F8C7	3A6C	32
2F8C8	654F	32
2F8C9	656C	32
2F8CA	2300A	32
2F8CB	65E3	32
2F8CC	66F8	32
2F8CD	6649	32
2F8CE	3B19	32
2F8CF	6691	32
2F8D0	3B08	32
2F8D1	3AE4	32
2F8D2	5192	32
2F8D3	5195	32
2F8D4	6700	32
2F8D5	669C	32
2F8D6	80AD	32
2F8D7	43D9	32
2F8D8	6717	32
2F8D9	671B	32
2F8DA	6721	32
2F8DB	675E	32
2F8DC	6753	32
2F8DD	233C3	32
2F8DE	3B49	32
2F8DF	67FA	32
2F8E0	6785	32
2F8E1	6852	32
2F8E2	6885	32
2F8E3	2346D	32
2F8E4	688E	32
2F8E5	681F	32
2F8E6	6914	32
2F8E7	3B9D	32
2F8E8	6942	32
2F8E9	69A3	32
2F8EA	69EA	32
2F8EB	6AA8	32
2F8EC	236A3	32
2F8ED	6ADB	32
2F8EE	3C18	32
2F8EF	6B21	32
2F8F0	238A7	32
2F8F1	6B54	32
2F8F2	3C4E	32
2F8F3	6B72	32
2F8F4	6B9F	32
2F8F5	6BBA	32
2F8F6	6BBB	32
2F8F7	23A8D	32
2F8F8	21D0B	32
2F8F9	23AFA	32
2F8FA	6C4E	32
2F8FB	23CBC	32
2F8FC	6CBF	32
2F8FD	6CCD	32
2F8FE	6C67	32
2F8FF	6D16	32
2F900	6D3E	32
2F901	6D77	32
2F902	6D41	32
2F903	6D69	32
2F904	6D78	32
2F905	6D85	32
2F906	23D1E	32
2F907	6D34	32
2F908	6E2F	32
2F909	6E6E	32
2F90A	3D33	32
2F90B	6ECB	32
2F90C	6EC7	32
2F90D	23ED1	32
2F90E	6DF9	32
2F90F	6F6E	32
2F910	23F5E	32
2F911	23F8E	32
2F912	6FC6	32
2F913	7039	32
2F914	701E	32
2F915	701B	32
2F916	3D96	32
2F917	704A	32
2F918	707D	32
2F919	7077	32
2F91A	70AD	32
2F91B	20525	32
2F91C	7145	32
2F91D	24263	32
2F91E	719C	32
2F91F	243AB	32
2F920	7228	32
2F921	7235	32
2F922	7250	32
2F923	24608	32
2F924	7280	32
2F925	7295	32
2F926	24735	32
2F927	24814	32
2F928	737A	32
2F929	738B	32
2F92A	3EAC	32
2F92B	73A5	32
2F92C	3EB8	32
2F92D	3EB8	32
2F92E	7447	32
2F92F	745C	32
2F930	7471	32
2F931	7485	32
2F932	74CA	32
2F933	3F1B	32
2F934	7524	32
2F935	24C36	32
2F936	753E	32
2F937	24C92	32
2F938	7570	32
2F939	2219F	32
2F93A	7610	32
2F93B	24FA1	32
2F93C	24FB8	32
2F93D	25044	32
2F93E	3FFC	32
2F93F	4008	32
2F940	76F4	32
2F941	250F3	32
2F942	250F2	32
2F943	25119	32
2F944	25133	32
2F945	771E	32
2F946	771F	32
2F947	771F	32
2F948	774A	32
2F949	4039	32
2F94A	778B	32
2F94B	4046	32
2F94C	4096	32
2F94D	2541D	32
2F94E	784E	32
2F94F	788C	32
2F950	78CC	32
2F951	40E3	32
2F952	25626	32
2F953	7956	32
2F954	2569A	32
2F955	256C5	32
2F956	798F	32
2F957	79EB	32
2F958	412F	32
2F959	7A40	32
2F95A	7A4A	32
2F95B	7A4F	32
2F95C	2597C	32
2F95D	25AA7	32
2F95E	25AA7	32
2F95F	7AEE	32
2F960	4202	32
2F961	25BAB	32
2F962	7BC6	32
2F963	7BC9	32
2F964	4227	32
2F965	25C80	32
2F966	7CD2	32
2F967	42A0	32
2F968	7CE8	32
2F969	7CE3	32
2F96A	7D00	32
2F96B	25F86	32
2F96C	7D63	32
2F96D	4301	32
2F96E	7DC7	32
2F96F	7E02	32
2F970	7E45	32
2F971	4334	32
2F972	26228	32
2F973	26247	32
2F974	4359	32
2F975	262D9	32
2F976	7F7A	32
2F977	2633E	32
2F978	7F95	32
2F979	7FFA	32
2F97A	8005	32
2F97B	264DA	32
2F97C	26523	32
2F97D	8060	32
2F97E	265A8	32
2F97F	8070	32
2F980	2335F	32
2F981	43D5	32
2F982	80B2	32
2F983	8103	32
2F984	440B	32
2F985	813E	32
2F986	5AB5	32
2F987	267A7	32
2F988	267B5	32
2F989	23393	32
2F98A	2339C	32
2F98B	8201	32
2F98C	8204	32
2F98D	8F9E	32
2F98E	446B	32
2F98F	8291	32
2F990	828B	32
2F991	829D	32
2F992	52B3	32
2F993	82B1	32
2F994	82B3	32
2F995	82BD	32
2F996	82E6	32
2F997	26B3C	32
2F998	82E5	32
2F999	831D	32
2F99A	8363	32
2F99B	83AD	32
2F99C	8323	32
2F99D	83BD	32
2F99E	83E7	32
2F99F	8457	32
2F9A0	8353	32
2F9A1	83CA	32
2F9A2	83CC	32
2F9A3	83DC	32
2F9A4	26C36	32
2F9A5	26D6B	32
2F9A6	26CD5	32
2F9A7	452B	32
2F9A8	84F1	32
2F9A9	84F3	32
2F9AA	8516	32
2F9AB	273CA	32
2F9AC	8564	32
2F9AD	26F2C	32
2F9AE	455D	32
2F9AF	4561	32
2F9B0	26FB1	32
2F9B1	270D2	32
2F9B2	456B	32
2F9B3	8650	32
2F9B4	865C	32
2F9B5	8667	32
2F9B6	8669	32
2F9B7	86A9	32
2F9B8	8688	32
2F9B9	870E	32
2F9BA	86E2	32
2F9BB	8779	32
2F9BC	8728	32
2F9BD	876B	32
2F9BE	8786	32
2F9BF	45D7	32
2F9C0	87E1	32
2F9C1	8801	32
2F9C2	45F9	32
2F9C3	8860	32
2F9C4	8863	32
2F9C5	27667	32
2F9C6	88D7	32
2F9C7	88DE	32
2F9C8	4635	32
2F9C9	88FA	32
2F9CA	34BB	32
2F9CB	278AE	32
2F9CC	27966	32
2F9CD	46BE	32
2F9CE	46C7	32
2F9CF	8AA0	32
2F9D0	8AED	32
2F9D1	8B8A	32
2F9D2	8C55	32
2F9D3	27CA8	32
2F9D4	8CAB	32
2F9D5	8CC1	32
2F9D6	8D1B	32
2F9D7	8D77	32
2F9D8	27F2F	32
2F9D9	20804	32
2F9DA	8DCB	32
2F9DB	8DBC	32
2F9DC	8DF0	32
2F9DD	208DE	32
2F9DE	8ED4	32
2F9DF	8F38	32
2F9E0	285D2	32
2F9E1	285ED	32
2F9E2	9094	32
2F9E3	90F1	32
2F9E4	9111	32
2F9E5	2872E	32
2F9E6	911B	32
2F9E7	9238	32
2F9E8	92D7	32
2F9E9	92D8	32
2F9EA	927C	32
2F9EB	93F9	32
2F9EC	9415	32
2F9ED	28BFA	32
2F9EE	958B	32
2F9EF	4995	32
2F9F0	95B7	32
2F9F1	28D77	32
2F9F2	49E6	32
2F9F3	96C3	32
2F9F4	5DB2	32
2F9F5	9723	32
2F9F6	29145	32
2F9F7	2921A	32
2F9F8	4A6E	32
2F9F9	4A76	32
2F9FA	97E0	32
2F9FB	2940A	32
2F9FC	4AB2	32
2F9FD	29496	32
2F9FE	980B	32
2F9FF	980B	32
2FA00	9829	32
2FA01	295B6	32
2FA02	98E2	32
2FA03	4B33	32
2FA04	9929	32
2FA05	99A7	32
2FA06	99C2	32
2FA07	99FE	32
2FA08	4BCE	32
2FA09	29B30	32
2FA0A	9B12	32
2FA0B	9C40	32
2FA0C	9CFD	32
2FA0D	4CCE	32
2FA0E	4CED	32
2FA0F	9D67	32
2FA10	2A0CE	32
2FA11	4CF8	32
2FA12	2A105	32
2FA13	2A20E	32
2FA14	2A291	32
2FA15	9EBB	32
2FA16	4D56	32
2FA17	9EF9	32
2FA18	9EFE	32
2FA19	9F05	32
2FA1A	9F0F	32
2FA1B	9F16	32
2FA1C	9F3B	32
2FA1D	2A600	32
